image_file,prompt,clip_t_prompt
candidate_images/01_Portrait_of_a_tiger_wearing_a_train_conductors_hat_and_hold_0_iter001_stream00.png,"A fierce tiger wearing a blue pilot's hat with an emblem, holding a skateboard with a yin-yang symbol design. The tiger has vivid orange and black stripes, with a strong, confident expression. The background should be plain and minimalistic, emphasizing the tiger and skateboard.",0.3619978427886963
candidate_images/01_Portrait_of_a_tiger_wearing_a_train_conductors_hat_and_hold_0_iter001_stream01.png,"An illustrated tiger wearing a pilot's cap, holding a skateboard with a yin-yang symbol, orange and black stripes, fierce expression, minimalistic background",0.34850937128067017
candidate_images/01_Portrait_of_a_tiger_wearing_a_train_conductors_hat_and_hold_0_iter001_stream02.png,"A fierce tiger with striking orange and black stripes, wearing a navy pilot's cap with an emblem. It holds a skateboard, prominently displaying a Yin Yang symbol. The background is a simple, clean white to emphasize the tiger and skateboard.",0.3629817068576813
candidate_images/01_Portrait_of_a_tiger_wearing_a_train_conductors_hat_and_hold_0_iter001_stream03.png,"A vibrant illustrated tiger with vivid orange and black stripes, wearing a blue pilot's cap with an emblem, holding a skateboard featuring a yin-yang symbol. The tiger has intense eyes and expressive fur, showcasing a mix of strength and style.",0.3485034108161926
candidate_images/01_Portrait_of_a_tiger_wearing_a_train_conductors_hat_and_hold_0_iter001_stream04.png,"A fierce tiger with distinct stripes, wearing a blue pilot's cap with a badge. The tiger is holding a skateboard with a yin-yang design. The background is light and simple, highlighting the tiger and the skateboard in the foreground.",0.3490249216556549
candidate_images/01_Portrait_of_a_tiger_wearing_a_train_conductors_hat_and_hold_0_iter001_stream05.png,"A fierce tiger in a blue pilot's cap, standing upright, holding a skateboard with a yin-yang symbol on it. The tiger has orange fur with black stripes, a strong expression. Simple background, emphasizing the tiger and skateboard. Includes Japanese characters in the corner.",0.3198586106300354
candidate_images/01_Portrait_of_a_tiger_wearing_a_train_conductors_hat_and_hold_0_iter002_stream00.png,"A confident tiger wearing a blue pilot's hat with an emblem, holding a black skateboard with a white yin-yang symbol. The tiger has orange and black stripes, a calm and strong expression, standing in a minimalistic plain background that allows the tiger and skateboard to stand out.",0.39185139536857605
candidate_images/01_Portrait_of_a_tiger_wearing_a_train_conductors_hat_and_hold_0_iter002_stream01.png,"An illustrated tiger wearing a blue pilot's cap with wings, holding a skateboard featuring a yin-yang symbol. The tiger has rich orange and black stripes, fierce and confident expression, and a plain white background.",0.3119971454143524
candidate_images/01_Portrait_of_a_tiger_wearing_a_train_conductors_hat_and_hold_0_iter002_stream02.png,"A fierce tiger with vivid orange and black stripes, wearing a blue pilot's hat with an insignia. It holds a skateboard featuring a solid black surface and a prominent white Yin Yang symbol in the center. The background should be a clean, bright white to enhance focus on the tiger and skateboard.",0.3467109799385071
candidate_images/01_Portrait_of_a_tiger_wearing_a_train_conductors_hat_and_hold_0_iter002_stream03.png,"A detailed illustration of a fierce-looking tiger with vivid orange and black stripes, wearing a blue pilot's cap featuring a yellow emblem. The tiger is holding a skateboard prominently displaying a yin-yang symbol. The tiger's eyes are intense and engaging, with defined whiskers and strong facial features, set against a simple white background.",0.3443860113620758
candidate_images/01_Portrait_of_a_tiger_wearing_a_train_conductors_hat_and_hold_0_iter002_stream04.png,"A realistic tiger with bold orange and black stripes, wearing a navy blue pilot's cap with an emblem. The tiger poses confidently, holding a skateboard featuring a black and white yin-yang design. The background is light and minimalistic, ensuring focus on the tiger's fierce expression and the skateboard's detailed design.",0.3473532795906067
candidate_images/01_Portrait_of_a_tiger_wearing_a_train_conductors_hat_and_hold_0_iter002_stream05.png,"A calm and confident tiger wearing a blue pilot's cap, standing upright and holding a skateboard featuring a black and white yin-yang symbol. The tiger has vibrant orange fur with bold black stripes. The background is simple and white, emphasizing the tiger and skateboard, and includes subtle Japanese characters in the corner.",0.36832135915756226
candidate_images/01_Portrait_of_a_tiger_wearing_a_train_conductors_hat_and_hold_0_iter003_stream00.png,"A detailed illustration of a calm and majestic tiger wearing a blue pilot's hat with an emblem, holding a flat black skateboard featuring a white yin-yang symbol. The tiger displays orange and black stripes, with a confident expression. The artwork should have a 2D illustration style on a plain background that enhances the tiger and skateboard.",0.3772211968898773
candidate_images/01_Portrait_of_a_tiger_wearing_a_train_conductors_hat_and_hold_0_iter003_stream01.png,"An illustrated tiger with a blue pilot's cap with a wingless design, holding a black skateboard featuring a white yin-yang symbol. The tiger has distinct orange and black stripes, a fierce gaze, and a plain white background.",0.3482770025730133
candidate_images/01_Portrait_of_a_tiger_wearing_a_train_conductors_hat_and_hold_0_iter003_stream02.png,"A calm and composed tiger with vivid orange and black stripes, wearing a blue pilot's cap with an insignia. It holds a skateboard featuring a solid black surface with a prominent white Yin Yang symbol in the center. The background is a clean, bright white.",0.3316447138786316
candidate_images/01_Portrait_of_a_tiger_wearing_a_train_conductors_hat_and_hold_0_iter003_stream03.png,"A detailed illustration of a majestic tiger with bright orange and black stripes, wearing a blue pilot's cap featuring an identifiable emblem. The tiger holds a skateboarding positioned to showcase a matte finish with a distinctly visible yin-yang symbol. The tiger's eyes are fierce and captivating, with pronounced whiskers, and the background remains simple and minimalistic.",0.32068198919296265
candidate_images/01_Portrait_of_a_tiger_wearing_a_train_conductors_hat_and_hold_0_iter003_stream04.png,"A stylized tiger with vibrant orange and black stripes, wearing a navy blue pilot's cap with a gold emblem. The tiger confidently holds a skateboard featuring a black and white yin-yang design. The background should be very light and simple, enhancing the clean artistic style of the tiger and the skateboard.",0.3848921060562134
candidate_images/01_Portrait_of_a_tiger_wearing_a_train_conductors_hat_and_hold_0_iter003_stream05.png,"A fierce yet calm tiger wearing a classic blue pilot's cap, standing upright and confidently holding a skateboard with a prominent black and white yin-yang symbol. The tiger has vibrant orange fur with distinct black stripes, capturing a strong expression. The background is plain white, highlighting the details of the tiger and skateboard, along with subtle Japanese characters in the corner.",0.3615510165691376
candidate_images/01_Portrait_of_a_tiger_wearing_a_train_conductors_hat_and_hold_0_iter004_stream00.png,"A realistic illustration of a tiger in a pilot's hat with an emblem, holding a flat black skateboard with a white yin-yang symbol. The tiger has distinct orange and black stripes, a confident and calm expression, and the artwork should reflect a traditional 2D illustration style on a plain background, ensuring accuracy in the hat and skateboard design.",0.38561850786209106
candidate_images/01_Portrait_of_a_tiger_wearing_a_train_conductors_hat_and_hold_0_iter004_stream01.png,"An illustrated tiger with a blue pilot's cap (wings not included), holding a black skateboard featuring a prominent white yin-yang symbol. The tiger has vibrant orange and black stripes, a fierce gaze, and a plain white background.",0.34500041604042053
candidate_images/01_Portrait_of_a_tiger_wearing_a_train_conductors_hat_and_hold_0_iter004_stream02.png,"A serious tiger with bright orange and black stripes, wearing a blue pilot's cap with an insignia. It holds a skateboard with a solid black surface featuring a prominent white Yin Yang symbol. The background is clean and bright white, focusing attention on the tiger.",0.339328408241272
candidate_images/01_Portrait_of_a_tiger_wearing_a_train_conductors_hat_and_hold_0_iter004_stream03.png,"A vivid illustration of a strong tiger with bright orange and black stripes, wearing a blue pilot's cap with a prominent insignia. The tiger is holding a skateboard that features a distinct yin-yang symbol, designed in a flat style. The eyes are fierce and focused, with detailed whiskers and a striking expression, set against a simple, light-colored background.",0.3301110863685608
candidate_images/01_Portrait_of_a_tiger_wearing_a_train_conductors_hat_and_hold_0_iter004_stream04.png,"A detailed and realistic tiger with vibrant orange and black stripes, wearing a navy blue pilot's cap with a gold emblem. The tiger holds a skateboard with a black and white yin-yang design. The background should be very light and subtle to enhance the textured appearance of the tiger's fur and the intricacies of the skateboard.",0.32232868671417236
candidate_images/01_Portrait_of_a_tiger_wearing_a_train_conductors_hat_and_hold_0_iter004_stream05.png,"A fierce and confident tiger wearing a blue pilot's cap, clearly holding a skateboard with a prominent black and white yin-yang symbol. The tiger has vibrant orange fur with distinct black stripes, capturing a strong expression that emphasizes its strength. The skateboard is displayed prominently in front. The background is simple and white, highlighting the tiger and skateboard with subtle Japanese characters in the corner.",0.348859041929245
candidate_images/01_Portrait_of_a_tiger_wearing_a_train_conductors_hat_and_hold_0_iter005_stream00.png,"A realistic illustration of a majestic tiger wearing a blue pilot's hat with an emblem, holding a black skateboard featuring a white yin-yang symbol. The tiger displays vivid orange and black stripes, with a confident and calm expression. The artwork should reflect a traditional 2D illustration style on a minimalistic plain background, focusing on accurate details for the hat and skateboard.",0.3804510235786438
candidate_images/01_Portrait_of_a_tiger_wearing_a_train_conductors_hat_and_hold_0_iter005_stream01.png,"An illustrated tiger wearing a blue pilot's cap without goggles, holding a black skateboard featuring a white yin-yang symbol. The tiger has bright orange and black stripes, a fierce expression, and a plain white background.",0.33056941628456116
candidate_images/01_Portrait_of_a_tiger_wearing_a_train_conductors_hat_and_hold_0_iter005_stream02.png,"A serious-looking tiger with bright orange and black stripes, wearing a blue pilot's cap with an insignia. It holds a skateboard with a solid black surface featuring a distinct white Yin Yang symbol in the center. The skateboard should not show any wheels. The background is clean and bright white.",0.3198297619819641
candidate_images/01_Portrait_of_a_tiger_wearing_a_train_conductors_hat_and_hold_0_iter005_stream03.png,"A striking illustration of a confident tiger with vibrant orange and black stripes, wearing a blue pilot's cap adorned with a detailed emblem. The tiger is firmly grasping a skateboard that features a prominent yin-yang symbol on a matte black surface, emphasizing a strong and stylish personality. The tiger's intense gaze showcases strength and determination, set against a clean, light backdrop.",0.3381696939468384
candidate_images/01_Portrait_of_a_tiger_wearing_a_train_conductors_hat_and_hold_0_iter005_stream04.png,"A stylized tiger with bold orange and black stripes, wearing a navy blue pilot's cap with a gold emblem. The tiger holds a skateboard with a black background and a white yin-yang design. Focus on a smooth, clean artistic style with a light, minimal background to enhance the tiger's features and the skateboard's designs.",0.36360830068588257
candidate_images/01_Portrait_of_a_tiger_wearing_a_train_conductors_hat_and_hold_0_iter005_stream05.png,"A fierce tiger with a serious expression, wearing a blue pilot's cap, confidently holding a skateboard featuring a black and white yin-yang symbol. The tiger has rich orange fur with distinct black stripes. The skateboard is held at the forefront, emphasizing its design. The background is plain white, highlighting the details of the tiger and skateboard, with subtle Japanese characters in the corner.",0.3530210256576538
candidate_images/01_Portrait_of_a_tiger_wearing_a_train_conductors_hat_and_hold_0_iter006_stream00.png,"An illustration of a confident tiger wearing a blue pilot's hat with an emblem, holding a black skateboard featuring a white yin-yang symbol. The tiger showcases orange and black stripes, with a strong and calm expression. The artwork should reflect a traditional 2D illustration style on a minimal background, emphasizing accurate details for the hat, while omitting goggles to align with the target image.",0.3601897656917572
candidate_images/01_Portrait_of_a_tiger_wearing_a_train_conductors_hat_and_hold_0_iter006_stream01.png,"An illustrated tiger wearing a blue pilot's cap without goggles, holding a black skateboard that features a prominent white yin-yang symbol. The tiger has vibrant orange and black stripes, a fierce expression, and a plain white background.",0.3527352809906006
candidate_images/01_Portrait_of_a_tiger_wearing_a_train_conductors_hat_and_hold_0_iter006_stream02.png,"A serious-looking tiger with vivid orange and black stripes, wearing a blue pilot's cap with an insignia. It holds a skateboard with a solid black surface featuring a prominent white Yin Yang symbol in the center. The skateboard should not show any wheels. The background is clean and bright white.",0.3327553868293762
candidate_images/01_Portrait_of_a_tiger_wearing_a_train_conductors_hat_and_hold_0_iter006_stream03.png,"A powerful illustration of a determined tiger with vivid orange and black stripes, wearing a blue pilot's cap featuring an emblem. The tiger is confidently holding a skateboard that displays a prominent yin-yang symbol on a flat black surface. The eyes should be sharp and full of intensity, highlighting the tiger's fierce nature, set against a smooth and light background.",0.3417009711265564
candidate_images/01_Portrait_of_a_tiger_wearing_a_train_conductors_hat_and_hold_0_iter006_stream04.png,"A stylized tiger with bold orange and black stripes, wearing a navy blue pilot's cap with a gold emblem. The tiger holds a skateboard featuring a black and white yin-yang design, portrayed with a calm and relaxed expression. The background should be light and minimal to enhance the artistic style and focus on the tiger and skateboard.",0.38586485385894775
candidate_images/01_Portrait_of_a_tiger_wearing_a_train_conductors_hat_and_hold_0_iter006_stream05.png,"A fierce and realistic tiger with a strong expression, wearing a blue pilot's cap, confidently holding a skateboard featuring a distinct black and white yin-yang symbol. The tiger has rich orange fur with distinct black stripes, showcasing a powerful demeanor. The skateboard is prominently held in front. The background is plain white, emphasizing the details of the tiger and skateboard, with subtle Japanese characters in the corner.",0.3567541241645813
candidate_images/01_Portrait_of_a_tiger_wearing_a_train_conductors_hat_and_hold_0_iter007_stream00.png,"An illustration of a strong tiger wearing a blue pilot's hat with an emblem, holding a black skateboard showcasing a white yin-yang symbol. The tiger is depicted with vivid orange and black stripes, exuding a calm and confident demeanor. The artwork should reflect a traditional 2D illustration style with a plain background, ensuring accurate details in the hat and skateboard design.",0.37924525141716003
candidate_images/01_Portrait_of_a_tiger_wearing_a_train_conductors_hat_and_hold_0_iter007_stream01.png,"An illustrated tiger wearing a blue pilot's cap without goggles, holding a black skateboard that prominently displays a white yin-yang symbol. The tiger has vivid orange and black stripes, an intense expression, and a plain white background.",0.352167546749115
candidate_images/01_Portrait_of_a_tiger_wearing_a_train_conductors_hat_and_hold_0_iter007_stream02.png,"A fierce-looking tiger with bright orange and black stripes, wearing a blue pilot's cap with an insignia. The tiger holds a solid black skateboard featuring a prominent white Yin Yang symbol in the center. The skateboard does not display any wheels or unnecessary details. The background is clean and bright white.",0.32488763332366943
candidate_images/01_Portrait_of_a_tiger_wearing_a_train_conductors_hat_and_hold_0_iter007_stream03.png,"A fierce-looking tiger with bright orange and black stripes, wearing a blue pilot's cap featuring a detailed insignia. The tiger is holding a skateboard with a large, prominent yin-yang symbol on a smooth black background. The tiger's gaze is intense, emphasizing strength and confidence, while the whiskers and overall details are well-defined, set against a clean, light backdrop.",0.3211284875869751
candidate_images/01_Portrait_of_a_tiger_wearing_a_train_conductors_hat_and_hold_0_iter007_stream04.png,"A stylized tiger with bold orange and black stripes, confidently wearing a navy blue pilot's cap with a gold emblem. The tiger holds a skateboard with a black and white yin-yang design, exhibiting a strong and assertive expression. The background should remain very light and minimal to enhance the artistic style.",0.3611728847026825
candidate_images/01_Portrait_of_a_tiger_wearing_a_train_conductors_hat_and_hold_0_iter007_stream05.png,"A calm and confident tiger wearing a blue pilot's cap, holding a skateboard prominently with a clear black and white yin-yang symbol. The tiger has vibrant orange fur with distinct black stripes and a strong, composed expression. The skateboard is laid out in front for emphasis. The background is plain white, highlighting the details of the tiger and skateboard, accompanied by subtle Japanese characters in the corner.",0.34403765201568604
candidate_images/01_Portrait_of_a_tiger_wearing_a_train_conductors_hat_and_hold_0_iter008_stream00.png,"An illustration of a confident tiger wearing a blue pilot's hat with an emblem instead of goggles, holding a black skateboard featuring a white yin-yang symbol. The tiger has vibrant orange and black stripes, displaying a calm demeanor. The artwork should reflect a traditional 2D illustration style on a minimal plain background, emphasizing accurate details for both the hat and skateboard designs.",0.3746720254421234
candidate_images/01_Portrait_of_a_tiger_wearing_a_train_conductors_hat_and_hold_0_iter008_stream01.png,"An illustrated tiger wearing a blue pilot's cap without goggles, holding a black skateboard featuring a prominent white yin-yang symbol. The tiger has vivid orange and black stripes, an intense expression, and a plain white background.",0.3328718841075897
candidate_images/01_Portrait_of_a_tiger_wearing_a_train_conductors_hat_and_hold_0_iter008_stream02.png,"A dignified, serious-looking tiger with bright orange and black stripes, wearing a blue pilot's cap with an insignia. The tiger holds a solid black skateboard featuring a prominent white Yin Yang symbol. Ensure the skateboard lacks visible wheels and the expression of the tiger remains serious, avoiding any aggressive features. The background should be clean and bright white.",0.328677237033844
candidate_images/01_Portrait_of_a_tiger_wearing_a_train_conductors_hat_and_hold_0_iter008_stream03.png,"A bold illustration of a strong tiger with bright orange and black stripes, wearing a blue pilot's cap featuring a detailed emblem. The tiger confidently holds a skateboard, showcasing a clear and prominent yin-yang symbol against a matte black surface. The tiger's gaze is intense, accentuating strength and determination, with well-defined features, set against a soft, light background.",0.3315334916114807
candidate_images/01_Portrait_of_a_tiger_wearing_a_train_conductors_hat_and_hold_0_iter008_stream04.png,"A realistic tiger with vibrant orange and black stripes, wearing a navy blue pilot's cap with a gold emblem. The tiger holds a skateboard displaying a black and white yin-yang design, with an assertive yet composed expression. The background should be light and minimal to keep the focus on the detailed features of the tiger and skateboard.",0.37061062455177307
candidate_images/01_Portrait_of_a_tiger_wearing_a_train_conductors_hat_and_hold_0_iter008_stream05.png,"A calm and confident tiger with a strong yet serene expression, wearing a blue pilot's cap, holding a skateboard displaying a prominent black and white yin-yang symbol. The tiger has rich orange fur with distinct black stripes. The skateboard is held centrally in front, with subtle Japanese characters in the corner. The background remains plain white, emphasizing the details of both the tiger and skateboard.",0.3705136775970459
candidate_images/01_Portrait_of_a_tiger_wearing_a_train_conductors_hat_and_hold_0_iter009_stream00.png,"An illustration of a confident tiger wearing a blue pilot's hat with an emblem and no goggles, holding a black skateboard that features a prominent white yin-yang symbol. The tiger is characterized by vivid orange and black stripes, showcasing a strong and calm demeanor. The artwork should reflect a traditional 2D illustration style with a minimalistic background, emphasizing accurate details for the hat and skateboard design.",0.3587940037250519
candidate_images/01_Portrait_of_a_tiger_wearing_a_train_conductors_hat_and_hold_0_iter009_stream01.png,"An illustrated tiger wearing a blue pilot's cap without goggles, holding a black skateboard that prominently displays a white yin-yang symbol. The tiger features striking orange and black stripes, an intense expression, and a plain white background.",0.35998475551605225
candidate_images/01_Portrait_of_a_tiger_wearing_a_train_conductors_hat_and_hold_0_iter009_stream02.png,"A serious-looking tiger with bright orange and black stripes, wearing a blue pilot's cap with an elegant insignia. The tiger holds a solid black skateboard displaying a prominent white Yin Yang symbol. The skateboard should not show any visible components like wheels or trucks, ensuring a clean look. The background is a bright white, adding contrast to the tiger's vivid colors.",0.32910406589508057
candidate_images/01_Portrait_of_a_tiger_wearing_a_train_conductors_hat_and_hold_0_iter009_stream03.png,"A powerful illustration of a fierce tiger with vivid orange and black stripes, wearing a blue pilot's cap with a gold emblem. The tiger proudly holds a skateboard showcasing a clear yin-yang symbol on a matte black surface. The tiger's intense gaze conveys confidence and strength, set against a soft, muted background to enhance focus on the character.",0.34246402978897095
candidate_images/01_Portrait_of_a_tiger_wearing_a_train_conductors_hat_and_hold_0_iter009_stream04.png,"A stylized tiger with vibrant orange and black stripes, confidently wearing a navy blue pilot's cap with a gold emblem. The tiger holds a skateboard featuring a black background and a white yin-yang design, showcasing an assertive yet composed expression. The background should be light and minimal to enhance the artistic style, and the fur texture should appear smooth.",0.3343115448951721
candidate_images/01_Portrait_of_a_tiger_wearing_a_train_conductors_hat_and_hold_0_iter009_stream05.png,"A calm and confident tiger with a serene expression, wearing a blue pilot's cap, holding a skateboard prominently displaying a clear black and white yin-yang symbol. The tiger has rich orange fur with defined black stripes. The skateboard is centered in front, ensuring visibility for its design. The background is plain white, emphasizing the details of both the tiger and skateboard, complemented by subtle Japanese characters in the corner.",0.3572377860546112
candidate_images/01_Portrait_of_a_tiger_wearing_a_train_conductors_hat_and_hold_0_iter010_stream00.png,"An illustration of a strong tiger wearing a blue pilot's hat with an emblem, holding a black skateboard that features a white yin-yang symbol. The tiger has vibrant orange and black stripes, exuding a calm and confident demeanor. The artwork should reflect a traditional 2D illustration style with a plain background, ensuring accurate details for the hat and skateboard design without any goggles.",0.38584595918655396
candidate_images/01_Portrait_of_a_tiger_wearing_a_train_conductors_hat_and_hold_0_iter010_stream01.png,"An illustrated tiger wearing a blue pilot's cap without goggles, holding a black skateboard that prominently displays a white yin-yang symbol. The tiger features vivid orange and black stripes, an intense expression, and a plain white background.",0.35911136865615845
candidate_images/01_Portrait_of_a_tiger_wearing_a_train_conductors_hat_and_hold_0_iter010_stream02.png,"A composed tiger with bright orange and black stripes, wearing a blue pilot's cap featuring an elegant insignia. The tiger holds a solid black skateboard with a large white Yin Yang symbol, ensuring no visible trucks or wheels. The expression should convey calm and authority, and the background is a clean, bright white.",0.32783201336860657
candidate_images/01_Portrait_of_a_tiger_wearing_a_train_conductors_hat_and_hold_0_iter010_stream03.png,"A confident-looking tiger with bright orange and black stripes, wearing a blue pilot's cap featuring a gold emblem. The tiger holds a skateboard prominently displaying a large yin-yang symbol on a black surface. Its expression should exude confidence rather than aggression, with intense but calm eyes, emphasizing power and poise, set against a smooth and light neutral background.",0.3413601219654083
candidate_images/01_Portrait_of_a_tiger_wearing_a_train_conductors_hat_and_hold_0_iter010_stream04.png,"A realistic tiger with bright orange and black stripes, confidently wearing a navy blue pilot's cap with a gold emblem. The tiger holds a skateboard featuring a black background with a white yin-yang design, showing a calm and composed expression. The background should remain light and minimal, emphasizing the detailed texture of the tiger's fur and maintaining a balanced artistic style.",0.34922313690185547
candidate_images/01_Portrait_of_a_tiger_wearing_a_train_conductors_hat_and_hold_0_iter010_stream05.png,"A calm and confident tiger with a serene expression, wearing a blue pilot's cap (without goggles), holding a skateboard prominently displaying a clear black and white yin-yang symbol. The tiger has rich orange fur with distinct black stripes. The skateboard is centered in front. The background is plain white, emphasizing the details of both the tiger and skateboard, accompanied by subtle Japanese characters in the corner.",0.38642191886901855
candidate_images/02_Portrait_of_a_tiger_wearing_a_train_conductors_hat_and_hold_0_iter001_stream00.png,"A monochrome illustration of a tiger wearing a pilot's cap and a formal shirt with a tie, holding a skateboard with a yin-yang symbol. Detailed line art, serious expression, high contrast between fur and clothing.",0.4006345868110657
candidate_images/02_Portrait_of_a_tiger_wearing_a_train_conductors_hat_and_hold_0_iter001_stream01.png,"A detailed illustration of a serious tiger's head wearing a pilot's cap, dressed in a button-up shirt with a tie. The tiger is holding a black skateboard featuring a yin-yang symbol. Monochromatic color scheme with shades of black and white.",0.3500385284423828
candidate_images/02_Portrait_of_a_tiger_wearing_a_train_conductors_hat_and_hold_0_iter001_stream02.png,"A detailed illustration of a tiger dressed in a pilot's uniform, wearing a pilot's cap. The tiger has striking features, with bold stripes and a serious expression. It holds a skateboard featuring a yin-yang symbol. The artwork is done in monochromatic shades, with clear outlines and textures to represent fur and clothing.",0.3538658618927002
candidate_images/02_Portrait_of_a_tiger_wearing_a_train_conductors_hat_and_hold_0_iter001_stream03.png,"A detailed illustration of a tiger wearing a pilot's cap and uniform, holding a skateboard with a yin-yang symbol. The tiger has a fierce expression, monochrome color scheme, detailed fur patterns, and is set against a plain background.",0.39248907566070557
candidate_images/02_Portrait_of_a_tiger_wearing_a_train_conductors_hat_and_hold_0_iter001_stream04.png,"A monochrome illustration of a tiger in a pilot uniform with a captain's hat, confidently holding a skateboard. The skateboard features a yin-yang symbol. Emphasize the intricate details of the tiger's face, the uniform with stripes, and the contrast of black and white throughout the image.",0.40136799216270447
candidate_images/02_Portrait_of_a_tiger_wearing_a_train_conductors_hat_and_hold_0_iter001_stream05.png,"A strong tiger in a pilot's cap and uniform, holding a skateboard with a yin-yang symbol, black and white artwork, emphasizing strength and authority, detailed fur and uniform, shading effects.",0.35387617349624634
candidate_images/02_Portrait_of_a_tiger_wearing_a_train_conductors_hat_and_hold_0_iter002_stream00.png,"An illustration of a tiger in a pilot's cap, with a serious expression, wearing a formal shirt and tie, holding a skateboard featuring a yin-yang symbol. The artwork is in a monochrome style with soft shading, detailed stripes on the tiger, and emphasizing the pilot's cap.",0.37061238288879395
candidate_images/02_Portrait_of_a_tiger_wearing_a_train_conductors_hat_and_hold_0_iter002_stream01.png,"A detailed illustration of a serious tiger's head wearing a pilot's cap (not goggles), dressed in a button-up shirt with a tie. The tiger is holding a black skateboard featuring a yin-yang symbol. The background is simple and light, with a monochromatic color scheme of black and white.",0.37971600890159607
candidate_images/02_Portrait_of_a_tiger_wearing_a_train_conductors_hat_and_hold_0_iter002_stream02.png,"An illustration of a tiger in a pilot's uniform, wearing a pilot's cap and a neat shirt, emphasizing bold stripes and a fierce expression. The tiger holds a skateboard with a clear yin-yang symbol, with a monochromatic color scheme and expressive detailing. The background is a light neutral tone to contrast the detailed black and white illustration of the tiger and skateboard.",0.3100022077560425
candidate_images/02_Portrait_of_a_tiger_wearing_a_train_conductors_hat_and_hold_0_iter002_stream03.png,"A monochrome illustration of a tiger dressed as a pilot, featuring a pilot's cap with insignia, a white shirt, and a black tie. The tiger holds a skateboard displaying a yin-yang symbol. The image should have a serious expression, with detailed fur and striped patterns, set against a light background.",0.36317843198776245
candidate_images/02_Portrait_of_a_tiger_wearing_a_train_conductors_hat_and_hold_0_iter002_stream04.png,"A monochrome illustration of a tiger in a pilot uniform with a captain's hat, holding a skateboard featuring a yin-yang symbol. The uniform should have clear insignia details, black and white stripes on the sleeves, a confident expression, and a simple light background to enhance focus on the character.",0.34976738691329956
candidate_images/02_Portrait_of_a_tiger_wearing_a_train_conductors_hat_and_hold_0_iter002_stream05.png,"A majestic tiger in a pilot's cap without goggles, wearing a simplified uniform, holding a skateboard with a prominent yin-yang symbol, black and white illustration style, emphasizing strength and authority, smooth shading details.",0.3828551173210144
candidate_images/02_Portrait_of_a_tiger_wearing_a_train_conductors_hat_and_hold_0_iter003_stream00.png,"A monochrome artwork of a tiger with a pilot's cap and serious expression, wearing a formal button-up shirt and tie, holding a skateboard with a yin-yang symbol. Focus on intricate shading, realistic textures, and the cap should be prominent, with no goggles present.",0.3972994387149811
candidate_images/02_Portrait_of_a_tiger_wearing_a_train_conductors_hat_and_hold_0_iter003_stream01.png,"A detailed illustration of a serious tiger's head wearing a pilot's cap, not goggles, dressed in a light-colored button-up shirt with a tie. The tiger is confidently holding a black skateboard featuring a yin-yang symbol. The background should be simple and light to match the target image, with a monochromatic color scheme of soft shades.",0.37524744868278503
candidate_images/02_Portrait_of_a_tiger_wearing_a_train_conductors_hat_and_hold_0_iter003_stream02.png,"A striking illustration of a tiger in a pilot's uniform, featuring a distinctive pilot's cap with insignia, a proper shirt with stripes on the arms, and a fierce expression. The tiger holds a skateboard with a prominent yin-yang symbol, ensuring the color scheme is monochromatic with strong contrasts. The background should be a neutral light tone to highlight the details of the tiger and skateboard.",0.3560450077056885
candidate_images/02_Portrait_of_a_tiger_wearing_a_train_conductors_hat_and_hold_0_iter003_stream03.png,"A monochromatic illustration of a fierce tiger in a traditional pilot's uniform, featuring a pilot's cap with emblem, a classic white shirt, and a black tie. The tiger holds a skateboard with a yin-yang symbol, showcasing detailed fur and distinct stripes. The background should be light to enhance the monochrome contrast in the illustration.",0.37079277634620667
candidate_images/02_Portrait_of_a_tiger_wearing_a_train_conductors_hat_and_hold_0_iter003_stream04.png,"A monochrome illustration of a tiger in a pilot uniform with a captain's hat holding a skateboard casually. The skateboard features a yin-yang symbol. Ensure the tiger has a serious expression, arms relaxed, maintaining the traditional pilot look with clear insignia details on the uniform, and use a simple light background.",0.37184303998947144
candidate_images/02_Portrait_of_a_tiger_wearing_a_train_conductors_hat_and_hold_0_iter003_stream05.png,"A powerful tiger in a pilot's cap without goggles, wearing a plain pilot uniform, holding a skateboard with a yin-yang symbol, black and white illustration, light background, emphasizing strength and authority, simple shading details.",0.3620328903198242
candidate_images/02_Portrait_of_a_tiger_wearing_a_train_conductors_hat_and_hold_0_iter004_stream00.png,"A monochrome drawing of a tiger in a pilot's cap, serious expression, wearing a detailed formal button-up shirt with a tie, gripping a skateboard with a yin-yang symbol. Focus on intricate shading, contrast in the textures, and clear definitions of stripes on the tiger's fur to match the original art style.",0.37942755222320557
candidate_images/02_Portrait_of_a_tiger_wearing_a_train_conductors_hat_and_hold_0_iter004_stream01.png,"A detailed illustration of a serious tiger's head wearing a pilot's cap, dressed in a light-colored button-up shirt with a proper collar and tie. The tiger is holding a black skateboard featuring a yin-yang symbol. The background is very light and simple, with a monochromatic black and white color scheme.",0.36814194917678833
candidate_images/02_Portrait_of_a_tiger_wearing_a_train_conductors_hat_and_hold_0_iter004_stream02.png,"A stylized illustration of a tiger in a classic pilot's uniform, featuring a distinctive pilot's cap with a unique insignia and a neatly pressed shirt. The tiger exudes confidence with a strong expression, holding a skateboard adorned with a bold yin-yang symbol, ensuring the colors are monochromatic with clear and soft contrasts. The background should be a light shade to highlight the monochrome illustration and enhance details.",0.31093376874923706
candidate_images/02_Portrait_of_a_tiger_wearing_a_train_conductors_hat_and_hold_0_iter004_stream03.png,"An illustration of a composed tiger dressed as a traditional pilot, with a pilot's cap featuring an emblem, a classic white shirt, and a black tie. The tiger holds a skateboard with a yin-yang symbol, positioned neutrally. The illustration is in monochrome, emphasizing detailed fur and stripes, along with a light background to enhance contrast.",0.3559286594390869
candidate_images/02_Portrait_of_a_tiger_wearing_a_train_conductors_hat_and_hold_0_iter004_stream04.png,"A monochrome illustration of a tiger in a traditional pilot uniform, complete with a captain's hat, holding a skateboard in a relaxed manner. The skateboard features a prominent yin-yang symbol. The tiger should exude confidence with a strong expression, and the pilot's uniform should have clear insignia details and stripes, against a simple light background.",0.36474114656448364
candidate_images/02_Portrait_of_a_tiger_wearing_a_train_conductors_hat_and_hold_0_iter004_stream05.png,"A fierce tiger wearing a pilot's cap without goggles, dressed in a classic pilot uniform, holding a skateboard with a distinct yin-yang symbol, black and white illustration style, with a light background, showcasing authority and strength, smooth shading.",0.37372368574142456
candidate_images/02_Portrait_of_a_tiger_wearing_a_train_conductors_hat_and_hold_0_iter005_stream00.png,"A monochrome illustration of a tiger in a pilot's cap, with a serious expression, dressed in a formal button-up shirt and tie, holding a skateboard with a yin-yang symbol. Ensure clear shading and texture distinctions, with no goggles or extra elements like a tail present.",0.39264151453971863
candidate_images/02_Portrait_of_a_tiger_wearing_a_train_conductors_hat_and_hold_0_iter005_stream01.png,"A detailed illustration of a serious tiger's head wearing a specific pilot's cap, not goggles, dressed in a properly buttoned-up light-colored shirt with a tie. The tiger is confidently holding a black skateboard with a yin-yang symbol. The background should be very light and simple to match the target image, with a monochromatic color scheme of soft black and white.",0.37975677847862244
candidate_images/02_Portrait_of_a_tiger_wearing_a_train_conductors_hat_and_hold_0_iter005_stream02.png,"An illustration of a tiger in a traditional pilot's uniform, wearing a unique pilot's cap with specific insignia, with no visible tail. The tiger holds a skateboard prominently displaying a yin-yang symbol. The image should be in monochrome with strong contrasts, emphasizing the striped patterns of the tiger and the detailing on the pilot's shirt and cap, against a light background to enhance visibility.",0.3601687550544739
candidate_images/02_Portrait_of_a_tiger_wearing_a_train_conductors_hat_and_hold_0_iter005_stream03.png,"A monochromatic illustration of a tiger dressed in a traditional pilot's uniform, featuring a pilot's cap with insignia, a classic white shirt, and a black tie. The tiger holds a skateboard with a yin-yang symbol, with a serious and composed expression. Ensure detailed fur and stripes, against a light background to emphasize the monochrome style.",0.377052903175354
candidate_images/02_Portrait_of_a_tiger_wearing_a_train_conductors_hat_and_hold_0_iter005_stream04.png,"A monochrome illustration of a tiger in a pilot uniform with a captain's hat standing confidently and holding a skateboard prominently featuring a yin-yang symbol. The tiger should have a strong expression with clearly defined facial features, and the pilot's uniform should have distinct insignia. Ensure the background is light and simple to enhance focus on the character.",0.37170591950416565
candidate_images/02_Portrait_of_a_tiger_wearing_a_train_conductors_hat_and_hold_0_iter005_stream05.png,"A strong tiger wearing a pilot's cap with no goggles, dressed in a standard pilot uniform, holding a skateboard featuring a simple yin-yang symbol, black and white illustration style, light background, emphasizing authority and strength, smooth shading.",0.3931056261062622
candidate_images/02_Portrait_of_a_tiger_wearing_a_train_conductors_hat_and_hold_0_iter006_stream00.png,"A monochrome illustration of a tiger wearing a pilot's cap, with a serious expression. The tiger is dressed in a formal pilot's shirt and tie, holding a skateboard with a yin-yang symbol. Eliminate any goggles or non-pilot attire, focus on refined shading for texture, and ensure the tiger's pose is fittingly formal.",0.39945197105407715
candidate_images/02_Portrait_of_a_tiger_wearing_a_train_conductors_hat_and_hold_0_iter006_stream01.png,"A detailed illustration of a serious tiger's head wearing a pilot's cap, not goggles or a beanie, dressed in a buttoned-up light-colored shirt with a sharp collar and a tie. The tiger is confidently holding a black skateboard featuring a yin-yang symbol. The background should be very light and simple, enhancing the monochromatic black and white color scheme.",0.3990991711616516
candidate_images/02_Portrait_of_a_tiger_wearing_a_train_conductors_hat_and_hold_0_iter006_stream02.png,"An illustration of a tiger in a pilot's uniform, detailed with a standard pilot's cap featuring an insignia, a neatly pressed white shirt, and no visible tail. The tiger has a confident expression and holds a black skateboard with a prominent yin-yang symbol. The image should utilize a monochromatic palette with strong contrast, emphasizing the strips of the tiger and detailing on the uniform against a light background.",0.32025182247161865
candidate_images/02_Portrait_of_a_tiger_wearing_a_train_conductors_hat_and_hold_0_iter006_stream03.png,"A monochromatic illustration of a tiger dressed in a traditional pilot's uniform, featuring a pilot's cap with emblem, a classic white shirt, and a black tie. The tiger holds a skateboard with a yin-yang symbol, with a calm and relaxed expression. Ensure detailed fur and stripes, and emphasize the uniform's collar against a light background to enhance contrast.",0.38167575001716614
candidate_images/02_Portrait_of_a_tiger_wearing_a_train_conductors_hat_and_hold_0_iter006_stream04.png,"A monochrome illustration of a tiger in a detailed pilot uniform complete with a captain's hat, holding a skateboard featuring a bold yin-yang symbol in a relaxed manner. The tiger should display a strong, confident expression, and the uniform must include distinct insignia details. The background should remain simple and light to focus on the character.",0.3612210750579834
candidate_images/02_Portrait_of_a_tiger_wearing_a_train_conductors_hat_and_hold_0_iter006_stream05.png,"A strong tiger wearing a pilot's cap with no goggles, dressed in a classic pilot uniform, holding a skateboard with a distinct yin-yang symbol, black and white illustration style, light background, emphasizing authority and strength, detailed shading.",0.37725451588630676
candidate_images/02_Portrait_of_a_tiger_wearing_a_train_conductors_hat_and_hold_0_iter007_stream00.png,"A monochrome illustration of a tiger wearing a pilot's cap without goggles, serious expression, in a formal pilot's shirt with a tie. The shirt should have a classic pilot insignia, holding a skateboard with a yin-yang symbol. Focus on intricate shading and textures to match the original art style accurately.",0.38930511474609375
candidate_images/02_Portrait_of_a_tiger_wearing_a_train_conductors_hat_and_hold_0_iter007_stream01.png,"A detailed illustration of a serious tiger's head wearing a classic pilot's cap, not goggles or a beanie, dressed in a buttoned-up light-colored shirt with a sharp collar and tie. The tiger is confidently holding a black skateboard featuring a yin-yang symbol. The background should be very light and simple, enhancing the monochromatic black and white styling.",0.3653496503829956
candidate_images/02_Portrait_of_a_tiger_wearing_a_train_conductors_hat_and_hold_0_iter007_stream02.png,"An illustration of a tiger in a classic pilot's uniform, emphasizing a detailed pilot's cap with a specific insignia, wearing a plain white shirt without a visible tail. The tiger holds a skateboard prominently displaying a clear yin-yang symbol. The image should maintain a monochrome style with high contrast, focusing on the tiger's expression and the features of the pilot's uniform, against a light background to ensure all details are highlighted.",0.3323917090892792
candidate_images/02_Portrait_of_a_tiger_wearing_a_train_conductors_hat_and_hold_0_iter007_stream03.png,"A monochromatic illustration of a calm tiger in a traditional pilot's uniform, featuring a pilot's cap with emblem, a crisp white shirt, and a black tie. The tiger holds a skateboard adorned with a yin-yang symbol, displaying a neutral expression. Focus on detailed fur and stripes, and ensure the collar design reflects the traditional pilot style against a light background.",0.3785390257835388
candidate_images/02_Portrait_of_a_tiger_wearing_a_train_conductors_hat_and_hold_0_iter007_stream04.png,"A monochrome illustration of a tiger in a classic pilot uniform with a captain's hat, holding a skateboard prominently featuring a yin-yang symbol. The tiger should be striking a confident, relaxed pose with a strong expression, and the pilot's uniform must display precise insignia details. Keep the background simple and light for better focus on the character.",0.36054933071136475
candidate_images/02_Portrait_of_a_tiger_wearing_a_train_conductors_hat_and_hold_0_iter007_stream05.png,"A fierce tiger wearing a pilot's cap without goggles, dressed in a classic pilot uniform, holding a skateboard with a clear yin-yang symbol, black and white illustration style, light background, emphasizing authority and strength, detailed shading.",0.3725573420524597
candidate_images/02_Portrait_of_a_tiger_wearing_a_train_conductors_hat_and_hold_0_iter008_stream00.png,"A monochrome illustration of a tiger wearing a pilot's cap, serious expression, dressed in a formal pilot's shirt with a tie and correct insignia, holding a skateboard with a yin-yang symbol. Ensure no goggles are present, and focus on detailed shading and textures to match the art style of the original image.",0.37604820728302
candidate_images/02_Portrait_of_a_tiger_wearing_a_train_conductors_hat_and_hold_0_iter008_stream01.png,"A detailed illustration of a serious tiger's head wearing a classic pilot's cap, avoiding goggles or beanies, dressed in a neatly buttoned-up light-colored shirt with a precise collar and a tie. The tiger confidently holds a black skateboard featuring a yin-yang symbol. The background should be very light and simple, enhancing a monochromatic black and white styling while showcasing the tiger's full pose.",0.3754829466342926
candidate_images/02_Portrait_of_a_tiger_wearing_a_train_conductors_hat_and_hold_0_iter008_stream02.png,"An illustration of a tiger in a pilot's uniform, featuring a detailed pilot's cap with a specific insignia, wearing a plain white shirt without a visible tail. The tiger confidently holds a skateboard with a yin-yang symbol, positioned prominently. The image should be monochromatic with high contrast, emphasizing clear details on the pilot's uniform and expression, against a light background to highlight the overall composition.",0.33930081129074097
candidate_images/02_Portrait_of_a_tiger_wearing_a_train_conductors_hat_and_hold_0_iter008_stream03.png,"A monochromatic illustration of a composed tiger in a traditional pilot's uniform, featuring a pilot's cap with emblem, a classic white shirt, and a black tie. The tiger holds a skateboard with a yin-yang symbol, displaying a neutral and calm expression. Emphasize detailed fur and stripes, and refine the collar design to ensure it reflects a traditional pilot style against a light background.",0.3362221121788025
candidate_images/02_Portrait_of_a_tiger_wearing_a_train_conductors_hat_and_hold_0_iter008_stream04.png,"A monochrome illustration of a tiger in an authentic pilot uniform with a captain's hat, confidently holding a skateboard featuring a yin-yang symbol. The tiger should display a strong, relaxed expression, with the uniform accurately adorned with distinct insignia and details. Maintain a simple, light background to keep the focus on the character.",0.3527372479438782
candidate_images/02_Portrait_of_a_tiger_wearing_a_train_conductors_hat_and_hold_0_iter008_stream05.png,"A fierce tiger wearing a pilot's cap with no goggles, dressed in a classic pilot uniform, holding a skateboard with a distinct yin-yang symbol, black and white illustration style, light background, emphasizing authority and strength, with smooth shading.",0.3691502511501312
candidate_images/01_Portrait_of_a_tiger_wearing_a_train_conductors_hat_and_hold_0_iter001_stream00.png,"A tiger with orange and black stripes, wearing a navy blue pilot cap, holding a skateboard with a yin-yang symbol. The style is soft and artistic, resembling traditional Asian art.",0.3512302041053772
candidate_images/01_Portrait_of_a_tiger_wearing_a_train_conductors_hat_and_hold_0_iter001_stream01.png,"A large tiger with orange and black stripes, wearing a navy blue pilot's cap, holding a skateboard with a yin-yang design in black and white. Minimalistic light-colored background.",0.35745304822921753
candidate_images/01_Portrait_of_a_tiger_wearing_a_train_conductors_hat_and_hold_0_iter001_stream02.png,"A detailed illustration of a tiger with striking orange fur and black stripes, wearing a navy blue pilot's cap adorned with wings. The tiger is confidently holding a skateboard featuring a prominent yin-yang symbol on its deck, with the skateboard's wheels visible. The background is plain and light to emphasize the tiger's features.",0.3512831926345825
candidate_images/01_Portrait_of_a_tiger_wearing_a_train_conductors_hat_and_hold_0_iter001_stream03.png,"A detailed illustration of a tiger wearing a pilot's cap, holding a skateboard with a yin-yang design. The art style is Asian traditional, emphasizing bold lines and minimal colors. The tiger has striking orange and black stripes, with piercing eyes, posing confidently.",0.3698641061782837
candidate_images/01_Portrait_of_a_tiger_wearing_a_train_conductors_hat_and_hold_0_iter001_stream04.png,"A fierce tiger with distinct stripes, wearing a blue pilot's cap with a badge, holding a black skateboard featuring a yin-yang symbol. The artwork is stylized and has an Asian art influence with bold lines and vivid colors.",0.3548893928527832
candidate_images/01_Portrait_of_a_tiger_wearing_a_train_conductors_hat_and_hold_0_iter001_stream05.png,"A detailed artistic painting of a tiger wearing a blue pilot's cap with an emblem, holding a skateboard with a yin-yang symbol, against a plain white background. The tiger has striking facial features, with bold fur patterns and a confident expression.",0.36230751872062683
candidate_images/02_Portrait_of_a_tiger_wearing_a_train_conductors_hat_and_hold_0_iter009_stream00.png,"A monochrome illustration of a tiger in a pilot's cap, serious expression, dressed in a formal pilot's shirt with a tie, featuring the correct pilot insignia. The tiger is holding a skateboard with a yin-yang symbol. No goggles should be present, and focus on achieving detailed shading and textures to closely match the original artwork style.",0.39151427149772644
candidate_images/02_Portrait_of_a_tiger_wearing_a_train_conductors_hat_and_hold_0_iter009_stream01.png,"A detailed illustration of a serious tiger's head wearing a vintage pilot's cap, strictly avoiding goggles or beanies. The tiger is dressed in a neatly buttoned-up, light-colored shirt with a precise collar and a tie. The tiger confidently holds a black skateboard featuring a yin-yang symbol, with the skateboard centered prominently in the image. The background must be very light and simple, adhering to a monochromatic black and white style.",0.36522287130355835
candidate_images/02_Portrait_of_a_tiger_wearing_a_train_conductors_hat_and_hold_0_iter009_stream02.png,"An illustration of a tiger in a classic pilot's uniform, specifically featuring a pilot's cap with a unique insignia and a standard pilot's white shirt. The tiger should be holding a skateboard that prominently displays a traditional yin-yang symbol. The image must be in a monochrome style, emphasizing clear details on the tiger's stripes and expression, with a light background that enhances the focus on the uniform and skateboard without any additional elements.",0.32164859771728516
candidate_images/02_Portrait_of_a_tiger_wearing_a_train_conductors_hat_and_hold_0_iter009_stream03.png,"A monochromatic illustration of a calm tiger in a traditional pilot's uniform, featuring a pilot's cap with emblem, a classic white shirt, and a black tie. The tiger holds a skateboard with a yin-yang symbol, displaying a neutral expression. Ensure detailed fur and stripes without including a tail, and focus on refining the collar design to match the target style against a light background.",0.36370086669921875
candidate_images/02_Portrait_of_a_tiger_wearing_a_train_conductors_hat_and_hold_0_iter009_stream04.png,"A monochrome illustration of a tiger in a detailed pilot uniform holding a skateboard with a prominent yin-yang symbol. The tiger should display a confident yet relaxed expression, with accurate insignia on the pilot uniform, including a captain's hat. Ensure the background is light and simple to maintain focus on the character.",0.372281551361084
candidate_images/02_Portrait_of_a_tiger_wearing_a_train_conductors_hat_and_hold_0_iter009_stream05.png,"A powerful tiger wearing a pilot's cap with no goggles, dressed in a classic pilot uniform, holding a skateboard with a clear yin-yang symbol, black and white illustration, light background, emphasizing strength and authority, detailed shading.",0.3844033479690552
candidate_images/01_Portrait_of_a_tiger_wearing_a_train_conductors_hat_and_hold_0_iter002_stream00.png,"A tiger with orange and black stripes, wearing a navy blue pilot cap with an emblem, holding a skateboard featuring a white and black yin-yang symbol. The style is soft and artistic, resembling traditional Asian art, with a light beige background.",0.3829540014266968
candidate_images/01_Portrait_of_a_tiger_wearing_a_train_conductors_hat_and_hold_0_iter002_stream01.png,"An upright tiger with orange and black stripes, wearing a detailed navy blue pilot's cap with insignia, holding a skateboard with a bold yin-yang symbol. The expression is serious and focused, against a minimalistic light background.",0.3135662078857422
candidate_images/01_Portrait_of_a_tiger_wearing_a_train_conductors_hat_and_hold_0_iter002_stream02.png,"A detailed illustration of a tiger with rich orange fur and distinct black stripes, wearing a navy blue pilot's cap with wings, no goggles. The tiger is confidently holding a skateboard featuring a bold black and white yin-yang symbol, with visible skateboard wheels. The background should be plain and light to enhance the tiger's features.",0.3512342572212219
candidate_images/01_Portrait_of_a_tiger_wearing_a_train_conductors_hat_and_hold_0_iter002_stream03.png,"Illustration of a fierce tiger wearing a pilot's cap, holding a skateboard with a prominent yin-yang design. The tiger has bold orange and black stripes and a confident expression, with intricate details in the stripes. The art style is reminiscent of traditional Asian paintings, focusing on clear lines and minimal color variations.",0.363724023103714
candidate_images/01_Portrait_of_a_tiger_wearing_a_train_conductors_hat_and_hold_0_iter002_stream04.png,"A realistic tiger with distinct stripes, wearing a detailed blue pilot's cap with an emblem. The tiger holds a black skateboard featuring a yin-yang symbol. The background should be light and minimalistic, capturing an artistic style reminiscent of traditional Asian art, with a focus on vivid colors and sharp details.",0.3747660219669342
candidate_images/01_Portrait_of_a_tiger_wearing_a_train_conductors_hat_and_hold_0_iter002_stream05.png,"An artistic painting of a tiger in a blue pilot's cap with an emblem, confidently holding a skateboard, featuring a prominent yin-yang symbol with black and white halves. The background is simple white, accentuating the colorful, detailed expression of the tiger with vibrant fur patterns. Ensure the skateboard has light-colored wheels and adopts more of a stylized, illustrated appearance to match the artistic essence of the image.",0.38525354862213135
candidate_images/02_Portrait_of_a_tiger_wearing_a_train_conductors_hat_and_hold_0_iter010_stream00.png,"A monochrome illustration of a tiger wearing a pilot's cap, without goggles, presenting a serious expression. The tiger is dressed in a formal pilot's shirt with a tie, featuring the correct pilot insignia. It holds a skateboard with a yin-yang symbol. Focus on detailed shading, textures, and ensuring the exact style to closely match the original artwork.",0.397629976272583
candidate_images/02_Portrait_of_a_tiger_wearing_a_train_conductors_hat_and_hold_0_iter010_stream01.png,"A detailed illustration of a serious tiger's head wearing a traditional pilot's cap, explicitly avoiding goggles or alternative headgear. The tiger should be dressed in a sharp, neatly buttoned-up light-colored shirt with an emphasis on collar details and a tie. It confidently holds a black skateboard featuring a yin-yang symbol, positioned prominently in a way that enhances the tiger's posture. The background needs to be very light and simple, complementing the monochromatic black and white aesthetic.",0.37047696113586426
candidate_images/02_Portrait_of_a_tiger_wearing_a_train_conductors_hat_and_hold_0_iter010_stream02.png,"An illustration of a tiger wearing a traditional pilot's uniform, featuring a pilot's cap with a specific unique insignia, a neatly pressed white shirt, and no visible tail. The tiger holds a skateboard prominently displaying a simple yin-yang symbol. The image should emphasize a monochromatic palette with high contrast, focusing on the details of the tiger's features and uniform, against a light background to highlight all elements clearly.",0.3598862886428833
candidate_images/02_Portrait_of_a_tiger_wearing_a_train_conductors_hat_and_hold_0_iter010_stream03.png,"A monochromatic illustration of a friendly tiger in a traditional pilot's uniform, featuring a pilot's cap with emblem, a crisp white shirt, and a black tie. The tiger holds a skateboard with a yin-yang symbol, displaying a neutral yet friendly expression. Focus on detailed fur patterns and stripes, refine the collar design to align with the target image, and exclude any tail from the composition, set against a light background.",0.378770112991333
candidate_images/02_Portrait_of_a_tiger_wearing_a_train_conductors_hat_and_hold_0_iter010_stream04.png,"A monochrome illustration of a tiger in a precise pilot uniform with a captain's hat, confidently holding a skateboard horizontally featuring a clear yin-yang symbol. The tiger should display a strong, relaxed expression, with the uniform adorned with accurate insignia details. Keep the background light and simple to emphasize the character.",0.3710326850414276
candidate_images/02_Portrait_of_a_tiger_wearing_a_train_conductors_hat_and_hold_0_iter010_stream05.png,"A strong tiger wearing a pilot's cap without goggles, dressed in a classic pilot uniform, holding a skateboard with a clear yin-yang symbol, black and white illustration style, light background, emphasizing authority and strength, with detailed shading.",0.38269466161727905
candidate_images/01_Portrait_of_a_tiger_wearing_a_train_conductors_hat_and_hold_0_iter003_stream00.png,"A tiger with orange and black stripes, wearing a navy blue pilot cap with an emblem, confidently holding a black skateboard featuring a white and black yin-yang symbol. The style is soft and artistic, resembling traditional Asian art, with a light beige background.",0.3666388988494873
candidate_images/01_Portrait_of_a_tiger_wearing_a_train_conductors_hat_and_hold_0_iter003_stream01.png,"An illustrated tiger with orange and black stripes, wearing a detailed pilot's cap, gripping a skateboard that features a bold yin-yang symbol. The tiger has a serious and expressive face, against a simple light background, maintaining an artistic and stylized appearance.",0.3424258232116699
candidate_images/01_Portrait_of_a_tiger_wearing_a_train_conductors_hat_and_hold_0_iter003_stream02.png,"A detailed illustration of a tiger with bold orange fur and distinctive black stripes, wearing a navy blue pilot's cap with wings, no goggles or additional accessories. The tiger is confidently holding a skateboard featuring a simple black and white yin-yang symbol, with visible skateboard wheels. The background remains plain and light to highlight the tiger's features.",0.3484380841255188
candidate_images/01_Portrait_of_a_tiger_wearing_a_train_conductors_hat_and_hold_0_iter003_stream03.png,"An illustration of a tiger confidently wearing a pilot's cap, holding a skateboard featuring a yin-yang symbol. The tiger should have vivid orange and black stripes, a fierce expression, and intricate detailing in its fur. The artwork is in a style inspired by traditional Asian art, showcasing bold lines and minimal use of color.",0.35295045375823975
candidate_images/01_Portrait_of_a_tiger_wearing_a_train_conductors_hat_and_hold_0_iter003_stream04.png,"A fierce and realistic tiger with distinct stripes, wearing a blue pilot's cap with gold details and goggles. The tiger firmly holds a black skateboard featuring a centered yin-yang symbol. The background is light and minimalist, showcasing the artistic style reminiscent of traditional Asian art, focusing on bold colors and intricate details.",0.3912216126918793
candidate_images/01_Portrait_of_a_tiger_wearing_a_train_conductors_hat_and_hold_0_iter003_stream05.png,"A stylized painting of a tiger wearing a blue pilot's cap adorned with an emblem, confidently gripping a skateboard with a yin-yang symbol. The skateboard should feature a classic color scheme with subtle tones. The background is plain white to highlight the vibrant yet soft colors of the tiger's fur and the painting style, ensuring no goggles on the cap and maintaining the essence of the original artistic depiction.",0.38623344898223877
candidate_images/01_Portrait_of_a_tiger_wearing_a_train_conductors_hat_and_hold_0_iter004_stream00.png,"A tiger with vivid orange and black stripes, wearing a navy blue pilot cap with an emblem, confidently holding a black skateboard with a prominent white and black yin-yang symbol, and including realistic skateboard wheels. The drawing style is soft and artistic, capturing traditional Asian art, with a light beige background.",0.36489570140838623
candidate_images/01_Portrait_of_a_tiger_wearing_a_train_conductors_hat_and_hold_0_iter004_stream01.png,"An illustrated tiger with orange and black stripes, wearing a navy blue pilot's cap with insignia, standing upright and gripping a skateboard featuring a prominent yin-yang symbol. The tiger has a serious expression, positioned against a soft light background, preserving an artistic and stylized look.",0.3191773593425751
candidate_images/01_Portrait_of_a_tiger_wearing_a_train_conductors_hat_and_hold_0_iter004_stream02.png,"A detailed illustration of a tiger with vibrant orange fur and bold black stripes, wearing a navy blue pilot's cap without goggles. The tiger should have a neutral and serious expression. It confidently holds a skateboard featuring a prominent yin-yang symbol in black and white, while skateboard wheels are visible. The background should be plain and light to accentuate the details of the tiger.",0.33164235949516296
candidate_images/01_Portrait_of_a_tiger_wearing_a_train_conductors_hat_and_hold_0_iter004_stream03.png,"A powerful illustration of a tiger wearing a classic pilot's cap, confidently holding a skateboard with a yin-yang symbol. The tiger has vivid orange and black stripes and a bold expression, intricately detailed. The artwork reflects traditional Asian art styles, with strong lines and a focus on minimalistic colors, ensuring the pilot's cap is emphasized clearly.",0.3548735976219177
candidate_images/01_Portrait_of_a_tiger_wearing_a_train_conductors_hat_and_hold_0_iter004_stream04.png,"A fierce and realistic tiger with distinct stripes, wearing a blue pilot's cap without goggles, showcasing a gold emblem. The tiger holds a black skateboard featuring a centered yin-yang symbol. The background is light and minimalistic, with an artistic style reminiscent of traditional Asian art, highlighting bold colors and intricate details.",0.3381052017211914
candidate_images/01_Portrait_of_a_tiger_wearing_a_train_conductors_hat_and_hold_0_iter004_stream05.png,"A stylized painting of a tiger wearing a blue pilot's cap with an emblem, without goggles, confidently holding a skateboard featuring a classic black and white yin-yang symbol. The skateboard should have a darker background rather than light blue. The background is plain white to enhance the focus on the tiger's vivid orange and black stripes, ensuring the overall painting style is consistent with an artistic depiction.",0.37177038192749023
candidate_images/01_Portrait_of_a_tiger_wearing_a_train_conductors_hat_and_hold_0_iter005_stream00.png,"A tiger with vibrant orange and black stripes, wearing a detailed navy blue pilot cap with an emblem, confidently holding a black skateboard showcasing a prominent white and black yin-yang symbol. Ensure the skateboard's front wheels are realistically positioned and emphasize the tiger's intense expression. The style is soft and artistic, resembling traditional Asian art, against a light beige background.",0.35543590784072876
candidate_images/01_Portrait_of_a_tiger_wearing_a_train_conductors_hat_and_hold_0_iter005_stream01.png,"An illustrated tiger with orange and black stripes, wearing a navy blue pilot's cap with insignia, gripping a skateboard with a prominent yin-yang symbol. The tiger stands upright with a serious expression, in a stylized artistic manner against a soft light background.",0.30784761905670166
candidate_images/01_Portrait_of_a_tiger_wearing_a_train_conductors_hat_and_hold_0_iter005_stream02.png,"A detailed illustration of a tiger with vibrant orange fur and striking black stripes, wearing a navy blue pilot's cap, explicitly without goggles. The tiger should have a serious expression. It confidently holds a skateboard featuring a bold black and white yin-yang symbol, with visible skateboard wheels detailed for realism. The background remains plain and light to enhance the tiger's features.",0.3352464437484741
candidate_images/01_Portrait_of_a_tiger_wearing_a_train_conductors_hat_and_hold_0_iter005_stream03.png,"An illustration of a tiger proudly wearing a classic pilot's cap, grasping a skateboard with a distinct yin-yang design. The tiger showcases vibrant orange and black stripes, exuding confidence, with intricate detailing in its fur. The artwork reflects traditional Asian aesthetics, emphasizing strong lines and a limited color palette, particularly noting the pilot's cap.",0.3621162474155426
candidate_images/01_Portrait_of_a_tiger_wearing_a_train_conductors_hat_and_hold_0_iter005_stream04.png,"A fierce and realistic tiger with distinct stripes, wearing a blue pilot's cap with a gold emblem and no goggles, holding a black skateboard featuring a centered yin-yang symbol. The tiger's mouth is closed, conveying strength and calmness. The background should be light and minimalistic, showcasing an artistic style reminiscent of traditional Asian art with bold colors and intricate details.",0.36175334453582764
candidate_images/01_Portrait_of_a_tiger_wearing_a_train_conductors_hat_and_hold_0_iter005_stream05.png,"A stylized painting of a tiger wearing a blue pilot's cap with an emblem, without any goggles, confidently holding a skateboard with a classic black and white yin-yang symbol. The skateboard should be dark in color to match the target image. The background is plain white, highlighting the vivid orange and black stripes of the tiger and preserving the artistic essence of the original depiction.",0.380000501871109
candidate_images/03_Portrait_of_a_tiger_wearing_a_train_conductors_hat_and_hold_0_iter001_stream00.png,"A cartoon-style tiger wearing a blue pilot uniform and cap, holding a skateboard with a yin-yang symbol, in a light blue background framed by a warm beige border",0.36024004220962524
candidate_images/03_Portrait_of_a_tiger_wearing_a_train_conductors_hat_and_hold_0_iter001_stream01.png,"A strong tiger in a blue captain's uniform, wearing a captain's hat, holding a skateboard with a yin-yang symbol. The tiger stands confidently against a solid light blue background, within a square frame, showcasing a playful yet authoritative vibe.",0.3185165524482727
candidate_images/03_Portrait_of_a_tiger_wearing_a_train_conductors_hat_and_hold_0_iter001_stream02.png,"A cartoon tiger dressed in a blue captain's uniform with gold insignia, holding a skateboard featuring a yin-yang symbol. The tiger has bright orange fur with black stripes, a confident expression, and is facing forward. The background is a solid light blue, enclosed within a beige frame.",0.36337071657180786
candidate_images/03_Portrait_of_a_tiger_wearing_a_train_conductors_hat_and_hold_0_iter001_stream03.png,"A cartoon tiger in a pilot's uniform and cap, holding a skateboard with Yin and Yang designs. Background solid light blue with beige border.",0.3320711553096771
candidate_images/03_Portrait_of_a_tiger_wearing_a_train_conductors_hat_and_hold_0_iter001_stream04.png,"A muscular tiger in a blue officer's uniform with a peaked cap, holding a skateboard with a yin-yang symbol. Background is solid turquoise, framed with a beige border, graphic cartoon style.",0.33911773562431335
candidate_images/03_Portrait_of_a_tiger_wearing_a_train_conductors_hat_and_hold_0_iter001_stream05.png,"A cartoon tiger dressed in a captain's uniform, wearing a blue cap with an emblem, holding a skateboard with yin-yang symbols. The tiger has bright orange fur with black stripes and a proud expression. Background is light blue with a beige border.",0.3402714729309082
candidate_images/03_Portrait_of_a_tiger_wearing_a_train_conductors_hat_and_hold_0_iter002_stream00.png,"A confident cartoon-style tiger with detailed fur stripes, wearing a blue pilot uniform with a cap, standing still and firmly holding a skateboard with a yin-yang symbol, in a light blue background framed by a warm beige border.",0.35256385803222656
candidate_images/03_Portrait_of_a_tiger_wearing_a_train_conductors_hat_and_hold_0_iter002_stream01.png,"A strong tiger in a bright blue captain's uniform with intricate details, including a captain's hat, holding a skateboard featuring a yin-yang symbol. The background is a light tan color, with a square frame around the image. The tiger's stance is proud and confident, with a vibrant color scheme, showcasing the playful fusion of a military look with a casual skateboard.",0.41445523500442505
candidate_images/03_Portrait_of_a_tiger_wearing_a_train_conductors_hat_and_hold_0_iter002_stream02.png,"A cartoon tiger in a light blue captain's uniform with gold insignia, confidently holding a skateboard with a prominent yin-yang symbol. The tiger has bright orange fur with distinctive black stripes, a determined expression, and poses with the skateboard held in front. The background is a solid light blue, bordered by a warm beige frame.",0.3533744812011719
candidate_images/03_Portrait_of_a_tiger_wearing_a_train_conductors_hat_and_hold_0_iter002_stream03.png,"A cartoon tiger in a blue pilot's uniform with a gold emblem and cap, holding a skateboard featuring a Yin and Yang design. Background light blue, framed with a beige border.",0.39586520195007324
candidate_images/03_Portrait_of_a_tiger_wearing_a_train_conductors_hat_and_hold_0_iter002_stream04.png,"A muscular tiger in a vibrant blue officer's uniform with a peaked cap and emblem, holding a skateboard featuring a yin-yang symbol. The uniform has two pockets, and the tiger's pose emphasizes the skateboard clearly. Background is solid turquoise, framed with a beige border, graphic cartoon style.",0.3666059374809265
candidate_images/03_Portrait_of_a_tiger_wearing_a_train_conductors_hat_and_hold_0_iter002_stream05.png,"A cartoon style tiger character, resembling a strong, confident figure in a detailed captain's uniform, wearing a dark blue cap with a golden emblem and holding a skateboard with yin-yang symbols. The tiger has striking orange fur with black stripes, displaying a fierce yet composed expression. The background is a solid light blue with a beige border, and the tiger's pose should show strength and character, holding the skateboard firmly.",0.3416903018951416
candidate_images/01_Portrait_of_a_tiger_wearing_a_train_conductors_hat_and_hold_0_iter006_stream00.png,"A tiger with bold orange and black stripes, wearing a navy blue pilot cap with an emblem, confidently holding a glossy black skateboard featuring a prominent white and black yin-yang symbol. Ensure the skateboard wheels are accurately detailed and emphasize the tiger's intense facial expression. The style is soft and artistic, inspired by traditional Asian art, with a light beige background.",0.35344621539115906
candidate_images/01_Portrait_of_a_tiger_wearing_a_train_conductors_hat_and_hold_0_iter006_stream01.png,"An illustrated tiger with orange and black stripes wearing a navy blue pilot's cap with insignia, standing upright and confidently holding a skateboard featuring a large yin-yang symbol. The expression is serious and focused, set against a plain light background, emphasizing a traditional and artistic style.",0.3273506760597229
candidate_images/01_Portrait_of_a_tiger_wearing_a_train_conductors_hat_and_hold_0_iter006_stream02.png,"A detailed illustration of a tiger with vibrant orange fur and bold black stripes, wearing a navy blue pilot's cap, explicitly stating no goggles are present. The tiger should have a serious and focused expression. It confidently holds a skateboard with a prominent black and white yin-yang symbol, ensuring skateboard wheels are detailed. The background should be plain and light to highlight the tiger's features.",0.3486740291118622
candidate_images/01_Portrait_of_a_tiger_wearing_a_train_conductors_hat_and_hold_0_iter006_stream03.png,"An illustration of an assertive tiger wearing a pilot's cap, firmly grasping a skateboard with a clear yin-yang design. The tiger has vibrant orange and black stripes and a fierce expression, with detailed fur. The artwork should reflect traditional Asian styles, using bold lines and minimal colors while highlighting the distinct features of the pilot’s cap.",0.3422315716743469
candidate_images/01_Portrait_of_a_tiger_wearing_a_train_conductors_hat_and_hold_0_iter006_stream04.png,"A fierce yet calm and realistic tiger with distinct stripes, wearing a blue pilot's cap with a gold emblem and no goggles. The tiger is holding a black skateboard featuring a centered yin-yang symbol, with its expression conveying strength without aggression. The background should be light and minimalistic, reflecting an artistic style reminiscent of traditional Asian art with bold colors and intricate details.",0.3793815076351166
candidate_images/01_Portrait_of_a_tiger_wearing_a_train_conductors_hat_and_hold_0_iter006_stream05.png,"A stylized painting of a tiger wearing a blue pilot's cap with an emblem, without goggles, confidently holding a skateboard featuring a prominent black yin-yang symbol. The skateboard should have a darker surface and simplified design. The background is plain white to accentuate the vivid orange and black stripes of the tiger, ensuring a cohesive artistic essence matching the target depiction.",0.37531036138534546
candidate_images/03_Portrait_of_a_tiger_wearing_a_train_conductors_hat_and_hold_0_iter003_stream00.png,"A confident cartoon-style tiger with detailed fur stripes, wearing a blue pilot uniform with a traditional cap, standing still and firmly holding a skateboard with a yin-yang symbol in both hands, in a light blue background framed by a warm beige border.",0.3475572466850281
candidate_images/03_Portrait_of_a_tiger_wearing_a_train_conductors_hat_and_hold_0_iter003_stream01.png,"A realistic tiger in a navy blue captain's uniform, complete with a captain's hat, confidently holding a skateboard with a clear yin-yang symbol. The tiger has vivid orange and black stripes, standing out against a soft tan background within a square frame. The uniform features detailed buttons and epaulettes, with the collar distinctively shaped, creating a balanced, vibrant look that captures the playful yet authoritative style.",0.32162535190582275
candidate_images/03_Portrait_of_a_tiger_wearing_a_train_conductors_hat_and_hold_0_iter003_stream02.png,"A cartoon tiger in a light blue captain's uniform with gold insignia, holding a skateboard featuring a yin-yang symbol. The tiger has bright orange fur with clear black stripes, showing a confident and determined expression. The skateboard is held in front of him, and he is facing forward. The background is a solid light blue, framed by a beige border.",0.31740155816078186
candidate_images/03_Portrait_of_a_tiger_wearing_a_train_conductors_hat_and_hold_0_iter003_stream03.png,"A stylized tiger wearing a blue pilot's uniform with a gold emblem and a matching hat, showcasing a confident expression. The tiger holds a skateboard featuring a Yin and Yang design. Solid light blue background with a beige-framed border.",0.39630207419395447
candidate_images/03_Portrait_of_a_tiger_wearing_a_train_conductors_hat_and_hold_0_iter003_stream04.png,"A muscular tiger in a vibrant blue officer's uniform with a peaked cap and an emblem, holding a brightly colored skateboard featuring a prominent yin-yang symbol. The background is a vibrant turquoise, framed with a beige border, graphic cartoon style.",0.34160903096199036
candidate_images/03_Portrait_of_a_tiger_wearing_a_train_conductors_hat_and_hold_0_iter003_stream05.png,"A cool cartoon tiger in a detailed navy blue captain's uniform with a golden emblem on the cap, holding a skateboard with yin-yang symbols. The tiger has bright orange fur with bold black stripes, exuding a calm yet confident demeanor. Ensure the tiger's expression is strong but peaceful, and the uniform's details are prominent. The background is a light blue, surrounded by a soft beige frame.",0.34643954038619995
candidate_images/01_Portrait_of_a_tiger_wearing_a_train_conductors_hat_and_hold_0_iter007_stream00.png,"A tiger with vibrant orange and black stripes, wearing a detailed navy blue pilot cap with a prominent emblem, confidently holding a glossy black skateboard featuring a noticeable white and black yin-yang symbol. Ensure the skateboard wheels are accurately detailed, and emphasize the tiger's intense facial expression and striking pose. The style is soft and artistic, echoing traditional Asian art, against a light beige background.",0.356001615524292
candidate_images/01_Portrait_of_a_tiger_wearing_a_train_conductors_hat_and_hold_0_iter007_stream01.png,"An illustrated tiger with orange and black stripes wearing a navy blue pilot's cap with specific insignia, standing upright and confidently holding a skateboard showcasing a distinct yin-yang symbol in black and white. The tiger's expression is serious and determined, set against a simple light background, emphasizing an artistic and stylized aesthetic.",0.3336732089519501
candidate_images/01_Portrait_of_a_tiger_wearing_a_train_conductors_hat_and_hold_0_iter007_stream02.png,"A detailed illustration of a tiger with bright orange fur and defined black stripes, wearing a navy blue pilot's cap without goggles. The tiger should have a serious and focused expression. It confidently holds a skateboard that prominently features a black and white yin-yang symbol, ensuring that the skateboard's wheels and design are clearly detailed. The background should be plain and light to highlight the tiger's features.",0.33572837710380554
candidate_images/01_Portrait_of_a_tiger_wearing_a_train_conductors_hat_and_hold_0_iter007_stream03.png,"An illustration of a fierce tiger confidently wearing a classic pilot's cap, holding a skateboard that prominently features a yin-yang symbol. The tiger showcases vibrant orange and black stripes with detailed fur. The artwork is styled after traditional Asian design, emphasizing bold lines and a limited color palette, with a clear focus on the pilot cap and the skateboard's design.",0.35363754630088806
candidate_images/01_Portrait_of_a_tiger_wearing_a_train_conductors_hat_and_hold_0_iter007_stream04.png,"A fierce yet calm and realistic tiger with distinct stripes, wearing a blue pilot's cap with a gold emblem and without goggles, holding a black skateboard with a centered yin-yang symbol. The tiger’s expression should reflect strength and composure. The background is light and minimalistic, with an artistic style reminiscent of traditional Asian art, showcasing bold colors and intricate details.",0.36223304271698
candidate_images/01_Portrait_of_a_tiger_wearing_a_train_conductors_hat_and_hold_0_iter007_stream05.png,"A stylized painting of a tiger wearing a blue pilot's cap with an emblem, without goggles or glasses, confidently holding a single skateboard featuring a black and white yin-yang symbol. The skateboard should have a dark surface, matching the intended target. The background is plain white to enhance the vivid orange and black stripes of the tiger, ensuring the overall artistic essence aligns with the target depiction.",0.38279980421066284
candidate_images/03_Portrait_of_a_tiger_wearing_a_train_conductors_hat_and_hold_0_iter004_stream00.png,"A serious cartoon-style tiger with detailed fur stripes, wearing a blue pilot uniform with a cap, confidently holding a skateboard with a yin-yang symbol close to the body, in a light blue background framed by a warm beige border.",0.3153373599052429
candidate_images/03_Portrait_of_a_tiger_wearing_a_train_conductors_hat_and_hold_0_iter004_stream01.png,"A muscular tiger in a light navy blue captain's uniform, wearing a matching captain's hat, confidently holding a skateboard decorated with a yin-yang symbol. The uniform should have detailed buttons, a light blue shirt underneath, with distinct epaulettes, all set against a warm tan background within a square frame. The tiger's bold orange and black stripes are vivid, positioned in a proud stance, combining a playful and authoritative demeanor.",0.33344876766204834
candidate_images/03_Portrait_of_a_tiger_wearing_a_train_conductors_hat_and_hold_0_iter004_stream02.png,"A cartoon tiger dressed in a dark blue captain's uniform with gold insignia, confidently holding a skateboard with a clear yin-yang symbol. The tiger features bright orange fur with distinct black stripes, displaying a strong and serious expression. The skateboard is held upright in front of him, ensuring visibility of the yin-yang design. The background is a solid light blue, bordered by a warm beige frame.",0.37038910388946533
candidate_images/03_Portrait_of_a_tiger_wearing_a_train_conductors_hat_and_hold_0_iter004_stream03.png,"A cartoon tiger with a friendly expression, wearing a blue pilot's uniform with a gold emblem and matching cap. The tiger is holding a skateboard featuring a Yin and Yang design. The background is solid light blue, framed with a beige border.",0.37314751744270325
candidate_images/03_Portrait_of_a_tiger_wearing_a_train_conductors_hat_and_hold_0_iter004_stream04.png,"A muscular tiger in a vibrant blue officer's uniform with a peaked cap and an emblem, holding a skateboard with black and white yin-yang symbols, original color design. Background is solid turquoise with a beige border. Emphasize clear details and bold graphic cartoon style.",0.3637441098690033
candidate_images/03_Portrait_of_a_tiger_wearing_a_train_conductors_hat_and_hold_0_iter004_stream05.png,"A confident cartoon tiger in a detailed navy blue captain's uniform, complete with shoulder insignias and a golden emblem on the cap. The tiger is holding a skateboard with yin-yang symbols and has a proud yet calm expression. The background is a softer light blue, framed with beige. Highlight the bold orange fur with distinct black stripes, ensuring the uniform's textures and the skateboard design are accurate.",0.32510942220687866
candidate_images/01_Portrait_of_a_tiger_wearing_a_train_conductors_hat_and_hold_0_iter008_stream00.png,"A tiger with vibrant orange and black stripes, wearing a navy blue pilot cap with a prominent emblem, confidently holding a glossy black skateboard featuring a clear white and black yin-yang symbol. Eliminate any goggles from the image and enhance the cap's details. Emphasize the tiger's intense facial expression and striking pose. The style is soft and artistic, reflecting traditional Asian art, set against a light beige background.",0.3587859869003296
candidate_images/01_Portrait_of_a_tiger_wearing_a_train_conductors_hat_and_hold_0_iter008_stream01.png,"An illustrated tiger with orange and black stripes, wearing a navy blue pilot's cap with insignia, standing upright and confidently holding a skateboard featuring a distinctive black and white yin-yang symbol. The tiger has a serious and focused expression, set against a simple light background, emphasizing a traditional and artistic style.",0.2961403429508209
candidate_images/01_Portrait_of_a_tiger_wearing_a_train_conductors_hat_and_hold_0_iter008_stream02.png,"A detailed illustration of a tiger with bright orange fur and prominent black stripes, wearing a navy blue pilot's cap that has no goggles. The tiger should have a serious and focused expression. It confidently holds a skateboard featuring a black and white yin-yang symbol, ensuring the skateboard wheels and details are accurately depicted. The background should remain plain and light to highlight the tiger's distinct features.",0.33834582567214966
candidate_images/01_Portrait_of_a_tiger_wearing_a_train_conductors_hat_and_hold_0_iter008_stream03.png,"An illustration of a fierce tiger wearing a classic pilot's cap, holding a skateboard with a distinct yin-yang design. The tiger has vivid orange and black stripes with detailed fur and a bold expression. The artwork reflects traditional Asian styles, focusing on strong lines and a limited color palette, stressing the importance of the pilot's cap and accurate skateboard design.",0.35725700855255127
candidate_images/01_Portrait_of_a_tiger_wearing_a_train_conductors_hat_and_hold_0_iter008_stream04.png,"A fierce yet composed and realistic tiger with distinct stripes, wearing a blue pilot's cap with a gold emblem and no goggles, holding a black skateboard featuring a centered yin-yang symbol. The tiger's expression should convey strength and calmness. The background is light and minimalistic, with an artistic style reminiscent of traditional Asian art, showcasing bold colors and intricate details.",0.37364062666893005
candidate_images/01_Portrait_of_a_tiger_wearing_a_train_conductors_hat_and_hold_0_iter008_stream05.png,"A stylized painting of a tiger wearing a blue pilot's cap with an emblem, without goggles, confidently holding a skateboard featuring a bold black yin-yang symbol. The skateboard should be darker in tone with a streamlined design. The background is plain white, emphasizing the vivid orange and black stripes of the tiger while maintaining an artistic style that aligns with the target depiction.",0.38974809646606445
candidate_images/03_Portrait_of_a_tiger_wearing_a_train_conductors_hat_and_hold_0_iter005_stream00.png,"A relaxed cartoon-style tiger with detailed fur stripes, wearing a blue pilot uniform with a cap, confidently holding a skateboard with a prominent yin-yang symbol, in a light blue background framed by a warm beige border.",0.3592017590999603
candidate_images/03_Portrait_of_a_tiger_wearing_a_train_conductors_hat_and_hold_0_iter005_stream01.png,"A muscular tiger in a navy blue captain's uniform featuring detailed buttons and a distinct collar, wearing a matching captain's hat. The tiger holds a skateboard adorned with a yin-yang symbol. The background is a warm tan color, surrounded by a square frame. The overall scene exudes a confident and playful atmosphere, with the tiger's vibrant orange and black stripes prominently displayed.",0.3336009383201599
candidate_images/03_Portrait_of_a_tiger_wearing_a_train_conductors_hat_and_hold_0_iter005_stream02.png,"A cartoon tiger in a light blue captain's uniform with gold insignia, confidently holding a skateboard featuring a prominent yin-yang symbol. The tiger has bright orange fur with striking black stripes, a fierce expression, and holds the skateboard in front of him. The background is a solid light blue, bordered by a warm beige frame, showcasing the character's full stature.",0.3722567558288574
candidate_images/03_Portrait_of_a_tiger_wearing_a_train_conductors_hat_and_hold_0_iter005_stream03.png,"A fierce cartoon tiger in a formal blue pilot's uniform with a gold emblem and cap, holding a skateboard that has a Yin and Yang design. The background is solid light blue with a beige border framing the image.",0.3657078146934509
candidate_images/03_Portrait_of_a_tiger_wearing_a_train_conductors_hat_and_hold_0_iter005_stream04.png,"A muscular tiger in a vibrant blue officer's uniform with a peaked cap featuring an emblem, and a two-pocket shirt. Holding a skateboard with a prominent yin-yang symbol. The background is solid turquoise with a beige border, emphasizing a bold graphic cartoon style.",0.31468820571899414
candidate_images/03_Portrait_of_a_tiger_wearing_a_train_conductors_hat_and_hold_0_iter005_stream05.png,"A confident cartoon tiger wearing a detailed navy blue captain's uniform with golden insignias and a dark blue cap. The tiger holds a skateboard featuring a prominent yin-yang symbol and has bold orange fur with detailed black stripes. Its expression should be strong and calm, exuding authority. The background should be light blue framed by a beige border, emphasizing the character's confident pose consistent with a commanding presence.",0.35520103573799133
candidate_images/01_Portrait_of_a_tiger_wearing_a_train_conductors_hat_and_hold_0_iter009_stream00.png,"A tiger with bold orange and black stripes, wearing a navy blue pilot cap with a prominent emblem, confidently holding a glossy black skateboard featuring a clear white and black yin-yang symbol. Remove any goggles from the image and enhance the cap's details. Emphasize the tiger's strong facial expression and striking pose. The style is soft and artistic, inspired by traditional Asian art, against a light beige background.",0.35226893424987793
candidate_images/01_Portrait_of_a_tiger_wearing_a_train_conductors_hat_and_hold_0_iter009_stream01.png,"An illustrated tiger with orange and black stripes, wearing a navy blue pilot's cap with insignia. The tiger stands upright, confidently holding a skateboard prominently displaying a black and white yin-yang symbol. The expression is serious and determined, set against a simple light background, allowing for an artistic and stylized look.",0.3307492733001709
candidate_images/01_Portrait_of_a_tiger_wearing_a_train_conductors_hat_and_hold_0_iter009_stream02.png,"A detailed illustration of a tiger with bright orange fur and bold black stripes, wearing a navy blue pilot's cap without any goggles. The tiger should exhibit a serious and commanding expression. It firmly holds a skateboard showcasing a prominent black and white yin-yang symbol, with specific attention to the accurate depiction of the skateboard's wheels and design. The background should be plain and light to emphasize the tiger's distinct features.",0.347573459148407
candidate_images/01_Portrait_of_a_tiger_wearing_a_train_conductors_hat_and_hold_0_iter009_stream03.png,"An illustration of a powerful tiger confidently wearing a classic pilot's cap, gripping a skateboard that prominently features a yin-yang design. The tiger is vibrant with orange and black stripes and a fierce expression. The artwork draws from traditional Asian styles, employing bold lines and a simplistic color scheme, while stressing the importance of the pilot’s cap and the skateboard's design.",0.36762791872024536
candidate_images/01_Portrait_of_a_tiger_wearing_a_train_conductors_hat_and_hold_0_iter009_stream04.png,"A strong yet calm and realistic tiger with distinct stripes, wearing a blue pilot's cap with a gold emblem and no goggles. The tiger is holding a black skateboard featuring a centered yin-yang symbol. The expression should convey strength and composure, with a neutral demeanor. The background is light and minimalistic, displaying an artistic style reminiscent of traditional Asian art, with bold colors and intricate details.",0.3460436761379242
candidate_images/01_Portrait_of_a_tiger_wearing_a_train_conductors_hat_and_hold_0_iter009_stream05.png,"A stylized painting of a tiger wearing a blue pilot's cap with an emblem, without goggles, confidently holding a skateboard featuring a strong black yin-yang symbol. The skateboard should have a predominantly dark design without additional color variations. The background remains plain white to enhance the vibrant orange and black stripes of the tiger, capturing the artistic style that aligns with the target depiction.",0.3796149790287018
candidate_images/03_Portrait_of_a_tiger_wearing_a_train_conductors_hat_and_hold_0_iter006_stream00.png,"A confident cartoon-style tiger with detailed fur stripes, wearing a proper blue pilot uniform with a cap, firmly holding a skateboard featuring a prominent yin-yang symbol, in a light blue background framed by a warm beige border.",0.3392910361289978
candidate_images/03_Portrait_of_a_tiger_wearing_a_train_conductors_hat_and_hold_0_iter006_stream01.png,"A muscular tiger in a tailored light navy captain's uniform with detailed buttons and distinct collar, wearing a matching captain's hat. The tiger confidently holds a skateboard decorated with a yin-yang symbol. The background should be a warm tan color, inside a square frame. Emphasis on the proper features of the uniform, providing a balanced look, with the tiger's vibrant orange and black stripes prominent, capturing both playful and authoritative elements.",0.3560730814933777
candidate_images/03_Portrait_of_a_tiger_wearing_a_train_conductors_hat_and_hold_0_iter006_stream02.png,"A cartoon tiger in a dark blue captain's uniform with gold insignia, holding a skateboard that prominently features a yin-yang symbol. The tiger has bright orange fur with distinct black stripes, showing a confident, serious expression. The skateboard is held at a slight angle in front of him. The background is a solid light blue color, framed by a warm beige border, emphasizing the tiger's full stature.",0.3475298285484314
candidate_images/03_Portrait_of_a_tiger_wearing_a_train_conductors_hat_and_hold_0_iter006_stream03.png,"A cartoon tiger with a friendly expression, wearing a blue pilot's uniform with a gold emblem and cap, holding a skateboard that features a prominent Yin and Yang design. Solid light blue background with a beige border framing the image.",0.35717955231666565
candidate_images/03_Portrait_of_a_tiger_wearing_a_train_conductors_hat_and_hold_0_iter006_stream04.png,"A muscular tiger in a bright blue officer's uniform with a peaked cap featuring an emblem, and a two-pocket shirt. Holding a skateboard showcasing a yin-yang symbol. Background is solid turquoise with a beige border, in a bold graphic cartoon style.",0.34365132451057434
candidate_images/03_Portrait_of_a_tiger_wearing_a_train_conductors_hat_and_hold_0_iter006_stream05.png,"A confident cartoon tiger in a detailed navy blue captain's uniform adorned with golden insignias, including one on the cap. The tiger holds a skateboard featuring a prominent yin-yang symbol and stylized characters. The tiger has bold orange fur with striking black stripes, conveying strength and authority. Ensure the expression is determined yet composed. The background should be a light blue framed with beige, focusing on the character's strong pose and uniform details.",0.3165746331214905
candidate_images/01_Portrait_of_a_tiger_wearing_a_train_conductors_hat_and_hold_0_iter010_stream00.png,"A tiger with vibrant orange and black stripes, wearing a navy blue pilot cap with a prominent emblem, confidently holding a glossy black skateboard featuring a clear white and black yin-yang symbol. Remove any goggles and enhance the cap's details. Emphasize the tiger's strong and intense facial expression, showcasing a striking pose. The style is soft and artistic, reflecting traditional Asian art, against a light beige background.",0.3610031306743622
candidate_images/01_Portrait_of_a_tiger_wearing_a_train_conductors_hat_and_hold_0_iter010_stream01.png,"An illustrated tiger with orange and black stripes, wearing a navy blue pilot's cap with insignia, standing upright and confidently holding a skateboard featuring a distinct black and white yin-yang symbol. The expression is serious and focused, set against a simple light background, emphasizing a traditional and artistic style.",0.3143939673900604
candidate_images/01_Portrait_of_a_tiger_wearing_a_train_conductors_hat_and_hold_0_iter010_stream02.png,"A detailed illustration of a tiger with bright orange fur and striking black stripes, wearing a navy blue pilot's cap with no goggles. The tiger should have a serious, determined expression. It confidently holds a skateboard featuring a prominent black and white yin-yang symbol, ensuring clear details on the skateboard's wheels and design. The background should be plain and light to best highlight the tiger's characteristics.",0.3383147418498993
candidate_images/01_Portrait_of_a_tiger_wearing_a_train_conductors_hat_and_hold_0_iter010_stream03.png,"An illustration of a powerful tiger wearing a classic pilot's cap, confidently holding a skateboard that features a striking yin-yang design. The tiger has deep orange and black stripes, a fierce expression, and detailed fur. The style reflects traditional Asian influences with bold lines, simple colors, and a strong focus on accurately depicting the pilot's cap along with the distinct skateboard design.",0.38639968633651733
candidate_images/01_Portrait_of_a_tiger_wearing_a_train_conductors_hat_and_hold_0_iter010_stream04.png,"A powerful yet calm and realistic tiger with distinct stripes, wearing a blue pilot's cap with a gold emblem and no goggles, holding a black skateboard featuring a centered yin-yang symbol. The tiger's expression should convey strength and composure. The background is light and minimalistic, featuring an artistic style reminiscent of traditional Asian art with bold colors and intricate details.",0.3674710988998413
candidate_images/01_Portrait_of_a_tiger_wearing_a_train_conductors_hat_and_hold_0_iter010_stream05.png,"A stylized painting of a tiger wearing a blue pilot's cap with an emblem, without goggles, confidently holding a single skateboard featuring a prominent black yin-yang symbol. The skateboard should be dark with a clean design. The background remains plain white to highlight the vibrant orange and black stripes of the tiger, maintaining an artistic style in line with the target depiction.",0.3852234482765198
candidate_images/03_Portrait_of_a_tiger_wearing_a_train_conductors_hat_and_hold_0_iter007_stream00.png,"A confident cartoon-style tiger with detailed fur stripes, wearing a blue pilot uniform with a classic cap, maintaining a relaxed expression while holding a skateboard with a prominent yin-yang symbol, in a light blue background framed by a warm beige border.",0.37213003635406494
candidate_images/03_Portrait_of_a_tiger_wearing_a_train_conductors_hat_and_hold_0_iter007_stream01.png,"A strong tiger in a tailored navy captain's uniform featuring detailed buttons and an identifiable collar, confidently holding a skateboard with a prominent yin-yang symbol. The tiger wears a matching captain's hat, the background is a warm tan color in a square frame. Focus on accurate details such as the collar's style and buttons, creating a playful and authoritative atmosphere with vivid orange and black stripes.",0.3716233968734741
candidate_images/03_Portrait_of_a_tiger_wearing_a_train_conductors_hat_and_hold_0_iter007_stream02.png,"A cartoon tiger in a light blue captain's uniform with gold insignia, confidently holding a skateboard that prominently displays a yin-yang symbol. The tiger has bright orange fur with distinct black stripes, showcasing a strong and confident expression. The skateboard is positioned clearly in front of him, emphasizing the yin-yang design. The background is a solid light blue color, bordered by a warm beige frame, capturing the tiger's full stature.",0.36143818497657776
candidate_images/03_Portrait_of_a_tiger_wearing_a_train_conductors_hat_and_hold_0_iter007_stream03.png,"A cute cartoon tiger with a friendly expression, wearing a blue pilot's uniform with a gold emblem, holding a skateboard that has a prominent Yin and Yang design. The background is solid light blue with a beige border framing the image.",0.36744606494903564
candidate_images/03_Portrait_of_a_tiger_wearing_a_train_conductors_hat_and_hold_0_iter007_stream04.png,"A muscular tiger in a vibrant blue police uniform with a peaked cap featuring a distinct emblem. Holding a skateboard that has a prominent yin-yang symbol, background is a bright turquoise with a clear beige border, illustrated in a bold graphic cartoon style.",0.36614957451820374
candidate_images/03_Portrait_of_a_tiger_wearing_a_train_conductors_hat_and_hold_0_iter007_stream05.png,"A strong cartoon tiger in a detailed navy blue captain's uniform featuring golden insignias, including one on the cap and additional rank details on the sleeves. The tiger holds a black skateboard displaying a prominently featured yin-yang symbol and decorative characters. The tiger has vibrant orange fur with stark black stripes and a confident expression. The background should be a light blue framed by a beige border, highlighting the tiger's commanding pose and uniform details.",0.3348352611064911
candidate_images/03_Portrait_of_a_tiger_wearing_a_train_conductors_hat_and_hold_0_iter008_stream00.png,"A serious cartoon-style tiger with detailed fur stripes, wearing a blue pilot uniform with a classic cap and crisp details, confidently holding a skateboard featuring a prominent yin-yang symbol, in a light blue background framed by a warm beige border.",0.3648149371147156
candidate_images/03_Portrait_of_a_tiger_wearing_a_train_conductors_hat_and_hold_0_iter008_stream01.png,"A strong tiger in a well-fitted light navy captain's uniform with detailed buttons and an identifiable collar, confidently holding a skateboard decorated with a yin-yang symbol and bold tiger stripes. The tiger wears a matching captain's hat. The background is a warm tan color in a square frame. Focus on accurate labeling of the uniform elements, capturing a playful yet authoritative look with striking orange and black stripes.",0.3415191173553467
candidate_images/03_Portrait_of_a_tiger_wearing_a_train_conductors_hat_and_hold_0_iter008_stream02.png,"A cartoon tiger in a dark blue captain's uniform with gold insignia, confidently holding a skateboard that displays a prominent yin-yang symbol. The tiger features bright orange fur with distinct black stripes, his expression being strong and commanding. The skateboard is held horizontally in front of him, showcasing the yin-yang design clearly. The background is a solid light blue, framed by a warm beige border, capturing the character's full stature.",0.33336180448532104
candidate_images/03_Portrait_of_a_tiger_wearing_a_train_conductors_hat_and_hold_0_iter008_stream03.png,"A confident cartoon tiger with a friendly expression, wearing a detailed blue pilot's uniform with a gold emblem and cap, holding a skateboard featuring a distinct Yin and Yang design. The background should be solid light blue with a beige border framing the image.",0.3884768486022949
candidate_images/03_Portrait_of_a_tiger_wearing_a_train_conductors_hat_and_hold_0_iter008_stream04.png,"A muscular tiger in a vibrant blue police uniform with a peaked cap featuring a distinct emblem. Holding a brightly colored skateboard with a prominent yin-yang symbol. Background is solid turquoise with a beige border, emphasized in a bold graphic cartoon style, showcasing the tiger's confident stance.",0.33573269844055176
candidate_images/03_Portrait_of_a_tiger_wearing_a_train_conductors_hat_and_hold_0_iter008_stream05.png,"A strong cartoon tiger in a navy blue captain's uniform with golden insignias on the shoulders, including rank details and an emblem on the cap. The tiger confidently holds a black skateboard featuring a large yin-yang symbol and Chinese characters. The tiger has vibrant orange fur with bold black stripes, reflecting strength and authority. The background should be a bright light blue framed with beige, emphasizing the character's commanding pose and details of the uniform.",0.3388155698776245
candidate_images/03_Portrait_of_a_tiger_wearing_a_train_conductors_hat_and_hold_0_iter009_stream00.png,"A confident cartoon-style tiger with detailed fur stripes, wearing a blue pilot uniform with a classic cap, holding a skateboard that features a prominent yin-yang symbol in black and white, set against a light blue background framed by a warm beige border.",0.34956637024879456
candidate_images/03_Portrait_of_a_tiger_wearing_a_train_conductors_hat_and_hold_0_iter009_stream01.png,"A strong tiger in a tailored light navy blue captain's uniform with visible buttons and a distinct collar, wearing a matching captain's hat. The tiger holds a skateboard decorated with an orange tiger stripe pattern and a prominent yin-yang symbol. The background is a warm tan color, framed by a soft border. Focus on accurately emphasizing the uniform details, while ensuring the skateboard design reflects vibrant colors and balance, showcasing the tiger's vivid orange and black stripes.",0.3349667191505432
candidate_images/03_Portrait_of_a_tiger_wearing_a_train_conductors_hat_and_hold_0_iter009_stream02.png,"A cartoon tiger in a medium blue captain's uniform with gold insignia, confidently holding a skateboard that features a prominent yin-yang symbol. The tiger showcases bright orange fur and distinct black stripes, displaying a strong and assured expression. The skateboard design should prominently include the yin-yang graphic. The background is a solid light blue, framed by a warm beige border, capturing the tiger's full stature.",0.34957170486450195
candidate_images/03_Portrait_of_a_tiger_wearing_a_train_conductors_hat_and_hold_0_iter009_stream03.png,"A confident cartoon tiger with a slight smile, wearing a blue pilot's uniform with a gold emblem, and holding a skateboard featuring a distinct Yin and Yang design. Enhance the details in the uniform, ensuring a defined look, with a solid light blue background and beige border framing the image.",0.39006608724594116
candidate_images/03_Portrait_of_a_tiger_wearing_a_train_conductors_hat_and_hold_0_iter009_stream04.png,"A muscular tiger in a bright blue police uniform with a peaked cap featuring a recognizable emblem. Holding a skateboard that prominently displays a yin-yang symbol. The background is solid turquoise with a beige border, illustrated in a bold graphic cartoon style, showcasing the tiger's strong and confident posture.",0.36108991503715515
candidate_images/03_Portrait_of_a_tiger_wearing_a_train_conductors_hat_and_hold_0_iter009_stream05.png,"A strong cartoon tiger dressed in a detailed navy blue captain's uniform with golden rank insignias and an emblem on the hat. The tiger holds a black skateboard prominently featuring a yin-yang symbol and additional stylized characters in gold. The tiger has vibrant orange fur with striking black stripes, conveying authority and confidence. The background should be a bright light blue framed with beige, focusing on the character's assertive pose and the precision of the uniform details.",0.33432042598724365
candidate_images/02_Portrait_of_a_tiger_wearing_a_train_conductors_hat_and_hold_0_iter001_stream00.png,"A black and white illustration of a tiger with detailed facial features, wearing a pilot's cap and a uniform. The tiger holds a skateboard with a yin-yang symbol. Strong contrasts, bold strokes, and fine details emphasize the character, expression, and pose.",0.4075516164302826
candidate_images/02_Portrait_of_a_tiger_wearing_a_train_conductors_hat_and_hold_0_iter001_stream01.png,"A realistic tiger wearing a pilot's cap and a striped shirt, standing upright holding a skateboard with a yin-yang symbol. Monochromatic color palette in black, gray, and white. Emphasis on the tiger's expression and the details of the skateboard.",0.38062185049057007
candidate_images/02_Portrait_of_a_tiger_wearing_a_train_conductors_hat_and_hold_0_iter001_stream02.png,"A fierce tiger in a pilot's uniform, wearing a cap, holding a skateboard with a yin-yang symbol. The image is black and white with sharp contrasts, focusing on the tiger's expressive face and detailed clothing.",0.3771742582321167
candidate_images/02_Portrait_of_a_tiger_wearing_a_train_conductors_hat_and_hold_0_iter001_stream03.png,"A tiger wearing a pilot's cap, dressed in a formal shirt, holding a skateboard with a yin-yang design, drawn in grayscale with high contrast, showcasing an anthropomorphic style.",0.3959592580795288
candidate_images/02_Portrait_of_a_tiger_wearing_a_train_conductors_hat_and_hold_0_iter001_stream04.png,"A serious tiger in a pilot's cap and uniform, holding a skateboard with a yin-yang symbol, monochrome style, shades of black and white, artistic drawing.",0.3999115228652954
candidate_images/02_Portrait_of_a_tiger_wearing_a_train_conductors_hat_and_hold_0_iter001_stream05.png,"A monochromatic illustration of a tiger with a pilot's cap, wearing a striped shirt. The tiger is confidently holding a skateboard with a yin-yang symbol on it. The style is artistic, focusing on black and white shading, simple background.",0.3847633898258209
candidate_images/02_Portrait_of_a_tiger_wearing_a_train_conductors_hat_and_hold_0_iter002_stream00.png,"A black and white illustration of a tiger with detailed facial features, wearing a pilot's cap (not goggles) and a formal pilot uniform. The tiger holds a skateboard featuring a yin-yang symbol. Strong contrasts and bold strokes emphasize the unique poses and expressions of both the tiger and its clothing. Ensure traditional pilot cap and accurate skateboard.",0.35514867305755615
candidate_images/02_Portrait_of_a_tiger_wearing_a_train_conductors_hat_and_hold_0_iter002_stream01.png,"A monochromatic illustration of a tiger wearing a pilot's cap and a formal shirt, holding a skateboard with a yin-yang symbol. The setting is plain and emphasizes the serious expression of the tiger. The color scheme should be only black, gray, and white.",0.3871258795261383
candidate_images/02_Portrait_of_a_tiger_wearing_a_train_conductors_hat_and_hold_0_iter002_stream02.png,"A fierce tiger in a detailed pilot's uniform, wearing a cap with insignia, holding a skateboarding featuring a yin-yang symbol. The uniform has buttons and a collar, the tiger's expression is intense and confident, and the background is plain white.",0.3015666902065277
candidate_images/02_Portrait_of_a_tiger_wearing_a_train_conductors_hat_and_hold_0_iter002_stream03.png,"A tiger in a pilot's cap, wearing a formal military-esque shirt, holding a skateboard with a yin-yang design, in a grayscale illustration with high contrast, characterized by detailed textures and an anthropomorphic stance.",0.3873123526573181
candidate_images/02_Portrait_of_a_tiger_wearing_a_train_conductors_hat_and_hold_0_iter002_stream04.png,"A serious tiger wearing a detailed pilot's cap and uniform with stripes, holding a predominantly black skateboard featuring a prominent yin-yang symbol, in a monochrome artistic style, emphasizing shades of black and white.",0.35989412665367126
candidate_images/02_Portrait_of_a_tiger_wearing_a_train_conductors_hat_and_hold_0_iter002_stream05.png,"A detailed monochrome illustration of a tiger in a pilot's uniform complete with a pilot's cap, holding a skateboard featuring a yin-yang symbol. The tiger's expression is confident, with a focus on black and white shading. The background remains simple to highlight the character's features.",0.3936123251914978
candidate_images/03_Portrait_of_a_tiger_wearing_a_train_conductors_hat_and_hold_0_iter010_stream00.png,"A confident cartoon-style tiger with detailed fur stripes, wearing a blue pilot uniform with a classic cap, maintaining a composed demeanor while holding a skateboard featuring a prominent yin-yang symbol, in a light blue background framed by a warm beige border.",0.3598957657814026
candidate_images/03_Portrait_of_a_tiger_wearing_a_train_conductors_hat_and_hold_0_iter010_stream01.png,"A strong tiger in a tailored light navy blue captain's uniform featuring detailed buttons and an identifiable collar, confidently holding a skateboard adorned with bold orange tiger stripes and a yin-yang symbol. The tiger wears a matching captain's hat. The background should be a warm tan color, framed with a soft border. Focus on accurately emphasizing the light color and features of the uniform, allowing for a playful yet striking presence with vivid orange and black stripes.",0.3256913423538208
candidate_images/03_Portrait_of_a_tiger_wearing_a_train_conductors_hat_and_hold_0_iter010_stream02.png,"A cartoon tiger in a navy blue captain's uniform with gold insignia, holding a skateboard that prominently features two yin-yang symbols. The tiger has bright orange fur with distinct black stripes, conveying a confident and friendly expression. The skateboard is held in a stable position, ensuring that the yin-yang designs are clearly visible. The background is a light blue color, framed by a warm beige border, capturing the full stature of the tiger while enhancing the overall composition.",0.36481571197509766
candidate_images/03_Portrait_of_a_tiger_wearing_a_train_conductors_hat_and_hold_0_iter010_stream03.png,"A cartoon tiger with a confident expression, wearing a blue pilot's uniform with a detailed gold emblem, holding a skateboard featuring a distinct Yin and Yang design. Ensure the uniform has detailed features, and the color scheme matches accurately. The background should be light blue with a beige border framing the image.",0.3650371730327606
candidate_images/03_Portrait_of_a_tiger_wearing_a_train_conductors_hat_and_hold_0_iter010_stream04.png,"A muscular tiger in a vibrant blue police uniform with a peaked cap featuring a clear gold emblem. Holding a skateboard that prominently displays a yin-yang symbol, designed with a light color scheme. Background is a solid turquoise with a beige border, illustrated in a bold graphic cartoon style, capturing the tiger's confident stance.",0.3576139211654663
candidate_images/03_Portrait_of_a_tiger_wearing_a_train_conductors_hat_and_hold_0_iter010_stream05.png,"A confident cartoon tiger in a navy blue captain's uniform with golden insignias, including one on the hat. The tiger proudly holds a black skateboard featuring a large, prominent yin-yang symbol in gold and Chinese characters underneath. The tiger has vibrant orange fur with bold black stripes, exuding strength and authority. The background should be a bright light blue framed by beige, highlighting the character's assertive pose and ensuring all uniform and skateboard details are accurately represented.",0.36500459909439087
candidate_images/02_Portrait_of_a_tiger_wearing_a_train_conductors_hat_and_hold_0_iter003_stream00.png,"A black and white illustration of a tiger with distinct facial features, wearing a pilot's cap (without goggles) and a formal pilot uniform with detailed stripes. The tiger holds a skateboard featuring a yin-yang symbol. Ensure strong contrasts and fine details, with a light background instead of a dark one, highlighting the cap and skateboard accurately.",0.39754706621170044
candidate_images/02_Portrait_of_a_tiger_wearing_a_train_conductors_hat_and_hold_0_iter003_stream01.png,"A monochromatic illustration of a serious-looking tiger wearing a formal white pilot's cap and a shirt with a collar, holding a skateboard with a yin-yang symbol. The color palette is strictly black, gray, and white. The background should be plain to emphasize the tiger's expression and outfit.",0.3741597533226013
candidate_images/02_Portrait_of_a_tiger_wearing_a_train_conductors_hat_and_hold_0_iter003_stream02.png,"A fierce tiger in a light-colored pilot's uniform, wearing a cap with insignia, holding a skateboard featuring a prominent yin-yang symbol. The uniform has a collared shirt detail and buttons, and the tiger's expression is intense yet confident, with no extra accessories like goggles. The background is plain white.",0.3443431556224823
candidate_images/02_Portrait_of_a_tiger_wearing_a_train_conductors_hat_and_hold_0_iter003_stream03.png,"A tiger in a distinct pilot's cap, wearing a formal shirt with rolled sleeves, holding a skateboard featuring a yin-yang design, in a black-and-white illustration with high contrast and clear outlines, with no background details.",0.39115580916404724
candidate_images/02_Portrait_of_a_tiger_wearing_a_train_conductors_hat_and_hold_0_iter003_stream04.png,"A serious tiger in a detailed pilot's cap without sunglasses, wearing a uniform with stripes, holding a predominantly black skateboard featuring a clear yin-yang symbol, in a monochrome artistic style with balanced shades of black and white.",0.38286176323890686
candidate_images/02_Portrait_of_a_tiger_wearing_a_train_conductors_hat_and_hold_0_iter003_stream05.png,"An illustration of a confident tiger in a pilot's uniform, with a pilot's cap and a buttoned coat over a collared shirt. The tiger is holding a skateboard featuring a yin-yang symbol. The style is monochrome with detailed shading, and the background is simple and light to highlight the character.",0.3730170428752899
candidate_images/02_Portrait_of_a_tiger_wearing_a_train_conductors_hat_and_hold_0_iter004_stream00.png,"A black and white illustration of a tiger with detailed facial features, wearing a pilot's cap without goggles and a formal pilot uniform with clear designs. The tiger holds a skateboard featuring a yin-yang symbol. Strong contrasts and bold strokes to highlight the character features, with a light-colored background to enhance visibility.",0.406909704208374
candidate_images/02_Portrait_of_a_tiger_wearing_a_train_conductors_hat_and_hold_0_iter004_stream01.png,"A monochromatic illustration of a serious-looking tiger in a pilot's cap and a defined white shirt with a visible collar, holding a skateboard with a yin-yang symbol. The background should be plain light to enhance focus on the tiger. Emphasize the intensity of the tiger's expression and ensure the insignia on the cap is distinct.",0.3561704158782959
candidate_images/02_Portrait_of_a_tiger_wearing_a_train_conductors_hat_and_hold_0_iter004_stream02.png,"A fierce tiger in a dark blue pilot's uniform, wearing a detailed cap without goggles, holding a skateboard featuring a prominent yin-yang symbol. The uniform has a collar and buttons, and the tiger's expression is serious and determined. The image is in black and white with strong contrasts, with a plain white background.",0.3174463212490082
candidate_images/02_Portrait_of_a_tiger_wearing_a_train_conductors_hat_and_hold_0_iter004_stream03.png,"A tiger wearing a pilot's cap, dressed in a formal long-sleeve shirt, holding a skateboard with a clear yin-yang design, in a detailed black-and-white illustration emphasizing shades of gray with high contrast, avoiding any modern variations or distracting backgrounds.",0.3883657455444336
candidate_images/02_Portrait_of_a_tiger_wearing_a_train_conductors_hat_and_hold_0_iter004_stream04.png,"A serious tiger wearing a classic pilot's cap without goggles, dressed in a formal pilot's uniform with stripes, holding a distinctly black skateboard featuring a clear yin-yang symbol, in monochrome artistic style emphasizing balanced shades of black and white.",0.3700898587703705
candidate_images/02_Portrait_of_a_tiger_wearing_a_train_conductors_hat_and_hold_0_iter004_stream05.png,"An illustration of a tiger dressed in a pilot's uniform, complete with a traditional pilot's cap and a neatly buttoned white shirt with a collar. The tiger is holding a skateboard with a prominent yin-yang symbol. The overall style is monochromatic with clean shading, emphasizing the character against a simple light background.",0.38826441764831543
candidate_images/02_Portrait_of_a_tiger_wearing_a_train_conductors_hat_and_hold_0_iter005_stream00.png,"A black and white illustration of a tiger with sharp facial features, wearing a pilot's cap without goggles and a formal pilot uniform with specific stripes. The tiger holds a skateboard with a yin-yang symbol. Emphasize strong contrasts and clean details, ensuring the background is light and the expression closely matches that of the target image.",0.38389909267425537
candidate_images/02_Portrait_of_a_tiger_wearing_a_train_conductors_hat_and_hold_0_iter005_stream01.png,"A monochromatic illustration of a serious-looking tiger wearing a simple pilot's cap without goggles and a plain white formal shirt with a collar, holding a skateboard with a yin-yang symbol. The background is neutral to enhance the focus on the tiger. Emphasize the tiger's serious expression and ensure the skateboard design closely matches the original.",0.3829064965248108
candidate_images/02_Portrait_of_a_tiger_wearing_a_train_conductors_hat_and_hold_0_iter005_stream02.png,"A fierce tiger in a light-colored pilot's uniform, without goggles, holding a skateboard that prominently features a yin-yang symbol. The uniform has clear collar and button details, and the tiger's expression is serious yet confident. Use strong black and white contrasts with a plain white background.",0.3733099102973938
candidate_images/02_Portrait_of_a_tiger_wearing_a_train_conductors_hat_and_hold_0_iter005_stream03.png,"A tiger in a distinct pilot's cap, wearing a classic formal shirt with long sleeves, holding a skateboard featuring a pronounced yin-yang design, in a detailed black-and-white illustration characterized by rich textures and high contrast, avoiding any modern elements.",0.3917502164840698
candidate_images/02_Portrait_of_a_tiger_wearing_a_train_conductors_hat_and_hold_0_iter005_stream04.png,"A serious tiger in a classic pilot's cap with no sunglasses, dressed in a formal pilot's uniform with distinct stripes, holding a primarily black skateboard featuring a clear yin-yang symbol, in a monochrome artistic style that emphasizes shades of black and white.",0.368554025888443
candidate_images/02_Portrait_of_a_tiger_wearing_a_train_conductors_hat_and_hold_0_iter005_stream05.png,"A monochrome illustration of a tiger in a pilot's uniform, wearing a pilot's cap and a buttoned white shirt with a collar. The tiger confidently holds a skateboard featuring a yin-yang symbol. Emphasize clean black and white shading, with a simple and light background to focus on the character.",0.40785759687423706
candidate_images/02_Portrait_of_a_tiger_wearing_a_train_conductors_hat_and_hold_0_iter006_stream00.png,"A black and white illustration of a tiger with distinct facial features, wearing a pilot's cap without goggles and a formal pilot uniform with clear pinstripes, including a defined epaulet design. The tiger holds a skateboard with a yin-yang symbol, ensuring the design accurately reflects the target. Use strong contrasts and specific details, maintaining a light background.",0.3883761763572693
candidate_images/02_Portrait_of_a_tiger_wearing_a_train_conductors_hat_and_hold_0_iter006_stream01.png,"A monochromatic illustration of a serious-looking tiger wearing a formal pilot's cap without goggles and a formal white shirt with a collar, holding a skateboard featuring a yin-yang symbol. The background is simple to emphasize the character's serious expression and proper attire.",0.3967030346393585
candidate_images/02_Portrait_of_a_tiger_wearing_a_train_conductors_hat_and_hold_0_iter006_stream02.png,"A fierce tiger in a light blue pilot's uniform without goggles, holding a skateboard that prominently features a yin-yang symbol. The uniform has collar and button details with clear differentiation for rank insignia, and the tiger's expression is serious yet confident. The background is plain white.",0.31775519251823425
candidate_images/02_Portrait_of_a_tiger_wearing_a_train_conductors_hat_and_hold_0_iter006_stream03.png,"A tiger wearing a classic pilot's cap, dressed in a pilot uniform shirt, holding a skateboard with a distinct yin-yang design, in a detailed black-and-white illustration with rich textures and clear contrasts, ensuring no modern elements are included.",0.4077138304710388
candidate_images/02_Portrait_of_a_tiger_wearing_a_train_conductors_hat_and_hold_0_iter006_stream04.png,"A serious tiger in a classic pilot's cap, dressed in a formal pilot's uniform with distinct stripes, holding a black skateboard featuring a clear yin-yang symbol, without sunglasses, in a monochrome artistic style that emphasizes shades of black and white.",0.36452919244766235
candidate_images/02_Portrait_of_a_tiger_wearing_a_train_conductors_hat_and_hold_0_iter006_stream05.png,"A monochrome illustration of a confident tiger in a pilot's uniform, wearing a pilot's cap and a neatly buttoned white shirt with folded sleeves. The tiger holds a skateboard featuring a yin-yang symbol. Ensure that shirt details, including a pocket and insignia, are included, with clean black and white shading against a simple, light background.",0.38283857703208923
candidate_images/02_Portrait_of_a_tiger_wearing_a_train_conductors_hat_and_hold_0_iter007_stream00.png,"A black and white illustration of a tiger with prominent facial features, wearing a pilot's cap without goggles and a simple formal pilot uniform. The uniform should not include pinstripes. The tiger holds a skateboard featuring a yin-yang symbol, ensuring clear design details. Strong contrasts should be used, with a plain light background for clarity.",0.39576035737991333
candidate_images/02_Portrait_of_a_tiger_wearing_a_train_conductors_hat_and_hold_0_iter007_stream01.png,"A monochromatic illustration of a serious-looking tiger wearing a formal pilot's cap without goggles and a plain white formal shirt with a collar, holding a skateboard featuring a yin-yang symbol design. The background is simple to enhance the focus on the tiger's serious expression and formal attire.",0.35887524485588074
candidate_images/02_Portrait_of_a_tiger_wearing_a_train_conductors_hat_and_hold_0_iter007_stream02.png,"A fierce tiger in a light blue pilot's uniform without goggles, holding a skateboard that prominently features a simple yin-yang symbol. The uniform should have clear collar and button details, with the tiger's expression serious and confident. The background is plain white.",0.3332022726535797
candidate_images/02_Portrait_of_a_tiger_wearing_a_train_conductors_hat_and_hold_0_iter007_stream03.png,"A tiger wearing a pilot's cap without goggles, dressed in a classic pilot uniform shirt with rolled sleeves, holding a skateboard featuring a bold yin-yang design, in a highly detailed black-and-white illustration with strong contrast, ensuring a clean and focused overall aesthetic.",0.4101676344871521
candidate_images/02_Portrait_of_a_tiger_wearing_a_train_conductors_hat_and_hold_0_iter007_stream04.png,"A serious tiger in a classic pilot's cap, dressed in a formal pilot's uniform with distinct stripes, holding a black skateboard featuring a clear yin-yang symbol, with no sunglasses, in a monochrome artistic style that emphasizes shades of black and white.",0.35765519738197327
candidate_images/02_Portrait_of_a_tiger_wearing_a_train_conductors_hat_and_hold_0_iter007_stream05.png,"A monochrome illustration of a tiger in a pilot's uniform, featuring a pilot's cap and a neatly buttoned white shirt with a collar and a pocket. The tiger holds a skateboard displaying a yin-yang symbol. Emphasize shirt details like insignia and collar cleanliness, ensuring proper hand placement on the skateboard, with a light background to enhance focus on the character.",0.3906662166118622
candidate_images/02_Portrait_of_a_tiger_wearing_a_train_conductors_hat_and_hold_0_iter008_stream00.png,"A black and white illustration of a tiger with sharp facial features, wearing a pilot's cap without goggles and a clean, simple pilot uniform. The uniform should not have any stripes or unnecessary details. The tiger holds a skateboard with a prominent yin-yang symbol and a basic design, ensuring clarity. Use strong contrasts with a light background for better visibility.",0.3844898045063019
candidate_images/02_Portrait_of_a_tiger_wearing_a_train_conductors_hat_and_hold_0_iter008_stream01.png,"A monochromatic illustration of a serious-looking tiger wearing a formal pilot's cap without goggles and a crisp white formal shirt with a collar, holding a skateboard featuring a precise yin-yang symbol design. The background should be neutral to focus attention on the character's serious expression and formal attire.",0.3754321038722992
candidate_images/02_Portrait_of_a_tiger_wearing_a_train_conductors_hat_and_hold_0_iter008_stream02.png,"A fierce tiger in a light blue pilot's uniform without goggles, holding a skateboard with a prominent yin-yang symbol. The uniform has clear collar and button details that align with a classic pilot style. The tiger's expression is serious and confident, against a plain white background.",0.3542312681674957
candidate_images/02_Portrait_of_a_tiger_wearing_a_train_conductors_hat_and_hold_0_iter008_stream03.png,"A tiger wearing a classic pilot's cap without any goggles, dressed in a traditional pilot uniform shirt, holding a skateboard featuring a bold and clear yin-yang design, in a detailed black-and-white illustration characterized by sharp contrasts and strong textures, avoiding any non-uniform elements.",0.38232600688934326
candidate_images/02_Portrait_of_a_tiger_wearing_a_train_conductors_hat_and_hold_0_iter008_stream04.png,"A serious tiger in a classic pilot's cap, dressed in a formal pilot's uniform with distinct stripes, holding a black skateboard featuring a clear yin-yang symbol, without sunglasses or extra stripes, in a monochrome artistic style emphasizing shades of black and white.",0.36051589250564575
candidate_images/02_Portrait_of_a_tiger_wearing_a_train_conductors_hat_and_hold_0_iter008_stream05.png,"A monochrome illustration of a confident tiger wearing a pilot's cap and a neatly buttoned white shirt with a collar. Include a clear pocket on the shirt and a pilot insignia on the shoulder. The tiger holds a skateboard with a prominent yin-yang symbol. Emphasize precise shirt details and ensure a relaxed hand position around the skateboard, maintaining a light background that focuses on the character.",0.368461012840271
candidate_images/02_Portrait_of_a_tiger_wearing_a_train_conductors_hat_and_hold_0_iter009_stream00.png,"A black and white illustration of a tiger with distinct facial features, wearing a pilot's cap without goggles and a traditional pilot uniform lacking detailed embellishments. The tiger holds a skateboard featuring a simple yin-yang symbol without additional design elements. Ensure high contrast and clarity against a light background.",0.4013808071613312
candidate_images/02_Portrait_of_a_tiger_wearing_a_train_conductors_hat_and_hold_0_iter009_stream01.png,"A monochromatic illustration of a serious-looking tiger wearing a formal pilot's cap without goggles and a crisp white formal shirt with a collar, holding a skateboard featuring a precise yin-yang symbol design. The background should be simple to focus attention on the tiger's serious expression and formal attire.",0.37367212772369385
candidate_images/02_Portrait_of_a_tiger_wearing_a_train_conductors_hat_and_hold_0_iter009_stream02.png,"A fierce tiger in a light blue pilot's uniform without goggles, holding a skateboard featuring a clear, prominent yin-yang symbol. The uniform is styled classically with detailed collar and button features. The tiger's expression is serious and confident against a plain white background.",0.36052247881889343
candidate_images/02_Portrait_of_a_tiger_wearing_a_train_conductors_hat_and_hold_0_iter009_stream03.png,"A tiger wearing a classic pilot's cap without goggles, dressed in a traditional pilot uniform shirt, holding a skateboard with a clear and bold yin-yang design, depicted in a detailed black-and-white illustration characterized by strong contrasts and textures, ensuring the overall style is cohesive and focused.",0.3976559638977051
candidate_images/02_Portrait_of_a_tiger_wearing_a_train_conductors_hat_and_hold_0_iter009_stream04.png,"A serious tiger in a classic pilot's cap, dressed in a formal pilot's uniform with distinct stripes, holding a black skateboard featuring a clear yin-yang symbol, without sunglasses, in a monochrome ink drawing style that emphasizes shades of black and gray.",0.36145660281181335
candidate_images/02_Portrait_of_a_tiger_wearing_a_train_conductors_hat_and_hold_0_iter009_stream05.png,"A monochrome illustration of a tiger in a pilot's uniform, featuring a pilot's cap without goggles and a neatly buttoned white shirt with a defined collar and a pocket. The tiger confidently holds a skateboard displaying a yin-yang symbol. Emphasize the correct collar style and ensure the shirt has matching sleeves without additional insignia, set against a simple light background.",0.38200366497039795
candidate_images/02_Portrait_of_a_tiger_wearing_a_train_conductors_hat_and_hold_0_iter010_stream00.png,"A black and white illustration of a tiger with prominent facial features, wearing a pilot's cap without goggles and a clean, simple pilot uniform that lacks any insignia or unnecessary detail. The tiger holds a skateboard featuring a distinct yin-yang symbol with minimal extra elements. Opt for strong contrast against a light background for clarity.",0.40560677647590637
candidate_images/02_Portrait_of_a_tiger_wearing_a_train_conductors_hat_and_hold_0_iter010_stream01.png,"A monochromatic illustration of a serious-looking tiger wearing a formal pilot's cap without goggles and a crisp white formal shirt with a collar, holding a skateboard featuring a detailed yin-yang symbol. The background should remain neutral, emphasizing the tiger's serious expression and formal attire.",0.37453290820121765
candidate_images/02_Portrait_of_a_tiger_wearing_a_train_conductors_hat_and_hold_0_iter010_stream02.png,"A fierce tiger in a light blue pilot's uniform without goggles, holding a skateboard that prominently features a simple yin-yang symbol. The uniform must have no pockets and include classic collar and button details, reflecting a traditional pilot style. The tiger's expression is serious and confident against a plain white background.",0.36892154812812805
candidate_images/02_Portrait_of_a_tiger_wearing_a_train_conductors_hat_and_hold_0_iter010_stream03.png,"A tiger wearing a traditional pilot's cap without goggles, in a classic pilot uniform shirt holding a skateboard that features a clear and bold yin-yang design, represented in a detailed black-and-white illustration with sharp contrasts and textures, focusing on a cohesive and intentional style.",0.40130287408828735
candidate_images/02_Portrait_of_a_tiger_wearing_a_train_conductors_hat_and_hold_0_iter010_stream04.png,"A serious tiger in a classic pilot's cap, dressed in a formal pilot's uniform with distinct stripes, holding a black skateboard featuring a clear yin-yang symbol, without sunglasses, in a monochrome artistic style that emphasizes shades of black and gray, resembling an ink drawing.",0.3641378581523895
candidate_images/02_Portrait_of_a_tiger_wearing_a_train_conductors_hat_and_hold_0_iter010_stream05.png,"A monochrome illustration of a tiger in a pilot's uniform, wearing a pilot's cap without goggles and a neatly buttoned white shirt with a defined collar and a pocket. The tiger confidently holds a skateboard displaying a traditional yin-yang symbol. Emphasize the accurate collar style, no extra accessories like goggles or suspenders, and ensure the skateboard's design matches the reference image, with a simple light background.",0.3990746736526489
