round,pair_idx,i,j,imgA,imgB,scoreA,scoreB,winner,conf,dino_scoreA,dino_scoreB,dino_margin,dino_winner,match,vlm_margin,vlm_sign,dino_sign,judge_tag,t2i_dir,model_label
1,1,3,1,round001_pair001_i3_A.png,round001_pair001_j1_B.png,6.0,8.0,1,0.8,0.5124244689941406,0.4903952181339264,0.022029250860214233,0,0,-2.0,-1.0,1.0,gpt_4_1_mini,flux1_fal_duel,Flux1-duel
1,2,4,0,round001_pair002_i4_A.png,round001_pair002_j0_B.png,6.0,8.0,1,0.85,0.48617494106292725,0.47695744037628174,0.009217500686645508,0,0,-2.0,-1.0,1.0,gpt_4_1_mini,flux1_fal_duel,Flux1-duel
1,3,2,5,round001_pair003_i2_A.png,round001_pair003_j5_B.png,7.0,9.0,1,0.85,0.50885009765625,0.4936492145061493,0.015200883150100708,0,0,-2.0,-1.0,1.0,gpt_4_1_mini,flux1_fal_duel,Flux1-duel
1,4,3,2,round001_pair004_i3_A.png,round001_pair004_j2_B.png,8.0,6.0,0,0.85,0.5503734350204468,0.422955185174942,0.12741824984550476,0,1,2.0,1.0,1.0,gpt_4_1_mini,flux1_fal_duel,Flux1-duel
1,5,3,0,round001_pair005_i3_A.png,round001_pair005_j0_B.png,7.0,8.5,1,0.85,0.5121932029724121,0.4205104112625122,0.0916827917098999,0,0,-1.5,-1.0,1.0,gpt_4_1_mini,flux1_fal_duel,Flux1-duel
1,6,3,4,round001_pair006_i3_A.png,round001_pair006_j4_B.png,8.0,4.0,0,0.85,0.4690830111503601,0.517057478427887,-0.047974467277526855,1,0,4.0,1.0,-1.0,gpt_4_1_mini,flux1_fal_duel,Flux1-duel
1,7,3,1,round001_pair007_i3_A.png,round001_pair007_j1_B.png,6.0,8.0,1,0.85,0.49909359216690063,0.47242122888565063,0.02667236328125,0,0,-2.0,-1.0,1.0,gpt_4_1_mini,flux1_fal_duel,Flux1-duel
1,8,3,5,round001_pair008_i3_A.png,round001_pair008_j5_B.png,8.0,5.0,0,0.85,0.5300995111465454,0.4607708156108856,0.06932869553565979,0,1,3.0,1.0,1.0,gpt_4_1_mini,flux1_fal_duel,Flux1-duel
1,9,3,2,round001_pair009_i3_A.png,round001_pair009_j2_B.png,7.0,9.0,1,0.85,0.49391472339630127,0.4807054400444031,0.013209283351898193,0,0,-2.0,-1.0,1.0,gpt_4_1_mini,flux1_fal_duel,Flux1-duel
1,10,3,4,round001_pair010_i3_A.png,round001_pair010_j4_B.png,6.0,8.0,1,0.8,0.46101346611976624,0.45419448614120483,0.006818979978561401,0,0,-2.0,-1.0,1.0,gpt_4_1_mini,flux1_fal_duel,Flux1-duel
2,1,4,0,round002_pair001_i4_A.png,round002_pair001_j0_B.png,7.0,8.5,1,0.85,0.46061521768569946,0.5926265120506287,-0.1320112943649292,1,1,-1.5,-1.0,-1.0,gpt_4_1_mini,flux1_fal_duel,Flux1-duel
2,2,3,1,round002_pair002_i3_A.png,round002_pair002_j1_B.png,7.0,8.5,1,0.85,0.45248597860336304,0.44793790578842163,0.004548072814941406,0,0,-1.5,-1.0,1.0,gpt_4_1_mini,flux1_fal_duel,Flux1-duel
2,3,2,5,round002_pair003_i2_A.png,round002_pair003_j5_B.png,6.0,8.0,1,0.85,0.4690541625022888,0.4723341166973114,-0.003279954195022583,1,1,-2.0,-1.0,-1.0,gpt_4_1_mini,flux1_fal_duel,Flux1-duel
2,4,4,0,round002_pair004_i4_A.png,round002_pair004_j0_B.png,7.0,9.0,1,0.85,0.45363959670066833,0.4893454313278198,-0.03570583462715149,1,1,-2.0,-1.0,-1.0,gpt_4_1_mini,flux1_fal_duel,Flux1-duel
2,5,4,1,round002_pair005_i4_A.png,round002_pair005_j1_B.png,8.5,6.5,0,0.85,0.47073274850845337,0.3943594694137573,0.07637327909469604,0,1,2.0,1.0,1.0,gpt_4_1_mini,flux1_fal_duel,Flux1-duel
2,6,4,2,round002_pair006_i4_A.png,round002_pair006_j2_B.png,8.0,6.0,0,0.8,0.47564855217933655,0.35705819725990295,0.1185903549194336,0,1,2.0,1.0,1.0,gpt_4_1_mini,flux1_fal_duel,Flux1-duel
2,7,4,3,round002_pair007_i4_A.png,round002_pair007_j3_B.png,8.0,6.0,0,0.8,0.44586896896362305,0.4668058156967163,-0.02093684673309326,1,0,2.0,1.0,-1.0,gpt_4_1_mini,flux1_fal_duel,Flux1-duel
2,8,4,5,round002_pair008_i4_A.png,round002_pair008_j5_B.png,8.5,5.0,0,0.8,0.46830180287361145,0.4857204556465149,-0.017418652772903442,1,0,3.5,1.0,-1.0,gpt_4_1_mini,flux1_fal_duel,Flux1-duel
2,9,4,3,round002_pair009_i4_A.png,round002_pair009_j3_B.png,8.0,6.0,0,0.85,0.4909133315086365,0.49893543124198914,-0.008022099733352661,1,0,2.0,1.0,-1.0,gpt_4_1_mini,flux1_fal_duel,Flux1-duel
2,10,4,3,round002_pair010_i4_A.png,round002_pair010_j3_B.png,6.5,8.5,1,0.85,0.4203534722328186,0.5037568211555481,-0.08340334892272949,1,1,-2.0,-1.0,-1.0,gpt_4_1_mini,flux1_fal_duel,Flux1-duel
3,1,4,0,round003_pair001_i4_A.png,round003_pair001_j0_B.png,7.0,9.0,1,0.85,0.4996131658554077,0.49823305010795593,0.0013801157474517822,0,0,-2.0,-1.0,1.0,gpt_4_1_mini,flux1_fal_duel,Flux1-duel
3,2,5,2,round003_pair002_i5_A.png,round003_pair002_j2_B.png,8.0,6.0,0,0.85,0.5053240060806274,0.489890992641449,0.015433013439178467,0,1,2.0,1.0,1.0,gpt_4_1_mini,flux1_fal_duel,Flux1-duel
3,3,3,1,round003_pair003_i3_A.png,round003_pair003_j1_B.png,6.0,8.0,1,0.9,0.45834922790527344,0.4486294984817505,0.00971972942352295,0,0,-2.0,-1.0,1.0,gpt_4_1_mini,flux1_fal_duel,Flux1-duel
3,4,4,1,round003_pair004_i4_A.png,round003_pair004_j1_B.png,9.0,7.0,0,0.85,0.469657301902771,0.38711556792259216,0.08254173398017883,0,1,2.0,1.0,1.0,gpt_4_1_mini,flux1_fal_duel,Flux1-duel
3,5,4,0,round003_pair005_i4_A.png,round003_pair005_j0_B.png,6.0,8.0,1,0.85,0.4703114628791809,0.4690459966659546,0.0012654662132263184,0,0,-2.0,-1.0,1.0,gpt_4_1_mini,flux1_fal_duel,Flux1-duel
3,6,4,0,round003_pair006_i4_A.png,round003_pair006_j0_B.png,4.0,8.0,1,0.85,0.496203750371933,0.4439987242221832,0.052205026149749756,0,0,-4.0,-1.0,1.0,gpt_4_1_mini,flux1_fal_duel,Flux1-duel
3,7,4,1,round003_pair007_i4_A.png,round003_pair007_j1_B.png,7.0,8.5,1,0.85,0.4943559765815735,0.45366013050079346,0.04069584608078003,0,0,-1.5,-1.0,1.0,gpt_4_1_mini,flux1_fal_duel,Flux1-duel
3,8,4,5,round003_pair008_i4_A.png,round003_pair008_j5_B.png,6.0,8.0,1,0.85,0.47754713892936707,0.4661431908607483,0.011403948068618774,0,0,-2.0,-1.0,1.0,gpt_4_1_mini,flux1_fal_duel,Flux1-duel
3,9,4,5,round003_pair009_i4_A.png,round003_pair009_j5_B.png,7.0,9.0,1,0.85,0.4736731946468353,0.49246087670326233,-0.018787682056427002,1,1,-2.0,-1.0,-1.0,gpt_4_1_mini,flux1_fal_duel,Flux1-duel
3,10,4,3,round003_pair010_i4_A.png,round003_pair010_j3_B.png,6.0,8.0,1,0.85,0.5094776749610901,0.5203368663787842,-0.010859191417694092,1,1,-2.0,-1.0,-1.0,gpt_4_1_mini,flux1_fal_duel,Flux1-duel
4,1,4,2,round004_pair001_i4_A.png,round004_pair001_j2_B.png,8.5,7.0,0,0.85,0.5054199695587158,0.5141230225563049,-0.008703052997589111,1,0,1.5,1.0,-1.0,gpt_4_1_mini,flux1_fal_duel,Flux1-duel
4,2,3,0,round004_pair002_i3_A.png,round004_pair002_j0_B.png,8.5,6.5,0,0.85,0.5885711312294006,0.4453728199005127,0.14319831132888794,0,1,2.0,1.0,1.0,gpt_4_1_mini,flux1_fal_duel,Flux1-duel
4,3,1,5,round004_pair003_i1_A.png,round004_pair003_j5_B.png,7.0,9.0,1,0.85,0.48356637358665466,0.5269988775253296,-0.04343250393867493,1,1,-2.0,-1.0,-1.0,gpt_4_1_mini,flux1_fal_duel,Flux1-duel
4,4,4,1,round004_pair004_i4_A.png,round004_pair004_j1_B.png,7.0,8.5,1,0.85,0.45467448234558105,0.4547499716281891,-7.548928260803223e-05,1,1,-1.5,-1.0,-1.0,gpt_4_1_mini,flux1_fal_duel,Flux1-duel
4,5,4,0,round004_pair005_i4_A.png,round004_pair005_j0_B.png,6.0,8.0,1,0.9,0.4945562183856964,0.49047285318374634,0.004083365201950073,0,0,-2.0,-1.0,1.0,gpt_4_1_mini,flux1_fal_duel,Flux1-duel
4,6,4,1,round004_pair006_i4_A.png,round004_pair006_j1_B.png,7.0,8.0,1,0.85,0.49238818883895874,0.459258109331131,0.03313007950782776,0,0,-1.0,-1.0,1.0,gpt_4_1_mini,flux1_fal_duel,Flux1-duel
4,7,4,5,round004_pair007_i4_A.png,round004_pair007_j5_B.png,6.0,8.0,1,0.8,0.4947505593299866,0.5685692429542542,-0.07381868362426758,1,1,-2.0,-1.0,-1.0,gpt_4_1_mini,flux1_fal_duel,Flux1-duel
4,8,4,3,round004_pair008_i4_A.png,round004_pair008_j3_B.png,8.0,6.0,0,0.85,0.5370999574661255,0.5125207901000977,0.024579167366027832,0,1,2.0,1.0,1.0,gpt_4_1_mini,flux1_fal_duel,Flux1-duel
4,9,4,0,round004_pair009_i4_A.png,round004_pair009_j0_B.png,6.0,8.0,1,0.9,0.45838865637779236,0.4510189890861511,0.007369667291641235,0,0,-2.0,-1.0,1.0,gpt_4_1_mini,flux1_fal_duel,Flux1-duel
4,10,4,1,round004_pair010_i4_A.png,round004_pair010_j1_B.png,7.0,9.0,1,0.85,0.5003294944763184,0.4633255898952484,0.037003904581069946,0,0,-2.0,-1.0,1.0,gpt_4_1_mini,flux1_fal_duel,Flux1-duel
5,1,4,1,round005_pair001_i4_A.png,round005_pair001_j1_B.png,7.5,9.0,1,0.85,0.46037429571151733,0.5168694257736206,-0.05649513006210327,1,1,-1.5,-1.0,-1.0,gpt_4_1_mini,flux1_fal_duel,Flux1-duel
5,2,0,3,round005_pair002_i0_A.png,round005_pair002_j3_B.png,8.5,7.0,0,0.85,0.505681037902832,0.5100460052490234,-0.004364967346191406,1,0,1.5,1.0,-1.0,gpt_4_1_mini,flux1_fal_duel,Flux1-duel
5,3,2,5,round005_pair003_i2_A.png,round005_pair003_j5_B.png,6.0,8.0,1,0.85,0.5250676870346069,0.5403984785079956,-0.015330791473388672,1,1,-2.0,-1.0,-1.0,gpt_4_1_mini,flux1_fal_duel,Flux1-duel
5,4,4,2,round005_pair004_i4_A.png,round005_pair004_j2_B.png,7.0,9.0,1,0.85,0.47383996844291687,0.49878591299057007,-0.024945944547653198,1,1,-2.0,-1.0,-1.0,gpt_4_1_mini,flux1_fal_duel,Flux1-duel
5,5,4,2,round005_pair005_i4_A.png,round005_pair005_j2_B.png,8.0,6.5,0,0.8,0.5022105574607849,0.48798298835754395,0.014227569103240967,0,1,1.5,1.0,1.0,gpt_4_1_mini,flux1_fal_duel,Flux1-duel
5,6,4,1,round005_pair006_i4_A.png,round005_pair006_j1_B.png,9.0,7.0,0,0.85,0.48633870482444763,0.48657020926475525,-0.0002315044403076172,1,0,2.0,1.0,-1.0,gpt_4_1_mini,flux1_fal_duel,Flux1-duel
5,7,4,1,round005_pair007_i4_A.png,round005_pair007_j1_B.png,6.0,8.0,1,0.75,0.4750593602657318,0.48912274837493896,-0.014063388109207153,1,1,-2.0,-1.0,-1.0,gpt_4_1_mini,flux1_fal_duel,Flux1-duel
5,8,4,0,round005_pair008_i4_A.png,round005_pair008_j0_B.png,8.0,5.0,0,0.8,0.531639575958252,0.5679193139076233,-0.03627973794937134,1,0,3.0,1.0,-1.0,gpt_4_1_mini,flux1_fal_duel,Flux1-duel
5,9,4,2,round005_pair009_i4_A.png,round005_pair009_j2_B.png,7.0,9.0,1,0.85,0.4309927821159363,0.4637293219566345,-0.03273653984069824,1,1,-2.0,-1.0,-1.0,gpt_4_1_mini,flux1_fal_duel,Flux1-duel
5,10,4,5,round005_pair010_i4_A.png,round005_pair010_j5_B.png,6.0,8.0,1,0.85,0.5434634685516357,0.5336960554122925,0.009767413139343262,0,0,-2.0,-1.0,1.0,gpt_4_1_mini,flux1_fal_duel,Flux1-duel
1,1,3,1,round001_pair001_i3_A.png,round001_pair001_j1_B.png,6.0,8.0,1,0.85,0.5124244689941406,0.4903952181339264,0.022029250860214233,0,0,-2.0,-1.0,1.0,gpt_4_1_mini,flux1_fal_duel,Flux1-duel
1,2,4,0,round001_pair002_i4_A.png,round001_pair002_j0_B.png,7.0,9.0,1,0.85,0.48617494106292725,0.47695744037628174,0.009217500686645508,0,0,-2.0,-1.0,1.0,gpt_4_1_mini,flux1_fal_duel,Flux1-duel
1,3,2,5,round001_pair003_i2_A.png,round001_pair003_j5_B.png,65.0,85.0,1,0.85,0.50885009765625,0.4936492145061493,0.015200883150100708,0,0,-20.0,-1.0,1.0,gpt_4_1_mini,flux1_fal_duel,Flux1-duel
1,4,3,2,round001_pair004_i3_A.png,round001_pair004_j2_B.png,65.0,80.0,1,0.85,0.5503734350204468,0.422955185174942,0.12741824984550476,0,0,-15.0,-1.0,1.0,gpt_4_1_mini,flux1_fal_duel,Flux1-duel
1,5,3,0,round001_pair005_i3_A.png,round001_pair005_j0_B.png,6.0,8.0,1,0.9,0.5121932029724121,0.4205104112625122,0.0916827917098999,0,0,-2.0,-1.0,1.0,gpt_4_1_mini,flux1_fal_duel,Flux1-duel
1,6,3,4,round001_pair006_i3_A.png,round001_pair006_j4_B.png,7.0,8.5,1,0.85,0.4690830111503601,0.517057478427887,-0.047974467277526855,1,1,-1.5,-1.0,-1.0,gpt_4_1_mini,flux1_fal_duel,Flux1-duel
1,7,3,1,round001_pair007_i3_A.png,round001_pair007_j1_B.png,6.0,8.0,1,0.85,0.49909359216690063,0.47242122888565063,0.02667236328125,0,0,-2.0,-1.0,1.0,gpt_4_1_mini,flux1_fal_duel,Flux1-duel
1,8,3,5,round001_pair008_i3_A.png,round001_pair008_j5_B.png,6.0,9.0,1,0.9,0.5300995111465454,0.4607708156108856,0.06932869553565979,0,0,-3.0,-1.0,1.0,gpt_4_1_mini,flux1_fal_duel,Flux1-duel
1,9,3,2,round001_pair009_i3_A.png,round001_pair009_j2_B.png,6.0,8.0,1,0.85,0.49391472339630127,0.4807054400444031,0.013209283351898193,0,0,-2.0,-1.0,1.0,gpt_4_1_mini,flux1_fal_duel,Flux1-duel
1,10,3,4,round001_pair010_i3_A.png,round001_pair010_j4_B.png,8.0,5.0,0,0.85,0.46101346611976624,0.45419448614120483,0.006818979978561401,0,1,3.0,1.0,1.0,gpt_4_1_mini,flux1_fal_duel,Flux1-duel
2,1,4,0,round002_pair001_i4_A.png,round002_pair001_j0_B.png,8.0,5.0,0,0.8,0.46061521768569946,0.5926265120506287,-0.1320112943649292,1,0,3.0,1.0,-1.0,gpt_4_1_mini,flux1_fal_duel,Flux1-duel
2,2,3,1,round002_pair002_i3_A.png,round002_pair002_j1_B.png,9.0,7.0,0,0.85,0.45248597860336304,0.44793790578842163,0.004548072814941406,0,1,2.0,1.0,1.0,gpt_4_1_mini,flux1_fal_duel,Flux1-duel
2,3,2,5,round002_pair003_i2_A.png,round002_pair003_j5_B.png,7.0,8.0,1,0.85,0.4690541625022888,0.4723341166973114,-0.003279954195022583,1,1,-1.0,-1.0,-1.0,gpt_4_1_mini,flux1_fal_duel,Flux1-duel
2,4,4,0,round002_pair004_i4_A.png,round002_pair004_j0_B.png,6.0,8.0,1,0.9,0.45363959670066833,0.4893454313278198,-0.03570583462715149,1,1,-2.0,-1.0,-1.0,gpt_4_1_mini,flux1_fal_duel,Flux1-duel
2,5,4,1,round002_pair005_i4_A.png,round002_pair005_j1_B.png,9.0,6.0,0,0.85,0.47073274850845337,0.3943594694137573,0.07637327909469604,0,1,3.0,1.0,1.0,gpt_4_1_mini,flux1_fal_duel,Flux1-duel
2,6,4,2,round002_pair006_i4_A.png,round002_pair006_j2_B.png,9.0,7.0,0,0.8,0.47564855217933655,0.35705819725990295,0.1185903549194336,0,1,2.0,1.0,1.0,gpt_4_1_mini,flux1_fal_duel,Flux1-duel
2,7,4,3,round002_pair007_i4_A.png,round002_pair007_j3_B.png,6.0,8.0,1,0.9,0.44586896896362305,0.4668058156967163,-0.02093684673309326,1,1,-2.0,-1.0,-1.0,gpt_4_1_mini,flux1_fal_duel,Flux1-duel
2,8,4,5,round002_pair008_i4_A.png,round002_pair008_j5_B.png,6.0,8.0,1,0.9,0.46830180287361145,0.4857204556465149,-0.017418652772903442,1,1,-2.0,-1.0,-1.0,gpt_4_1_mini,flux1_fal_duel,Flux1-duel
2,9,4,3,round002_pair009_i4_A.png,round002_pair009_j3_B.png,8.0,6.0,0,0.8,0.4909133315086365,0.49893543124198914,-0.008022099733352661,1,0,2.0,1.0,-1.0,gpt_4_1_mini,flux1_fal_duel,Flux1-duel
2,10,4,3,round002_pair010_i4_A.png,round002_pair010_j3_B.png,8.0,6.0,0,0.85,0.4203534722328186,0.5037568211555481,-0.08340334892272949,1,0,2.0,1.0,-1.0,gpt_4_1_mini,flux1_fal_duel,Flux1-duel
1,1,3,1,round001_pair001_i3_A.png,round001_pair001_j1_B.png,0.0,8.0,1,0.85,0.5124244689941406,0.4903952181339264,0.022029250860214233,0,0,-8.0,-1.0,1.0,gpt_4_1_mini,flux1_fal_duel,Flux1-duel
1,2,4,0,round001_pair002_i4_A.png,round001_pair002_j0_B.png,8.0,6.0,0,0.9,0.48617494106292725,0.47695744037628174,0.009217500686645508,0,1,2.0,1.0,1.0,gpt_4_1_mini,flux1_fal_duel,Flux1-duel
1,3,2,5,round001_pair003_i2_A.png,round001_pair003_j5_B.png,6.0,8.0,1,0.85,0.50885009765625,0.4936492145061493,0.015200883150100708,0,0,-2.0,-1.0,1.0,gpt_4_1_mini,flux1_fal_duel,Flux1-duel
1,4,3,2,round001_pair004_i3_A.png,round001_pair004_j2_B.png,7.0,8.0,1,0.85,0.5503734350204468,0.422955185174942,0.12741824984550476,0,0,-1.0,-1.0,1.0,gpt_4_1_mini,flux1_fal_duel,Flux1-duel
1,5,3,0,round001_pair005_i3_A.png,round001_pair005_j0_B.png,7.0,8.0,1,0.8,0.5121932029724121,0.4205104112625122,0.0916827917098999,0,0,-1.0,-1.0,1.0,gpt_4_1_mini,flux1_fal_duel,Flux1-duel
1,6,3,4,round001_pair006_i3_A.png,round001_pair006_j4_B.png,6.0,8.0,1,0.85,0.4690830111503601,0.517057478427887,-0.047974467277526855,1,1,-2.0,-1.0,-1.0,gpt_4_1_mini,flux1_fal_duel,Flux1-duel
1,7,3,1,round001_pair007_i3_A.png,round001_pair007_j1_B.png,8.0,6.0,0,0.9,0.49909359216690063,0.47242122888565063,0.02667236328125,0,1,2.0,1.0,1.0,gpt_4_1_mini,flux1_fal_duel,Flux1-duel
1,8,3,5,round001_pair008_i3_A.png,round001_pair008_j5_B.png,7.0,8.0,1,0.85,0.5300995111465454,0.4607708156108856,0.06932869553565979,0,0,-1.0,-1.0,1.0,gpt_4_1_mini,flux1_fal_duel,Flux1-duel
1,9,3,2,round001_pair009_i3_A.png,round001_pair009_j2_B.png,7.0,9.0,1,0.85,0.49391472339630127,0.4807054400444031,0.013209283351898193,0,0,-2.0,-1.0,1.0,gpt_4_1_mini,flux1_fal_duel,Flux1-duel
1,10,3,4,round001_pair010_i3_A.png,round001_pair010_j4_B.png,7.0,8.5,1,0.85,0.46101346611976624,0.45419448614120483,0.006818979978561401,0,0,-1.5,-1.0,1.0,gpt_4_1_mini,flux1_fal_duel,Flux1-duel
2,1,4,0,round002_pair001_i4_A.png,round002_pair001_j0_B.png,9.0,7.0,0,0.85,0.46061521768569946,0.5926265120506287,-0.1320112943649292,1,0,2.0,1.0,-1.0,gpt_4_1_mini,flux1_fal_duel,Flux1-duel
2,2,3,1,round002_pair002_i3_A.png,round002_pair002_j1_B.png,6.0,8.0,1,0.85,0.45248597860336304,0.44793790578842163,0.004548072814941406,0,0,-2.0,-1.0,1.0,gpt_4_1_mini,flux1_fal_duel,Flux1-duel
2,3,2,5,round002_pair003_i2_A.png,round002_pair003_j5_B.png,6.0,8.0,1,0.85,0.4690541625022888,0.4723341166973114,-0.003279954195022583,1,1,-2.0,-1.0,-1.0,gpt_4_1_mini,flux1_fal_duel,Flux1-duel
2,4,4,0,round002_pair004_i4_A.png,round002_pair004_j0_B.png,6.0,8.0,1,0.85,0.45363959670066833,0.4893454313278198,-0.03570583462715149,1,1,-2.0,-1.0,-1.0,gpt_4_1_mini,flux1_fal_duel,Flux1-duel
2,5,4,1,round002_pair005_i4_A.png,round002_pair005_j1_B.png,8.0,5.0,0,0.8,0.47073274850845337,0.3943594694137573,0.07637327909469604,0,1,3.0,1.0,1.0,gpt_4_1_mini,flux1_fal_duel,Flux1-duel
2,6,4,2,round002_pair006_i4_A.png,round002_pair006_j2_B.png,8.0,6.0,0,0.9,0.47564855217933655,0.35705819725990295,0.1185903549194336,0,1,2.0,1.0,1.0,gpt_4_1_mini,flux1_fal_duel,Flux1-duel
2,7,4,3,round002_pair007_i4_A.png,round002_pair007_j3_B.png,8.0,3.0,0,0.9,0.44586896896362305,0.4668058156967163,-0.02093684673309326,1,0,5.0,1.0,-1.0,gpt_4_1_mini,flux1_fal_duel,Flux1-duel
2,8,4,5,round002_pair008_i4_A.png,round002_pair008_j5_B.png,8.0,6.0,0,0.85,0.46830180287361145,0.4857204556465149,-0.017418652772903442,1,0,2.0,1.0,-1.0,gpt_4_1_mini,flux1_fal_duel,Flux1-duel
2,9,4,3,round002_pair009_i4_A.png,round002_pair009_j3_B.png,9.0,6.0,0,0.85,0.4909133315086365,0.49893543124198914,-0.008022099733352661,1,0,3.0,1.0,-1.0,gpt_4_1_mini,flux1_fal_duel,Flux1-duel
2,10,4,3,round002_pair010_i4_A.png,round002_pair010_j3_B.png,8.0,5.0,0,0.8,0.4203534722328186,0.5037568211555481,-0.08340334892272949,1,0,3.0,1.0,-1.0,gpt_4_1_mini,flux1_fal_duel,Flux1-duel
3,1,4,0,round003_pair001_i4_A.png,round003_pair001_j0_B.png,7.0,8.0,1,0.85,0.4996131658554077,0.49823305010795593,0.0013801157474517822,0,0,-1.0,-1.0,1.0,gpt_4_1_mini,flux1_fal_duel,Flux1-duel
3,2,5,2,round003_pair002_i5_A.png,round003_pair002_j2_B.png,6.0,8.0,1,0.9,0.5053240060806274,0.489890992641449,0.015433013439178467,0,0,-2.0,-1.0,1.0,gpt_4_1_mini,flux1_fal_duel,Flux1-duel
3,3,3,1,round003_pair003_i3_A.png,round003_pair003_j1_B.png,9.0,6.0,0,0.85,0.45834922790527344,0.4486294984817505,0.00971972942352295,0,1,3.0,1.0,1.0,gpt_4_1_mini,flux1_fal_duel,Flux1-duel
3,4,4,1,round003_pair004_i4_A.png,round003_pair004_j1_B.png,4.0,7.0,1,0.85,0.469657301902771,0.38711556792259216,0.08254173398017883,0,0,-3.0,-1.0,1.0,gpt_4_1_mini,flux1_fal_duel,Flux1-duel
3,5,4,0,round003_pair005_i4_A.png,round003_pair005_j0_B.png,8.0,5.0,0,0.9,0.4703114628791809,0.4690459966659546,0.0012654662132263184,0,1,3.0,1.0,1.0,gpt_4_1_mini,flux1_fal_duel,Flux1-duel
3,6,4,0,round003_pair006_i4_A.png,round003_pair006_j0_B.png,6.0,8.0,1,0.8,0.496203750371933,0.4439987242221832,0.052205026149749756,0,0,-2.0,-1.0,1.0,gpt_4_1_mini,flux1_fal_duel,Flux1-duel
3,7,4,1,round003_pair007_i4_A.png,round003_pair007_j1_B.png,8.0,5.0,0,0.9,0.4943559765815735,0.45366013050079346,0.04069584608078003,0,1,3.0,1.0,1.0,gpt_4_1_mini,flux1_fal_duel,Flux1-duel
3,8,4,5,round003_pair008_i4_A.png,round003_pair008_j5_B.png,9.0,6.0,0,0.85,0.47754713892936707,0.4661431908607483,0.011403948068618774,0,1,3.0,1.0,1.0,gpt_4_1_mini,flux1_fal_duel,Flux1-duel
3,9,4,5,round003_pair009_i4_A.png,round003_pair009_j5_B.png,65.0,85.0,1,0.9,0.4736731946468353,0.49246087670326233,-0.018787682056427002,1,1,-20.0,-1.0,-1.0,gpt_4_1_mini,flux1_fal_duel,Flux1-duel
3,10,4,3,round003_pair010_i4_A.png,round003_pair010_j3_B.png,5.0,8.0,1,0.9,0.5094776749610901,0.5203368663787842,-0.010859191417694092,1,1,-3.0,-1.0,-1.0,gpt_4_1_mini,flux1_fal_duel,Flux1-duel
1,1,3,1,round001_pair001_i3_A.png,round001_pair001_j1_B.png,75.0,90.0,1,0.9,0.5124244689941406,0.4903952181339264,0.022029250860214233,0,0,-15.0,-1.0,1.0,gpt_4_1_mini,flux1_fal_duel,Flux1-duel
1,2,4,0,round001_pair002_i4_A.png,round001_pair002_j0_B.png,70.0,85.0,1,0.85,0.48617494106292725,0.47695744037628174,0.009217500686645508,0,0,-15.0,-1.0,1.0,gpt_4_1_mini,flux1_fal_duel,Flux1-duel
1,3,2,5,round001_pair003_i2_A.png,round001_pair003_j5_B.png,88.0,70.0,0,0.8,0.50885009765625,0.4936492145061493,0.015200883150100708,0,1,18.0,1.0,1.0,gpt_4_1_mini,flux1_fal_duel,Flux1-duel
1,4,3,2,round001_pair004_i3_A.png,round001_pair004_j2_B.png,70.0,85.0,1,0.9,0.5503734350204468,0.422955185174942,0.12741824984550476,0,0,-15.0,-1.0,1.0,gpt_4_1_mini,flux1_fal_duel,Flux1-duel
1,5,3,0,round001_pair005_i3_A.png,round001_pair005_j0_B.png,70.0,90.0,1,0.9,0.5121932029724121,0.4205104112625122,0.0916827917098999,0,0,-20.0,-1.0,1.0,gpt_4_1_mini,flux1_fal_duel,Flux1-duel
1,6,3,4,round001_pair006_i3_A.png,round001_pair006_j4_B.png,85.0,65.0,0,0.75,0.4690830111503601,0.517057478427887,-0.047974467277526855,1,0,20.0,1.0,-1.0,gpt_4_1_mini,flux1_fal_duel,Flux1-duel
1,7,3,1,round001_pair007_i3_A.png,round001_pair007_j1_B.png,88.0,75.0,0,0.85,0.49909359216690063,0.47242122888565063,0.02667236328125,0,1,13.0,1.0,1.0,gpt_4_1_mini,flux1_fal_duel,Flux1-duel
1,8,3,5,round001_pair008_i3_A.png,round001_pair008_j5_B.png,70.0,90.0,1,0.9,0.5300995111465454,0.4607708156108856,0.06932869553565979,0,0,-20.0,-1.0,1.0,gpt_4_1_mini,flux1_fal_duel,Flux1-duel
1,9,3,2,round001_pair009_i3_A.png,round001_pair009_j2_B.png,75.0,92.0,1,0.9,0.49391472339630127,0.4807054400444031,0.013209283351898193,0,0,-17.0,-1.0,1.0,gpt_4_1_mini,flux1_fal_duel,Flux1-duel
1,10,3,4,round001_pair010_i3_A.png,round001_pair010_j4_B.png,70.0,85.0,1,0.85,0.46101346611976624,0.45419448614120483,0.006818979978561401,0,0,-15.0,-1.0,1.0,gpt_4_1_mini,flux1_fal_duel,Flux1-duel
2,1,4,0,round002_pair001_i4_A.png,round002_pair001_j0_B.png,70.0,85.0,1,0.9,0.46061521768569946,0.5926265120506287,-0.1320112943649292,1,1,-15.0,-1.0,-1.0,gpt_4_1_mini,flux1_fal_duel,Flux1-duel
2,2,3,1,round002_pair002_i3_A.png,round002_pair002_j1_B.png,70.0,85.0,1,0.75,0.45248597860336304,0.44793790578842163,0.004548072814941406,0,0,-15.0,-1.0,1.0,gpt_4_1_mini,flux1_fal_duel,Flux1-duel
2,3,2,5,round002_pair003_i2_A.png,round002_pair003_j5_B.png,70.0,85.0,1,0.75,0.4690541625022888,0.4723341166973114,-0.003279954195022583,1,1,-15.0,-1.0,-1.0,gpt_4_1_mini,flux1_fal_duel,Flux1-duel
2,4,4,0,round002_pair004_i4_A.png,round002_pair004_j0_B.png,65.0,90.0,1,0.85,0.45363959670066833,0.4893454313278198,-0.03570583462715149,1,1,-25.0,-1.0,-1.0,gpt_4_1_mini,flux1_fal_duel,Flux1-duel
2,5,4,1,round002_pair005_i4_A.png,round002_pair005_j1_B.png,90.0,70.0,0,0.85,0.47073274850845337,0.3943594694137573,0.07637327909469604,0,1,20.0,1.0,1.0,gpt_4_1_mini,flux1_fal_duel,Flux1-duel
2,6,4,2,round002_pair006_i4_A.png,round002_pair006_j2_B.png,60.0,84.0,1,0.8,0.47564855217933655,0.35705819725990295,0.1185903549194336,0,0,-24.0,-1.0,1.0,gpt_4_1_mini,flux1_fal_duel,Flux1-duel
2,7,4,3,round002_pair007_i4_A.png,round002_pair007_j3_B.png,85.0,65.0,0,0.85,0.44586896896362305,0.4668058156967163,-0.02093684673309326,1,0,20.0,1.0,-1.0,gpt_4_1_mini,flux1_fal_duel,Flux1-duel
2,8,4,5,round002_pair008_i4_A.png,round002_pair008_j5_B.png,75.0,90.0,1,0.85,0.46830180287361145,0.4857204556465149,-0.017418652772903442,1,1,-15.0,-1.0,-1.0,gpt_4_1_mini,flux1_fal_duel,Flux1-duel
2,9,4,3,round002_pair009_i4_A.png,round002_pair009_j3_B.png,60.0,85.0,1,0.9,0.4909133315086365,0.49893543124198914,-0.008022099733352661,1,1,-25.0,-1.0,-1.0,gpt_4_1_mini,flux1_fal_duel,Flux1-duel
2,10,4,3,round002_pair010_i4_A.png,round002_pair010_j3_B.png,60.0,90.0,1,0.85,0.4203534722328186,0.5037568211555481,-0.08340334892272949,1,1,-30.0,-1.0,-1.0,gpt_4_1_mini,flux1_fal_duel,Flux1-duel
3,1,4,0,round003_pair001_i4_A.png,round003_pair001_j0_B.png,70.0,85.0,1,0.85,0.4996131658554077,0.49823305010795593,0.0013801157474517822,0,0,-15.0,-1.0,1.0,gpt_4_1_mini,flux1_fal_duel,Flux1-duel
3,2,5,2,round003_pair002_i5_A.png,round003_pair002_j2_B.png,65.0,85.0,1,0.85,0.5053240060806274,0.489890992641449,0.015433013439178467,0,0,-20.0,-1.0,1.0,gpt_4_1_mini,flux1_fal_duel,Flux1-duel
3,3,3,1,round003_pair003_i3_A.png,round003_pair003_j1_B.png,65.0,85.0,1,0.85,0.45834922790527344,0.4486294984817505,0.00971972942352295,0,0,-20.0,-1.0,1.0,gpt_4_1_mini,flux1_fal_duel,Flux1-duel
3,4,4,1,round003_pair004_i4_A.png,round003_pair004_j1_B.png,85.0,65.0,0,0.85,0.469657301902771,0.38711556792259216,0.08254173398017883,0,1,20.0,1.0,1.0,gpt_4_1_mini,flux1_fal_duel,Flux1-duel
3,5,4,0,round003_pair005_i4_A.png,round003_pair005_j0_B.png,70.0,85.0,1,0.75,0.4703114628791809,0.4690459966659546,0.0012654662132263184,0,0,-15.0,-1.0,1.0,gpt_4_1_mini,flux1_fal_duel,Flux1-duel
3,6,4,0,round003_pair006_i4_A.png,round003_pair006_j0_B.png,70.0,85.0,1,0.85,0.496203750371933,0.4439987242221832,0.052205026149749756,0,0,-15.0,-1.0,1.0,gpt_4_1_mini,flux1_fal_duel,Flux1-duel
3,7,4,1,round003_pair007_i4_A.png,round003_pair007_j1_B.png,85.0,70.0,0,0.85,0.4943559765815735,0.45366013050079346,0.04069584608078003,0,1,15.0,1.0,1.0,gpt_4_1_mini,flux1_fal_duel,Flux1-duel
3,8,4,5,round003_pair008_i4_A.png,round003_pair008_j5_B.png,90.0,70.0,0,0.85,0.47754713892936707,0.4661431908607483,0.011403948068618774,0,1,20.0,1.0,1.0,gpt_4_1_mini,flux1_fal_duel,Flux1-duel
3,9,4,5,round003_pair009_i4_A.png,round003_pair009_j5_B.png,70.0,85.0,1,0.85,0.4736731946468353,0.49246087670326233,-0.018787682056427002,1,1,-15.0,-1.0,-1.0,gpt_4_1_mini,flux1_fal_duel,Flux1-duel
3,10,4,3,round003_pair010_i4_A.png,round003_pair010_j3_B.png,70.0,90.0,1,0.85,0.5094776749610901,0.5203368663787842,-0.010859191417694092,1,1,-20.0,-1.0,-1.0,gpt_4_1_mini,flux1_fal_duel,Flux1-duel
4,1,4,2,round004_pair001_i4_A.png,round004_pair001_j2_B.png,70.0,85.0,1,0.85,0.5054199695587158,0.5141230225563049,-0.008703052997589111,1,1,-15.0,-1.0,-1.0,gpt_4_1_mini,flux1_fal_duel,Flux1-duel
4,2,3,0,round004_pair002_i3_A.png,round004_pair002_j0_B.png,70.0,95.0,1,0.85,0.5885711312294006,0.4453728199005127,0.14319831132888794,0,0,-25.0,-1.0,1.0,gpt_4_1_mini,flux1_fal_duel,Flux1-duel
4,3,1,5,round004_pair003_i1_A.png,round004_pair003_j5_B.png,70.0,90.0,1,0.85,0.48356637358665466,0.5269988775253296,-0.04343250393867493,1,1,-20.0,-1.0,-1.0,gpt_4_1_mini,flux1_fal_duel,Flux1-duel
4,4,4,1,round004_pair004_i4_A.png,round004_pair004_j1_B.png,85.0,70.0,0,0.87,0.45467448234558105,0.4547499716281891,-7.548928260803223e-05,1,0,15.0,1.0,-1.0,gpt_4_1_mini,flux1_fal_duel,Flux1-duel
4,5,4,0,round004_pair005_i4_A.png,round004_pair005_j0_B.png,75.0,85.0,1,0.9,0.4945562183856964,0.49047285318374634,0.004083365201950073,0,0,-10.0,-1.0,1.0,gpt_4_1_mini,flux1_fal_duel,Flux1-duel
4,6,4,1,round004_pair006_i4_A.png,round004_pair006_j1_B.png,90.0,75.0,0,0.85,0.49238818883895874,0.459258109331131,0.03313007950782776,0,1,15.0,1.0,1.0,gpt_4_1_mini,flux1_fal_duel,Flux1-duel
4,7,4,5,round004_pair007_i4_A.png,round004_pair007_j5_B.png,75.0,90.0,1,0.85,0.4947505593299866,0.5685692429542542,-0.07381868362426758,1,1,-15.0,-1.0,-1.0,gpt_4_1_mini,flux1_fal_duel,Flux1-duel
4,8,4,3,round004_pair008_i4_A.png,round004_pair008_j3_B.png,70.0,90.0,1,0.85,0.5370999574661255,0.5125207901000977,0.024579167366027832,0,0,-20.0,-1.0,1.0,gpt_4_1_mini,flux1_fal_duel,Flux1-duel
4,9,4,0,round004_pair009_i4_A.png,round004_pair009_j0_B.png,70.0,90.0,1,0.9,0.45838865637779236,0.4510189890861511,0.007369667291641235,0,0,-20.0,-1.0,1.0,gpt_4_1_mini,flux1_fal_duel,Flux1-duel
4,10,4,1,round004_pair010_i4_A.png,round004_pair010_j1_B.png,90.0,70.0,0,0.85,0.5003294944763184,0.4633255898952484,0.037003904581069946,0,1,20.0,1.0,1.0,gpt_4_1_mini,flux1_fal_duel,Flux1-duel
5,1,4,1,round005_pair001_i4_A.png,round005_pair001_j1_B.png,88.0,65.0,0,0.85,0.46037429571151733,0.5168694257736206,-0.05649513006210327,1,0,23.0,1.0,-1.0,gpt_4_1_mini,flux1_fal_duel,Flux1-duel
5,2,0,3,round005_pair002_i0_A.png,round005_pair002_j3_B.png,70.0,85.0,1,0.8,0.505681037902832,0.5100460052490234,-0.004364967346191406,1,1,-15.0,-1.0,-1.0,gpt_4_1_mini,flux1_fal_duel,Flux1-duel
5,3,2,5,round005_pair003_i2_A.png,round005_pair003_j5_B.png,85.0,65.0,0,0.85,0.5250676870346069,0.5403984785079956,-0.015330791473388672,1,0,20.0,1.0,-1.0,gpt_4_1_mini,flux1_fal_duel,Flux1-duel
5,4,4,2,round005_pair004_i4_A.png,round005_pair004_j2_B.png,70.0,85.0,1,0.85,0.47383996844291687,0.49878591299057007,-0.024945944547653198,1,1,-15.0,-1.0,-1.0,gpt_4_1_mini,flux1_fal_duel,Flux1-duel
5,5,4,2,round005_pair005_i4_A.png,round005_pair005_j2_B.png,70.0,85.0,1,0.85,0.5022105574607849,0.48798298835754395,0.014227569103240967,0,0,-15.0,-1.0,1.0,gpt_4_1_mini,flux1_fal_duel,Flux1-duel
5,6,4,1,round005_pair006_i4_A.png,round005_pair006_j1_B.png,88.0,70.0,0,0.85,0.48633870482444763,0.48657020926475525,-0.0002315044403076172,1,0,18.0,1.0,-1.0,gpt_4_1_mini,flux1_fal_duel,Flux1-duel
5,7,4,1,round005_pair007_i4_A.png,round005_pair007_j1_B.png,85.0,60.0,0,0.85,0.4750593602657318,0.48912274837493896,-0.014063388109207153,1,0,25.0,1.0,-1.0,gpt_4_1_mini,flux1_fal_duel,Flux1-duel
5,8,4,0,round005_pair008_i4_A.png,round005_pair008_j0_B.png,65.0,85.0,1,0.85,0.531639575958252,0.5679193139076233,-0.03627973794937134,1,1,-20.0,-1.0,-1.0,gpt_4_1_mini,flux1_fal_duel,Flux1-duel
5,9,4,2,round005_pair009_i4_A.png,round005_pair009_j2_B.png,75.0,90.0,1,0.85,0.4309927821159363,0.4637293219566345,-0.03273653984069824,1,1,-15.0,-1.0,-1.0,gpt_4_1_mini,flux1_fal_duel,Flux1-duel
5,10,4,5,round005_pair010_i4_A.png,round005_pair010_j5_B.png,55.0,85.0,1,0.85,0.5434634685516357,0.5336960554122925,0.009767413139343262,0,0,-30.0,-1.0,1.0,gpt_4_1_mini,flux1_fal_duel,Flux1-duel
1,1,3,1,round001_pair001_i3_A.png,round001_pair001_j1_B.png,6.0,9.0,1,0.9,0.49831780791282654,0.48874086141586304,0.009576946496963501,0,0,-3.0,-1.0,1.0,gpt_4_1_mini,flux1_fal_duel,Flux1-duel
1,2,4,0,round001_pair002_i4_A.png,round001_pair002_j0_B.png,6.0,8.0,1,0.8,0.5181221961975098,0.5313936471939087,-0.013271450996398926,1,1,-2.0,-1.0,-1.0,gpt_4_1_mini,flux1_fal_duel,Flux1-duel
1,3,2,5,round001_pair003_i2_A.png,round001_pair003_j5_B.png,4.0,8.0,1,0.9,0.5300171375274658,0.477713942527771,0.052303194999694824,0,0,-4.0,-1.0,1.0,gpt_4_1_mini,flux1_fal_duel,Flux1-duel
1,4,3,2,round001_pair004_i3_A.png,round001_pair004_j2_B.png,6.0,8.0,1,0.85,0.5153519511222839,0.45752233266830444,0.05782961845397949,0,0,-2.0,-1.0,1.0,gpt_4_1_mini,flux1_fal_duel,Flux1-duel
1,5,3,0,round001_pair005_i3_A.png,round001_pair005_j0_B.png,7.0,9.0,1,0.9,0.49681514501571655,0.41358447074890137,0.08323067426681519,0,0,-2.0,-1.0,1.0,gpt_4_1_mini,flux1_fal_duel,Flux1-duel
1,6,3,4,round001_pair006_i3_A.png,round001_pair006_j4_B.png,6.0,9.0,1,0.85,0.4772346019744873,0.520992636680603,-0.04375803470611572,1,1,-3.0,-1.0,-1.0,gpt_4_1_mini,flux1_fal_duel,Flux1-duel
1,7,3,1,round001_pair007_i3_A.png,round001_pair007_j1_B.png,6.0,9.0,1,0.9,0.47622817754745483,0.4430810809135437,0.03314709663391113,0,0,-3.0,-1.0,1.0,gpt_4_1_mini,flux1_fal_duel,Flux1-duel
1,8,3,5,round001_pair008_i3_A.png,round001_pair008_j5_B.png,6.5,9.0,1,0.85,0.47043949365615845,0.43375909328460693,0.036680400371551514,0,0,-2.5,-1.0,1.0,gpt_4_1_mini,flux1_fal_duel,Flux1-duel
1,9,3,2,round001_pair009_i3_A.png,round001_pair009_j2_B.png,6.0,8.5,1,0.85,0.501000165939331,0.5058190226554871,-0.004818856716156006,1,1,-2.5,-1.0,-1.0,gpt_4_1_mini,flux1_fal_duel,Flux1-duel
1,10,3,4,round001_pair010_i3_A.png,round001_pair010_j4_B.png,6.0,9.0,1,0.9,0.4645646810531616,0.45962288975715637,0.004941791296005249,0,0,-3.0,-1.0,1.0,gpt_4_1_mini,flux1_fal_duel,Flux1-duel
2,1,4,0,round002_pair001_i4_A.png,round002_pair001_j0_B.png,7.0,9.0,1,0.9,0.436683714389801,0.5928878784179688,-0.15620416402816772,1,1,-2.0,-1.0,-1.0,gpt_4_1_mini,flux1_fal_duel,Flux1-duel
2,2,3,1,round002_pair002_i3_A.png,round002_pair002_j1_B.png,5.0,9.0,1,0.9,0.42429208755493164,0.3806699514389038,0.04362213611602783,0,0,-4.0,-1.0,1.0,gpt_4_1_mini,flux1_fal_duel,Flux1-duel
2,3,2,5,round002_pair003_i2_A.png,round002_pair003_j5_B.png,7.0,9.0,1,0.85,0.44839781522750854,0.4397352635860443,0.008662551641464233,0,0,-2.0,-1.0,1.0,gpt_4_1_mini,flux1_fal_duel,Flux1-duel
2,4,4,0,round002_pair004_i4_A.png,round002_pair004_j0_B.png,6.0,9.0,1,0.9,0.4325222969055176,0.4973470866680145,-0.06482478976249695,1,1,-3.0,-1.0,-1.0,gpt_4_1_mini,flux1_fal_duel,Flux1-duel
2,5,4,1,round002_pair005_i4_A.png,round002_pair005_j1_B.png,5.0,8.0,1,0.85,0.46163415908813477,0.3650248646736145,0.09660929441452026,0,0,-3.0,-1.0,1.0,gpt_4_1_mini,flux1_fal_duel,Flux1-duel
2,6,4,2,round002_pair006_i4_A.png,round002_pair006_j2_B.png,6.0,9.0,1,0.9,0.4707454741001129,0.2922753691673279,0.17847010493278503,0,0,-3.0,-1.0,1.0,gpt_4_1_mini,flux1_fal_duel,Flux1-duel
2,7,4,3,round002_pair007_i4_A.png,round002_pair007_j3_B.png,6.0,8.0,1,0.85,0.4530397355556488,0.4669908881187439,-0.013951152563095093,1,1,-2.0,-1.0,-1.0,gpt_4_1_mini,flux1_fal_duel,Flux1-duel
2,8,4,5,round002_pair008_i4_A.png,round002_pair008_j5_B.png,6.0,9.0,1,0.85,0.4954901337623596,0.5330856442451477,-0.037595510482788086,1,1,-3.0,-1.0,-1.0,gpt_4_1_mini,flux1_fal_duel,Flux1-duel
2,9,4,3,round002_pair009_i4_A.png,round002_pair009_j3_B.png,5.0,8.0,1,0.9,0.4623202383518219,0.45448970794677734,0.007830530405044556,0,0,-3.0,-1.0,1.0,gpt_4_1_mini,flux1_fal_duel,Flux1-duel
2,10,4,3,round002_pair010_i4_A.png,round002_pair010_j3_B.png,8.5,6.0,0,0.9,0.3715575635433197,0.4589613080024719,-0.08740374445915222,1,0,2.5,1.0,-1.0,gpt_4_1_mini,flux1_fal_duel,Flux1-duel
3,1,4,0,round003_pair001_i4_A.png,round003_pair001_j0_B.png,7.0,8.5,1,0.85,0.5183490514755249,0.4535805583000183,0.06476849317550659,0,0,-1.5,-1.0,1.0,gpt_4_1_mini,flux1_fal_duel,Flux1-duel
3,2,5,2,round003_pair002_i5_A.png,round003_pair002_j2_B.png,8.0,5.0,0,0.9,0.5007614493370056,0.4922771453857422,0.008484303951263428,0,1,3.0,1.0,1.0,gpt_4_1_mini,flux1_fal_duel,Flux1-duel
3,3,3,1,round003_pair003_i3_A.png,round003_pair003_j1_B.png,8.5,5.0,0,0.85,0.4677072763442993,0.4425339996814728,0.025173276662826538,0,1,3.5,1.0,1.0,gpt_4_1_mini,flux1_fal_duel,Flux1-duel
3,4,4,1,round003_pair004_i4_A.png,round003_pair004_j1_B.png,8.0,6.0,0,0.85,0.48323291540145874,0.39965397119522095,0.08357894420623779,0,1,2.0,1.0,1.0,gpt_4_1_mini,flux1_fal_duel,Flux1-duel
3,5,4,0,round003_pair005_i4_A.png,round003_pair005_j0_B.png,7.0,8.5,1,0.9,0.49351903796195984,0.4063870310783386,0.08713200688362122,0,0,-1.5,-1.0,1.0,gpt_4_1_mini,flux1_fal_duel,Flux1-duel
3,6,4,0,round003_pair006_i4_A.png,round003_pair006_j0_B.png,8.5,6.5,0,0.85,0.4918244183063507,0.4065307378768921,0.08529368042945862,0,1,2.0,1.0,1.0,gpt_4_1_mini,flux1_fal_duel,Flux1-duel
3,7,4,1,round003_pair007_i4_A.png,round003_pair007_j1_B.png,6.0,8.0,1,0.85,0.4755288064479828,0.4516160488128662,0.023912757635116577,0,0,-2.0,-1.0,1.0,gpt_4_1_mini,flux1_fal_duel,Flux1-duel
3,8,4,5,round003_pair008_i4_A.png,round003_pair008_j5_B.png,7.0,9.0,1,0.85,0.44370391964912415,0.44470953941345215,-0.001005619764328003,1,1,-2.0,-1.0,-1.0,gpt_4_1_mini,flux1_fal_duel,Flux1-duel
3,9,4,5,round003_pair009_i4_A.png,round003_pair009_j5_B.png,7.5,9.0,1,0.85,0.4671233296394348,0.4830677807331085,-0.015944451093673706,1,1,-1.5,-1.0,-1.0,gpt_4_1_mini,flux1_fal_duel,Flux1-duel
3,10,4,3,round003_pair010_i4_A.png,round003_pair010_j3_B.png,5.0,8.0,1,0.8,0.5237941741943359,0.485241174697876,0.03855299949645996,0,0,-3.0,-1.0,1.0,gpt_4_1_mini,flux1_fal_duel,Flux1-duel
4,1,4,2,round004_pair001_i4_A.png,round004_pair001_j2_B.png,7.0,9.0,1,0.85,0.49532657861709595,0.46988213062286377,0.025444447994232178,0,0,-2.0,-1.0,1.0,gpt_4_1_mini,flux1_fal_duel,Flux1-duel
4,2,3,0,round004_pair002_i3_A.png,round004_pair002_j0_B.png,8.0,5.0,0,0.9,0.5776891708374023,0.4430563449859619,0.13463282585144043,0,1,3.0,1.0,1.0,gpt_4_1_mini,flux1_fal_duel,Flux1-duel
4,3,1,5,round004_pair003_i1_A.png,round004_pair003_j5_B.png,7.0,8.0,1,0.85,0.4676370620727539,0.47391581535339355,-0.0062787532806396484,1,1,-1.0,-1.0,-1.0,gpt_4_1_mini,flux1_fal_duel,Flux1-duel
4,4,4,1,round004_pair004_i4_A.png,round004_pair004_j1_B.png,7.0,9.0,1,0.85,0.4735804498195648,0.47756820917129517,-0.003987759351730347,1,1,-2.0,-1.0,-1.0,gpt_4_1_mini,flux1_fal_duel,Flux1-duel
4,5,4,0,round004_pair005_i4_A.png,round004_pair005_j0_B.png,6.5,8.5,1,0.8,0.4600277543067932,0.5154838562011719,-0.05545610189437866,1,1,-2.0,-1.0,-1.0,gpt_4_1_mini,flux1_fal_duel,Flux1-duel
4,6,4,1,round004_pair006_i4_A.png,round004_pair006_j1_B.png,6.0,8.0,1,0.85,0.49110451340675354,0.5079278945922852,-0.016823381185531616,1,1,-2.0,-1.0,-1.0,gpt_4_1_mini,flux1_fal_duel,Flux1-duel
4,7,4,5,round004_pair007_i4_A.png,round004_pair007_j5_B.png,9.0,7.0,0,0.85,0.468326598405838,0.5349270701408386,-0.06660047173500061,1,0,2.0,1.0,-1.0,gpt_4_1_mini,flux1_fal_duel,Flux1-duel
4,8,4,3,round004_pair008_i4_A.png,round004_pair008_j3_B.png,7.0,8.5,1,0.85,0.5249009728431702,0.5029251575469971,0.021975815296173096,0,0,-1.5,-1.0,1.0,gpt_4_1_mini,flux1_fal_duel,Flux1-duel
4,9,4,0,round004_pair009_i4_A.png,round004_pair009_j0_B.png,6.0,8.0,1,0.85,0.46154335141181946,0.4786904454231262,-0.017147094011306763,1,1,-2.0,-1.0,-1.0,gpt_4_1_mini,flux1_fal_duel,Flux1-duel
4,10,4,1,round004_pair010_i4_A.png,round004_pair010_j1_B.png,7.0,9.0,1,0.85,0.44306057691574097,0.48575252294540405,-0.042691946029663086,1,1,-2.0,-1.0,-1.0,gpt_4_1_mini,flux1_fal_duel,Flux1-duel
5,1,4,1,round005_pair001_i4_A.png,round005_pair001_j1_B.png,6.5,8.5,1,0.85,0.4911014437675476,0.5467938184738159,-0.05569237470626831,1,1,-2.0,-1.0,-1.0,gpt_4_1_mini,flux1_fal_duel,Flux1-duel
5,2,0,3,round005_pair002_i0_A.png,round005_pair002_j3_B.png,6.0,8.0,1,0.9,0.4586755037307739,0.4960564374923706,-0.03738093376159668,1,1,-2.0,-1.0,-1.0,gpt_4_1_mini,flux1_fal_duel,Flux1-duel
5,3,2,5,round005_pair003_i2_A.png,round005_pair003_j5_B.png,8.0,6.0,0,0.9,0.5178723931312561,0.5011310577392578,0.01674133539199829,0,1,2.0,1.0,1.0,gpt_4_1_mini,flux1_fal_duel,Flux1-duel
5,4,4,2,round005_pair004_i4_A.png,round005_pair004_j2_B.png,6.0,9.0,1,0.9,0.4704975485801697,0.4614019989967346,0.009095549583435059,0,0,-3.0,-1.0,1.0,gpt_4_1_mini,flux1_fal_duel,Flux1-duel
5,5,4,2,round005_pair005_i4_A.png,round005_pair005_j2_B.png,6.0,8.0,1,0.9,0.5236556529998779,0.4767451882362366,0.04691046476364136,0,0,-2.0,-1.0,1.0,gpt_4_1_mini,flux1_fal_duel,Flux1-duel
5,6,4,1,round005_pair006_i4_A.png,round005_pair006_j1_B.png,6.0,9.0,1,0.9,0.4497032165527344,0.45616614818573,-0.0064629316329956055,1,1,-3.0,-1.0,-1.0,gpt_4_1_mini,flux1_fal_duel,Flux1-duel
5,7,4,1,round005_pair007_i4_A.png,round005_pair007_j1_B.png,6.0,8.0,1,0.85,0.4681702256202698,0.49166810512542725,-0.02349787950515747,1,1,-2.0,-1.0,-1.0,gpt_4_1_mini,flux1_fal_duel,Flux1-duel
5,8,4,0,round005_pair008_i4_A.png,round005_pair008_j0_B.png,5.0,8.0,1,0.9,0.5182690620422363,0.5420917272567749,-0.023822665214538574,1,1,-3.0,-1.0,-1.0,gpt_4_1_mini,flux1_fal_duel,Flux1-duel
5,9,4,2,round005_pair009_i4_A.png,round005_pair009_j2_B.png,8.5,6.5,0,0.85,0.47056204080581665,0.5075719356536865,-0.03700989484786987,1,0,2.0,1.0,-1.0,gpt_4_1_mini,flux1_fal_duel,Flux1-duel
5,10,4,5,round005_pair010_i4_A.png,round005_pair010_j5_B.png,6.0,8.5,1,0.85,0.5310540199279785,0.4936924874782562,0.03736153244972229,0,0,-2.5,-1.0,1.0,gpt_4_1_mini,flux1_fal_duel,Flux1-duel
1,1,3,1,round001_pair001_i3_A.png,round001_pair001_j1_B.png,85.0,70.0,0,0.8,0.49831780791282654,0.48874086141586304,0.009576946496963501,0,1,15.0,1.0,1.0,gpt_4_1_mini,flux1_fal_duel,Flux1-duel
1,2,4,0,round001_pair002_i4_A.png,round001_pair002_j0_B.png,90.0,70.0,0,0.85,0.5181221961975098,0.5313936471939087,-0.013271450996398926,1,0,20.0,1.0,-1.0,gpt_4_1_mini,flux1_fal_duel,Flux1-duel
1,3,2,5,round001_pair003_i2_A.png,round001_pair003_j5_B.png,88.0,75.0,0,0.85,0.5300171375274658,0.477713942527771,0.052303194999694824,0,1,13.0,1.0,1.0,gpt_4_1_mini,flux1_fal_duel,Flux1-duel
1,4,3,2,round001_pair004_i3_A.png,round001_pair004_j2_B.png,70.0,90.0,1,0.85,0.5153519511222839,0.45752233266830444,0.05782961845397949,0,0,-20.0,-1.0,1.0,gpt_4_1_mini,flux1_fal_duel,Flux1-duel
1,5,3,0,round001_pair005_i3_A.png,round001_pair005_j0_B.png,85.0,70.0,0,0.9,0.49681514501571655,0.41358447074890137,0.08323067426681519,0,1,15.0,1.0,1.0,gpt_4_1_mini,flux1_fal_duel,Flux1-duel
1,6,3,4,round001_pair006_i3_A.png,round001_pair006_j4_B.png,90.0,70.0,0,0.85,0.4772346019744873,0.520992636680603,-0.04375803470611572,1,0,20.0,1.0,-1.0,gpt_4_1_mini,flux1_fal_duel,Flux1-duel
1,7,3,1,round001_pair007_i3_A.png,round001_pair007_j1_B.png,70.0,85.0,1,0.85,0.47622817754745483,0.4430810809135437,0.03314709663391113,0,0,-15.0,-1.0,1.0,gpt_4_1_mini,flux1_fal_duel,Flux1-duel
1,8,3,5,round001_pair008_i3_A.png,round001_pair008_j5_B.png,90.0,70.0,0,0.85,0.47043949365615845,0.43375909328460693,0.036680400371551514,0,1,20.0,1.0,1.0,gpt_4_1_mini,flux1_fal_duel,Flux1-duel
1,9,3,2,round001_pair009_i3_A.png,round001_pair009_j2_B.png,70.0,85.0,1,0.85,0.501000165939331,0.5058190226554871,-0.004818856716156006,1,1,-15.0,-1.0,-1.0,gpt_4_1_mini,flux1_fal_duel,Flux1-duel
1,10,3,4,round001_pair010_i3_A.png,round001_pair010_j4_B.png,80.000001,80.0,0,0.55,0.4645646810531616,0.45962288975715637,0.004941791296005249,0,1,9.999999974752427e-07,1.0,1.0,gpt_4_1_mini,flux1_fal_duel,Flux1-duel
2,1,4,0,round002_pair001_i4_A.png,round002_pair001_j0_B.png,70.0,90.0,1,0.85,0.436683714389801,0.5928878784179688,-0.15620416402816772,1,1,-20.0,-1.0,-1.0,gpt_4_1_mini,flux1_fal_duel,Flux1-duel
2,2,3,1,round002_pair002_i3_A.png,round002_pair002_j1_B.png,85.0,65.0,0,0.8,0.42429208755493164,0.3806699514389038,0.04362213611602783,0,1,20.0,1.0,1.0,gpt_4_1_mini,flux1_fal_duel,Flux1-duel
2,3,2,5,round002_pair003_i2_A.png,round002_pair003_j5_B.png,65.0,85.0,1,0.85,0.44839781522750854,0.4397352635860443,0.008662551641464233,0,0,-20.0,-1.0,1.0,gpt_4_1_mini,flux1_fal_duel,Flux1-duel
2,4,4,0,round002_pair004_i4_A.png,round002_pair004_j0_B.png,90.0,70.0,0,0.85,0.4325222969055176,0.4973470866680145,-0.06482478976249695,1,0,20.0,1.0,-1.0,gpt_4_1_mini,flux1_fal_duel,Flux1-duel
2,5,4,1,round002_pair005_i4_A.png,round002_pair005_j1_B.png,80.000001,80.0,0,0.55,0.46163415908813477,0.3650248646736145,0.09660929441452026,0,1,9.999999974752427e-07,1.0,1.0,gpt_4_1_mini,flux1_fal_duel,Flux1-duel
2,6,4,2,round002_pair006_i4_A.png,round002_pair006_j2_B.png,92.0,75.0,0,0.85,0.4707454741001129,0.2922753691673279,0.17847010493278503,0,1,17.0,1.0,1.0,gpt_4_1_mini,flux1_fal_duel,Flux1-duel
2,7,4,3,round002_pair007_i4_A.png,round002_pair007_j3_B.png,75.0,85.0,1,0.9,0.4530397355556488,0.4669908881187439,-0.013951152563095093,1,1,-10.0,-1.0,-1.0,gpt_4_1_mini,flux1_fal_duel,Flux1-duel
2,8,4,5,round002_pair008_i4_A.png,round002_pair008_j5_B.png,85.0,70.0,0,0.75,0.4954901337623596,0.5330856442451477,-0.037595510482788086,1,0,15.0,1.0,-1.0,gpt_4_1_mini,flux1_fal_duel,Flux1-duel
2,9,4,3,round002_pair009_i4_A.png,round002_pair009_j3_B.png,70.0,90.0,1,0.55,0.4623202383518219,0.45448970794677734,0.007830530405044556,0,0,-20.0,-1.0,1.0,gpt_4_1_mini,flux1_fal_duel,Flux1-duel
2,10,4,3,round002_pair010_i4_A.png,round002_pair010_j3_B.png,75.0,85.0,1,0.8,0.3715575635433197,0.4589613080024719,-0.08740374445915222,1,1,-10.0,-1.0,-1.0,gpt_4_1_mini,flux1_fal_duel,Flux1-duel
3,1,4,0,round003_pair001_i4_A.png,round003_pair001_j0_B.png,85.0,65.0,0,0.9,0.5183490514755249,0.4535805583000183,0.06476849317550659,0,1,20.0,1.0,1.0,gpt_4_1_mini,flux1_fal_duel,Flux1-duel
3,2,5,2,round003_pair002_i5_A.png,round003_pair002_j2_B.png,70.0,85.0,1,0.9,0.5007614493370056,0.4922771453857422,0.008484303951263428,0,0,-15.0,-1.0,1.0,gpt_4_1_mini,flux1_fal_duel,Flux1-duel
3,3,3,1,round003_pair003_i3_A.png,round003_pair003_j1_B.png,90.000001,90.0,0,0.55,0.4677072763442993,0.4425339996814728,0.025173276662826538,0,1,9.999999974752427e-07,1.0,1.0,gpt_4_1_mini,flux1_fal_duel,Flux1-duel
3,4,4,1,round003_pair004_i4_A.png,round003_pair004_j1_B.png,75.0,90.0,1,0.85,0.48323291540145874,0.39965397119522095,0.08357894420623779,0,0,-15.0,-1.0,1.0,gpt_4_1_mini,flux1_fal_duel,Flux1-duel
3,5,4,0,round003_pair005_i4_A.png,round003_pair005_j0_B.png,70.0,85.0,1,0.85,0.49351903796195984,0.4063870310783386,0.08713200688362122,0,0,-15.0,-1.0,1.0,gpt_4_1_mini,flux1_fal_duel,Flux1-duel
3,6,4,0,round003_pair006_i4_A.png,round003_pair006_j0_B.png,90.0,70.0,0,0.85,0.4918244183063507,0.4065307378768921,0.08529368042945862,0,1,20.0,1.0,1.0,gpt_4_1_mini,flux1_fal_duel,Flux1-duel
3,7,4,1,round003_pair007_i4_A.png,round003_pair007_j1_B.png,70.0,90.0,1,0.85,0.4755288064479828,0.4516160488128662,0.023912757635116577,0,0,-20.0,-1.0,1.0,gpt_4_1_mini,flux1_fal_duel,Flux1-duel
3,8,4,5,round003_pair008_i4_A.png,round003_pair008_j5_B.png,75.0,88.0,1,0.85,0.44370391964912415,0.44470953941345215,-0.001005619764328003,1,1,-13.0,-1.0,-1.0,gpt_4_1_mini,flux1_fal_duel,Flux1-duel
3,9,4,5,round003_pair009_i4_A.png,round003_pair009_j5_B.png,70.0,85.0,1,0.85,0.4671233296394348,0.4830677807331085,-0.015944451093673706,1,1,-15.0,-1.0,-1.0,gpt_4_1_mini,flux1_fal_duel,Flux1-duel
3,10,4,3,round003_pair010_i4_A.png,round003_pair010_j3_B.png,90.0,75.0,0,0.85,0.5237941741943359,0.485241174697876,0.03855299949645996,0,1,15.0,1.0,1.0,gpt_4_1_mini,flux1_fal_duel,Flux1-duel
4,1,4,2,round004_pair001_i4_A.png,round004_pair001_j2_B.png,88.0,70.0,0,0.85,0.49532657861709595,0.46988213062286377,0.025444447994232178,0,1,18.0,1.0,1.0,gpt_4_1_mini,flux1_fal_duel,Flux1-duel
4,2,3,0,round004_pair002_i3_A.png,round004_pair002_j0_B.png,70.0,85.0,1,0.9,0.5776891708374023,0.4430563449859619,0.13463282585144043,0,0,-15.0,-1.0,1.0,gpt_4_1_mini,flux1_fal_duel,Flux1-duel
4,3,1,5,round004_pair003_i1_A.png,round004_pair003_j5_B.png,70.0,80.0,1,0.55,0.4676370620727539,0.47391581535339355,-0.0062787532806396484,1,1,-10.0,-1.0,-1.0,gpt_4_1_mini,flux1_fal_duel,Flux1-duel
4,4,4,1,round004_pair004_i4_A.png,round004_pair004_j1_B.png,75.0,90.0,1,0.85,0.4735804498195648,0.47756820917129517,-0.003987759351730347,1,1,-15.0,-1.0,-1.0,gpt_4_1_mini,flux1_fal_duel,Flux1-duel
4,5,4,0,round004_pair005_i4_A.png,round004_pair005_j0_B.png,70.0,85.0,1,0.8,0.4600277543067932,0.5154838562011719,-0.05545610189437866,1,1,-15.0,-1.0,-1.0,gpt_4_1_mini,flux1_fal_duel,Flux1-duel
4,6,4,1,round004_pair006_i4_A.png,round004_pair006_j1_B.png,90.0,65.0,0,0.85,0.49110451340675354,0.5079278945922852,-0.016823381185531616,1,0,25.0,1.0,-1.0,gpt_4_1_mini,flux1_fal_duel,Flux1-duel
4,7,4,5,round004_pair007_i4_A.png,round004_pair007_j5_B.png,85.0,65.0,0,0.85,0.468326598405838,0.5349270701408386,-0.06660047173500061,1,0,20.0,1.0,-1.0,gpt_4_1_mini,flux1_fal_duel,Flux1-duel
4,8,4,3,round004_pair008_i4_A.png,round004_pair008_j3_B.png,85.0,70.0,0,0.85,0.5249009728431702,0.5029251575469971,0.021975815296173096,0,1,15.0,1.0,1.0,gpt_4_1_mini,flux1_fal_duel,Flux1-duel
4,9,4,0,round004_pair009_i4_A.png,round004_pair009_j0_B.png,90.0,70.0,0,0.85,0.46154335141181946,0.4786904454231262,-0.017147094011306763,1,0,20.0,1.0,-1.0,gpt_4_1_mini,flux1_fal_duel,Flux1-duel
4,10,4,1,round004_pair010_i4_A.png,round004_pair010_j1_B.png,70.0,85.0,1,0.85,0.44306057691574097,0.48575252294540405,-0.042691946029663086,1,1,-15.0,-1.0,-1.0,gpt_4_1_mini,flux1_fal_duel,Flux1-duel
5,1,4,1,round005_pair001_i4_A.png,round005_pair001_j1_B.png,65.0,90.0,1,0.9,0.4911014437675476,0.5467938184738159,-0.05569237470626831,1,1,-25.0,-1.0,-1.0,gpt_4_1_mini,flux1_fal_duel,Flux1-duel
5,2,0,3,round005_pair002_i0_A.png,round005_pair002_j3_B.png,65.0,90.0,1,0.85,0.4586755037307739,0.4960564374923706,-0.03738093376159668,1,1,-25.0,-1.0,-1.0,gpt_4_1_mini,flux1_fal_duel,Flux1-duel
5,3,2,5,round005_pair003_i2_A.png,round005_pair003_j5_B.png,70.0,85.0,1,0.85,0.5178723931312561,0.5011310577392578,0.01674133539199829,0,0,-15.0,-1.0,1.0,gpt_4_1_mini,flux1_fal_duel,Flux1-duel
5,4,4,2,round005_pair004_i4_A.png,round005_pair004_j2_B.png,70.0,85.0,1,0.85,0.4704975485801697,0.4614019989967346,0.009095549583435059,0,0,-15.0,-1.0,1.0,gpt_4_1_mini,flux1_fal_duel,Flux1-duel
5,5,4,2,round005_pair005_i4_A.png,round005_pair005_j2_B.png,65.0,90.0,1,0.85,0.5236556529998779,0.4767451882362366,0.04691046476364136,0,0,-25.0,-1.0,1.0,gpt_4_1_mini,flux1_fal_duel,Flux1-duel
5,6,4,1,round005_pair006_i4_A.png,round005_pair006_j1_B.png,65.0,85.0,1,0.85,0.4497032165527344,0.45616614818573,-0.0064629316329956055,1,1,-20.0,-1.0,-1.0,gpt_4_1_mini,flux1_fal_duel,Flux1-duel
5,7,4,1,round005_pair007_i4_A.png,round005_pair007_j1_B.png,90.0,70.0,0,0.85,0.4681702256202698,0.49166810512542725,-0.02349787950515747,1,0,20.0,1.0,-1.0,gpt_4_1_mini,flux1_fal_duel,Flux1-duel
5,8,4,0,round005_pair008_i4_A.png,round005_pair008_j0_B.png,70.0,85.0,1,0.8,0.5182690620422363,0.5420917272567749,-0.023822665214538574,1,1,-15.0,-1.0,-1.0,gpt_4_1_mini,flux1_fal_duel,Flux1-duel
5,9,4,2,round005_pair009_i4_A.png,round005_pair009_j2_B.png,75.0,90.0,1,0.85,0.47056204080581665,0.5075719356536865,-0.03700989484786987,1,1,-15.0,-1.0,-1.0,gpt_4_1_mini,flux1_fal_duel,Flux1-duel
5,10,4,5,round005_pair010_i4_A.png,round005_pair010_j5_B.png,75.0,90.0,1,0.85,0.5310540199279785,0.4936924874782562,0.03736153244972229,0,0,-15.0,-1.0,1.0,gpt_4_1_mini,flux1_fal_duel,Flux1-duel
1,1,3,1,round001_pair001_i3_A.png,round001_pair001_j1_B.png,7.0,9.0,1,0.85,0.8509836196899414,0.8478810787200928,0.003102540969848633,0,0,-2.0,-1.0,1.0,gpt_4_1_mini,flux1_fal_duel,Flux1-duel
1,2,4,0,round001_pair002_i4_A.png,round001_pair002_j0_B.png,8.5,6.5,0,0.85,0.8425648212432861,0.8325575590133667,0.010007262229919434,0,1,2.0,1.0,1.0,gpt_4_1_mini,flux1_fal_duel,Flux1-duel
1,3,2,5,round001_pair003_i2_A.png,round001_pair003_j5_B.png,6.5,8.5,1,0.85,0.848904013633728,0.8644002676010132,-0.015496253967285156,1,1,-2.0,-1.0,-1.0,gpt_4_1_mini,flux1_fal_duel,Flux1-duel
1,4,3,2,round001_pair004_i3_A.png,round001_pair004_j2_B.png,8.5,7.0,0,0.85,0.721362829208374,0.815259575843811,-0.09389674663543701,1,0,1.5,1.0,-1.0,gpt_4_1_mini,flux1_fal_duel,Flux1-duel
1,5,3,0,round001_pair005_i3_A.png,round001_pair005_j0_B.png,9.0,6.0,0,0.85,0.8584469556808472,0.7892080545425415,0.06923890113830566,0,1,3.0,1.0,1.0,gpt_4_1_mini,flux1_fal_duel,Flux1-duel
1,6,3,4,round001_pair006_i3_A.png,round001_pair006_j4_B.png,7.0,9.0,1,0.85,0.8115390539169312,0.8478981256484985,-0.03635907173156738,1,1,-2.0,-1.0,-1.0,gpt_4_1_mini,flux1_fal_duel,Flux1-duel
1,7,3,1,round001_pair007_i3_A.png,round001_pair007_j1_B.png,7.0,9.0,1,0.9,0.8455640077590942,0.8811137676239014,-0.03554975986480713,1,1,-2.0,-1.0,-1.0,gpt_4_1_mini,flux1_fal_duel,Flux1-duel
1,8,3,5,round001_pair008_i3_A.png,round001_pair008_j5_B.png,8.0,6.0,0,0.9,0.6639297008514404,0.8507294654846191,-0.1867997646331787,1,0,2.0,1.0,-1.0,gpt_4_1_mini,flux1_fal_duel,Flux1-duel
1,9,3,2,round001_pair009_i3_A.png,round001_pair009_j2_B.png,8.0,6.0,0,0.85,0.8320817947387695,0.8033019304275513,0.02877986431121826,0,1,2.0,1.0,1.0,gpt_4_1_mini,flux1_fal_duel,Flux1-duel
1,10,3,4,round001_pair010_i3_A.png,round001_pair010_j4_B.png,7.5,9.0,1,0.85,0.8664780855178833,0.8518840670585632,0.014594018459320068,0,0,-1.5,-1.0,1.0,gpt_4_1_mini,flux1_fal_duel,Flux1-duel
2,1,4,0,round002_pair001_i4_A.png,round002_pair001_j0_B.png,8.0,6.0,0,0.85,0.8714779615402222,0.6263712644577026,0.24510669708251953,0,1,2.0,1.0,1.0,gpt_4_1_mini,flux1_fal_duel,Flux1-duel
2,2,3,1,round002_pair002_i3_A.png,round002_pair002_j1_B.png,6.0,8.0,1,0.9,0.8317285776138306,0.653938353061676,0.17779022455215454,0,0,-2.0,-1.0,1.0,gpt_4_1_mini,flux1_fal_duel,Flux1-duel
2,3,2,5,round002_pair003_i2_A.png,round002_pair003_j5_B.png,6.5,8.5,1,0.85,0.5149231553077698,0.7304745316505432,-0.21555137634277344,1,1,-2.0,-1.0,-1.0,gpt_4_1_mini,flux1_fal_duel,Flux1-duel
2,4,4,0,round002_pair004_i4_A.png,round002_pair004_j0_B.png,8.0,5.0,0,0.85,0.8025637269020081,0.8343374729156494,-0.03177374601364136,1,0,3.0,1.0,-1.0,gpt_4_1_mini,flux1_fal_duel,Flux1-duel
2,5,4,1,round002_pair005_i4_A.png,round002_pair005_j1_B.png,7.0,8.5,1,0.85,0.8318065404891968,0.45151931047439575,0.380287230014801,0,0,-1.5,-1.0,1.0,gpt_4_1_mini,flux1_fal_duel,Flux1-duel
2,6,4,2,round002_pair006_i4_A.png,round002_pair006_j2_B.png,9.0,7.0,0,0.85,0.8512567281723022,0.507173478603363,0.3440832495689392,0,1,2.0,1.0,1.0,gpt_4_1_mini,flux1_fal_duel,Flux1-duel
2,7,4,3,round002_pair007_i4_A.png,round002_pair007_j3_B.png,7.0,8.0,1,0.85,0.838539183139801,0.8434280157089233,-0.0048888325691223145,1,1,-1.0,-1.0,-1.0,gpt_4_1_mini,flux1_fal_duel,Flux1-duel
2,8,4,5,round002_pair008_i4_A.png,round002_pair008_j5_B.png,9.0,6.0,0,0.9,0.9028156995773315,0.6293387413024902,0.2734769582748413,0,1,3.0,1.0,1.0,gpt_4_1_mini,flux1_fal_duel,Flux1-duel
2,9,4,3,round002_pair009_i4_A.png,round002_pair009_j3_B.png,9.0,7.0,0,0.85,0.7927814722061157,0.8195245862007141,-0.02674311399459839,1,0,2.0,1.0,-1.0,gpt_4_1_mini,flux1_fal_duel,Flux1-duel
2,10,4,3,round002_pair010_i4_A.png,round002_pair010_j3_B.png,7.5,9.0,1,0.85,0.6177922487258911,0.8606909513473511,-0.24289870262145996,1,1,-1.5,-1.0,-1.0,gpt_4_1_mini,flux1_fal_duel,Flux1-duel
3,1,4,0,round003_pair001_i4_A.png,round003_pair001_j0_B.png,6.0,9.0,1,0.85,0.869469165802002,0.8175694942474365,0.05189967155456543,0,0,-3.0,-1.0,1.0,gpt_4_1_mini,flux1_fal_duel,Flux1-duel
3,2,5,2,round003_pair002_i5_A.png,round003_pair002_j2_B.png,6.0,9.0,1,0.55,0.7342609763145447,0.851952075958252,-0.11769109964370728,1,1,-3.0,-1.0,-1.0,gpt_4_1_mini,flux1_fal_duel,Flux1-duel
3,3,3,1,round003_pair003_i3_A.png,round003_pair003_j1_B.png,6.5,8.5,1,0.85,0.8674625754356384,0.7671093940734863,0.1003531813621521,0,0,-2.0,-1.0,1.0,gpt_4_1_mini,flux1_fal_duel,Flux1-duel
3,4,4,1,round003_pair004_i4_A.png,round003_pair004_j1_B.png,8.0,6.0,0,0.85,0.8406428694725037,0.7878853678703308,0.05275750160217285,0,1,2.0,1.0,1.0,gpt_4_1_mini,flux1_fal_duel,Flux1-duel
3,5,4,0,round003_pair005_i4_A.png,round003_pair005_j0_B.png,9.0,7.0,0,0.85,0.8476980924606323,0.7244051694869995,0.12329292297363281,0,1,2.0,1.0,1.0,gpt_4_1_mini,flux1_fal_duel,Flux1-duel
3,6,4,0,round003_pair006_i4_A.png,round003_pair006_j0_B.png,8.5,6.5,0,0.9,0.848938524723053,0.8106014728546143,0.03833705186843872,0,1,2.0,1.0,1.0,gpt_4_1_mini,flux1_fal_duel,Flux1-duel
3,7,4,1,round003_pair007_i4_A.png,round003_pair007_j1_B.png,8.0,5.0,0,0.85,0.858704686164856,0.7322415113449097,0.1264631748199463,0,1,3.0,1.0,1.0,gpt_4_1_mini,flux1_fal_duel,Flux1-duel
3,8,4,5,round003_pair008_i4_A.png,round003_pair008_j5_B.png,7.0,8.0,1,0.9,0.8422815799713135,0.7813485860824585,0.06093299388885498,0,0,-1.0,-1.0,1.0,gpt_4_1_mini,flux1_fal_duel,Flux1-duel
3,9,4,5,round003_pair009_i4_A.png,round003_pair009_j5_B.png,9.0,6.0,0,0.85,0.8433148860931396,0.7307654619216919,0.11254942417144775,0,1,3.0,1.0,1.0,gpt_4_1_mini,flux1_fal_duel,Flux1-duel
3,10,4,3,round003_pair010_i4_A.png,round003_pair010_j3_B.png,6.0,9.0,1,0.9,0.8578159809112549,0.575088381767273,0.28272759914398193,0,0,-3.0,-1.0,1.0,gpt_4_1_mini,flux1_fal_duel,Flux1-duel
4,1,4,2,round004_pair001_i4_A.png,round004_pair001_j2_B.png,8.5,6.5,0,0.85,0.8061180710792542,0.8132553100585938,-0.0071372389793396,1,0,2.0,1.0,-1.0,gpt_4_1_mini,flux1_fal_duel,Flux1-duel
4,2,3,0,round004_pair002_i3_A.png,round004_pair002_j0_B.png,8.5,6.5,0,0.8,0.5941272974014282,0.7681711316108704,-0.17404383420944214,1,0,2.0,1.0,-1.0,gpt_4_1_mini,flux1_fal_duel,Flux1-duel
4,3,1,5,round004_pair003_i1_A.png,round004_pair003_j5_B.png,7.0,8.5,1,0.85,0.850041925907135,0.7859748005867004,0.06406712532043457,0,0,-1.5,-1.0,1.0,gpt_4_1_mini,flux1_fal_duel,Flux1-duel
4,4,4,1,round004_pair004_i4_A.png,round004_pair004_j1_B.png,7.0,9.0,1,0.9,0.7954847812652588,0.7713508605957031,0.024133920669555664,0,0,-2.0,-1.0,1.0,gpt_4_1_mini,flux1_fal_duel,Flux1-duel
4,5,4,0,round004_pair005_i4_A.png,round004_pair005_j0_B.png,7.0,9.0,1,0.9,0.8220518827438354,0.8360962271690369,-0.014044344425201416,1,1,-2.0,-1.0,-1.0,gpt_4_1_mini,flux1_fal_duel,Flux1-duel
4,6,4,1,round004_pair006_i4_A.png,round004_pair006_j1_B.png,8.5,6.5,0,0.85,0.8766390085220337,0.8632705807685852,0.013368427753448486,0,1,2.0,1.0,1.0,gpt_4_1_mini,flux1_fal_duel,Flux1-duel
4,7,4,5,round004_pair007_i4_A.png,round004_pair007_j5_B.png,8.0,6.0,0,0.8,0.8041204214096069,0.7031890153884888,0.10093140602111816,0,1,2.0,1.0,1.0,gpt_4_1_mini,flux1_fal_duel,Flux1-duel
4,8,4,3,round004_pair008_i4_A.png,round004_pair008_j3_B.png,7.5,9.5,1,0.85,0.8187846541404724,0.8408880829811096,-0.022103428840637207,1,1,-2.0,-1.0,-1.0,gpt_4_1_mini,flux1_fal_duel,Flux1-duel
4,9,4,0,round004_pair009_i4_A.png,round004_pair009_j0_B.png,8.5,6.5,0,0.85,0.7959885597229004,0.8263018727302551,-0.030313313007354736,1,0,2.0,1.0,-1.0,gpt_4_1_mini,flux1_fal_duel,Flux1-duel
4,10,4,1,round004_pair010_i4_A.png,round004_pair010_j1_B.png,8.0,5.0,0,0.85,0.8287707567214966,0.8416248559951782,-0.01285409927368164,1,0,3.0,1.0,-1.0,gpt_4_1_mini,flux1_fal_duel,Flux1-duel
5,1,4,1,round005_pair001_i4_A.png,round005_pair001_j1_B.png,8.0,5.0,0,0.85,0.7789047360420227,0.7865620851516724,-0.007657349109649658,1,0,3.0,1.0,-1.0,gpt_4_1_mini,flux1_fal_duel,Flux1-duel
5,2,0,3,round005_pair002_i0_A.png,round005_pair002_j3_B.png,7.0,9.0,1,0.85,0.815695583820343,0.8091114163398743,0.00658416748046875,0,0,-2.0,-1.0,1.0,gpt_4_1_mini,flux1_fal_duel,Flux1-duel
5,3,2,5,round005_pair003_i2_A.png,round005_pair003_j5_B.png,8.5,6.5,0,0.85,0.7914602756500244,0.7618697881698608,0.029590487480163574,0,1,2.0,1.0,1.0,gpt_4_1_mini,flux1_fal_duel,Flux1-duel
5,4,4,2,round005_pair004_i4_A.png,round005_pair004_j2_B.png,8.5,7.0,0,0.75,0.6221281290054321,0.7821297645568848,-0.16000163555145264,1,0,1.5,1.0,-1.0,gpt_4_1_mini,flux1_fal_duel,Flux1-duel
5,5,4,2,round005_pair005_i4_A.png,round005_pair005_j2_B.png,8.0,6.0,0,0.8,0.8701963424682617,0.8379994630813599,0.032196879386901855,0,1,2.0,1.0,1.0,gpt_4_1_mini,flux1_fal_duel,Flux1-duel
5,6,4,1,round005_pair006_i4_A.png,round005_pair006_j1_B.png,8.7,7.3,0,0.85,0.8530972003936768,0.7592020630836487,0.09389513731002808,0,1,1.3999999999999995,1.0,1.0,gpt_4_1_mini,flux1_fal_duel,Flux1-duel
5,7,4,1,round005_pair007_i4_A.png,round005_pair007_j1_B.png,9.0,7.0,0,0.85,0.8105909824371338,0.8197095394134521,-0.00911855697631836,1,0,2.0,1.0,-1.0,gpt_4_1_mini,flux1_fal_duel,Flux1-duel
5,8,4,0,round005_pair008_i4_A.png,round005_pair008_j0_B.png,8.000001,8.0,0,0.55,0.7579872608184814,0.7854078412055969,-0.02742058038711548,1,0,9.999999992515995e-07,1.0,-1.0,gpt_4_1_mini,flux1_fal_duel,Flux1-duel
5,9,4,2,round005_pair009_i4_A.png,round005_pair009_j2_B.png,8.0,6.0,0,0.85,0.7196277976036072,0.8380123376846313,-0.11838454008102417,1,0,2.0,1.0,-1.0,gpt_4_1_mini,flux1_fal_duel,Flux1-duel
5,10,4,5,round005_pair010_i4_A.png,round005_pair010_j5_B.png,8.0,4.0,0,0.9,0.7631659507751465,0.7780085802078247,-0.014842629432678223,1,0,4.0,1.0,-1.0,gpt_4_1_mini,flux1_fal_duel,Flux1-duel
1,1,3,1,round001_pair001_i3_A.png,round001_pair001_j1_B.png,78.0,90.0,1,0.85,0.8509836196899414,0.8478810787200928,0.003102540969848633,0,0,-12.0,-1.0,1.0,gpt_4_1_mini,flux1_fal_duel,Flux1-duel
1,2,4,0,round001_pair002_i4_A.png,round001_pair002_j0_B.png,80.0,90.0,1,0.85,0.8425648212432861,0.8325575590133667,0.010007262229919434,0,0,-10.0,-1.0,1.0,gpt_4_1_mini,flux1_fal_duel,Flux1-duel
1,3,2,5,round001_pair003_i2_A.png,round001_pair003_j5_B.png,75.0,90.0,1,0.9,0.848904013633728,0.8644002676010132,-0.015496253967285156,1,1,-15.0,-1.0,-1.0,gpt_4_1_mini,flux1_fal_duel,Flux1-duel
1,4,3,2,round001_pair004_i3_A.png,round001_pair004_j2_B.png,70.0,90.0,1,0.85,0.721362829208374,0.815259575843811,-0.09389674663543701,1,1,-20.0,-1.0,-1.0,gpt_4_1_mini,flux1_fal_duel,Flux1-duel
1,5,3,0,round001_pair005_i3_A.png,round001_pair005_j0_B.png,75.0,90.0,1,0.87,0.8584469556808472,0.7892080545425415,0.06923890113830566,0,0,-15.0,-1.0,1.0,gpt_4_1_mini,flux1_fal_duel,Flux1-duel
1,6,3,4,round001_pair006_i3_A.png,round001_pair006_j4_B.png,90.000001,90.0,0,0.55,0.8115390539169312,0.8478981256484985,-0.03635907173156738,1,0,9.999999974752427e-07,1.0,-1.0,gpt_4_1_mini,flux1_fal_duel,Flux1-duel
1,7,3,1,round001_pair007_i3_A.png,round001_pair007_j1_B.png,78.0,90.0,1,0.85,0.8455640077590942,0.8811137676239014,-0.03554975986480713,1,1,-12.0,-1.0,-1.0,gpt_4_1_mini,flux1_fal_duel,Flux1-duel
1,8,3,5,round001_pair008_i3_A.png,round001_pair008_j5_B.png,75.0,90.0,1,0.85,0.6639297008514404,0.8507294654846191,-0.1867997646331787,1,1,-15.0,-1.0,-1.0,gpt_4_1_mini,flux1_fal_duel,Flux1-duel
1,9,3,2,round001_pair009_i3_A.png,round001_pair009_j2_B.png,85.0,70.0,0,0.85,0.8320817947387695,0.8033019304275513,0.02877986431121826,0,1,15.0,1.0,1.0,gpt_4_1_mini,flux1_fal_duel,Flux1-duel
1,10,3,4,round001_pair010_i3_A.png,round001_pair010_j4_B.png,78.0,88.0,1,0.8,0.8664780855178833,0.8518840670585632,0.014594018459320068,0,0,-10.0,-1.0,1.0,gpt_4_1_mini,flux1_fal_duel,Flux1-duel
2,1,4,0,round002_pair001_i4_A.png,round002_pair001_j0_B.png,75.0,90.0,1,0.85,0.8714779615402222,0.6263712644577026,0.24510669708251953,0,0,-15.0,-1.0,1.0,gpt_4_1_mini,flux1_fal_duel,Flux1-duel
2,2,3,1,round002_pair002_i3_A.png,round002_pair002_j1_B.png,75.0,90.0,1,0.85,0.8317285776138306,0.653938353061676,0.17779022455215454,0,0,-15.0,-1.0,1.0,gpt_4_1_mini,flux1_fal_duel,Flux1-duel
2,3,2,5,round002_pair003_i2_A.png,round002_pair003_j5_B.png,70.0,90.0,1,0.9,0.5149231553077698,0.7304745316505432,-0.21555137634277344,1,1,-20.0,-1.0,-1.0,gpt_4_1_mini,flux1_fal_duel,Flux1-duel
2,4,4,0,round002_pair004_i4_A.png,round002_pair004_j0_B.png,88.0,75.0,0,0.8,0.8025637269020081,0.8343374729156494,-0.03177374601364136,1,0,13.0,1.0,-1.0,gpt_4_1_mini,flux1_fal_duel,Flux1-duel
2,5,4,1,round002_pair005_i4_A.png,round002_pair005_j1_B.png,90.0,75.0,0,0.85,0.8318065404891968,0.45151931047439575,0.380287230014801,0,1,15.0,1.0,1.0,gpt_4_1_mini,flux1_fal_duel,Flux1-duel
2,6,4,2,round002_pair006_i4_A.png,round002_pair006_j2_B.png,90.0,75.0,0,0.85,0.8512567281723022,0.507173478603363,0.3440832495689392,0,1,15.0,1.0,1.0,gpt_4_1_mini,flux1_fal_duel,Flux1-duel
2,7,4,3,round002_pair007_i4_A.png,round002_pair007_j3_B.png,90.0,75.0,0,0.85,0.838539183139801,0.8434280157089233,-0.0048888325691223145,1,0,15.0,1.0,-1.0,gpt_4_1_mini,flux1_fal_duel,Flux1-duel
2,8,4,5,round002_pair008_i4_A.png,round002_pair008_j5_B.png,75.0,90.0,1,0.85,0.9028156995773315,0.6293387413024902,0.2734769582748413,0,0,-15.0,-1.0,1.0,gpt_4_1_mini,flux1_fal_duel,Flux1-duel
2,9,4,3,round002_pair009_i4_A.png,round002_pair009_j3_B.png,88.0,75.0,0,0.8,0.7927814722061157,0.8195245862007141,-0.02674311399459839,1,0,13.0,1.0,-1.0,gpt_4_1_mini,flux1_fal_duel,Flux1-duel
2,10,4,3,round002_pair010_i4_A.png,round002_pair010_j3_B.png,85.0,65.0,0,0.8,0.6177922487258911,0.8606909513473511,-0.24289870262145996,1,0,20.0,1.0,-1.0,gpt_4_1_mini,flux1_fal_duel,Flux1-duel
3,1,4,0,round003_pair001_i4_A.png,round003_pair001_j0_B.png,87.0,78.0,0,0.85,0.869469165802002,0.8175694942474365,0.05189967155456543,0,1,9.0,1.0,1.0,gpt_4_1_mini,flux1_fal_duel,Flux1-duel
3,2,5,2,round003_pair002_i5_A.png,round003_pair002_j2_B.png,75.0,90.0,1,0.85,0.7342609763145447,0.851952075958252,-0.11769109964370728,1,1,-15.0,-1.0,-1.0,gpt_4_1_mini,flux1_fal_duel,Flux1-duel
3,3,3,1,round003_pair003_i3_A.png,round003_pair003_j1_B.png,90.0,70.0,0,0.85,0.8674625754356384,0.7671093940734863,0.1003531813621521,0,1,20.0,1.0,1.0,gpt_4_1_mini,flux1_fal_duel,Flux1-duel
3,4,4,1,round003_pair004_i4_A.png,round003_pair004_j1_B.png,88.0,75.0,0,0.85,0.8406428694725037,0.7878853678703308,0.05275750160217285,0,1,13.0,1.0,1.0,gpt_4_1_mini,flux1_fal_duel,Flux1-duel
3,5,4,0,round003_pair005_i4_A.png,round003_pair005_j0_B.png,75.0,90.0,1,0.9,0.8476980924606323,0.7244051694869995,0.12329292297363281,0,0,-15.0,-1.0,1.0,gpt_4_1_mini,flux1_fal_duel,Flux1-duel
3,6,4,0,round003_pair006_i4_A.png,round003_pair006_j0_B.png,90.0,75.0,0,0.85,0.848938524723053,0.8106014728546143,0.03833705186843872,0,1,15.0,1.0,1.0,gpt_4_1_mini,flux1_fal_duel,Flux1-duel
3,7,4,1,round003_pair007_i4_A.png,round003_pair007_j1_B.png,88.0,70.0,0,0.85,0.858704686164856,0.7322415113449097,0.1264631748199463,0,1,18.0,1.0,1.0,gpt_4_1_mini,flux1_fal_duel,Flux1-duel
3,8,4,5,round003_pair008_i4_A.png,round003_pair008_j5_B.png,65.0,85.0,1,0.9,0.8422815799713135,0.7813485860824585,0.06093299388885498,0,0,-20.0,-1.0,1.0,gpt_4_1_mini,flux1_fal_duel,Flux1-duel
3,9,4,5,round003_pair009_i4_A.png,round003_pair009_j5_B.png,90.0,75.0,0,0.8,0.8433148860931396,0.7307654619216919,0.11254942417144775,0,1,15.0,1.0,1.0,gpt_4_1_mini,flux1_fal_duel,Flux1-duel
3,10,4,3,round003_pair010_i4_A.png,round003_pair010_j3_B.png,90.0,75.0,0,0.85,0.8578159809112549,0.575088381767273,0.28272759914398193,0,1,15.0,1.0,1.0,gpt_4_1_mini,flux1_fal_duel,Flux1-duel
4,1,4,2,round004_pair001_i4_A.png,round004_pair001_j2_B.png,75.0,90.0,1,0.9,0.8061180710792542,0.8132553100585938,-0.0071372389793396,1,1,-15.0,-1.0,-1.0,gpt_4_1_mini,flux1_fal_duel,Flux1-duel
4,2,3,0,round004_pair002_i3_A.png,round004_pair002_j0_B.png,90.0,70.0,0,0.9,0.5941272974014282,0.7681711316108704,-0.17404383420944214,1,0,20.0,1.0,-1.0,gpt_4_1_mini,flux1_fal_duel,Flux1-duel
4,3,1,5,round004_pair003_i1_A.png,round004_pair003_j5_B.png,70.0,88.0,1,0.85,0.850041925907135,0.7859748005867004,0.06406712532043457,0,0,-18.0,-1.0,1.0,gpt_4_1_mini,flux1_fal_duel,Flux1-duel
4,4,4,1,round004_pair004_i4_A.png,round004_pair004_j1_B.png,85.0,65.0,0,0.8,0.7954847812652588,0.7713508605957031,0.024133920669555664,0,1,20.0,1.0,1.0,gpt_4_1_mini,flux1_fal_duel,Flux1-duel
4,5,4,0,round004_pair005_i4_A.png,round004_pair005_j0_B.png,90.0,75.0,0,0.85,0.8220518827438354,0.8360962271690369,-0.014044344425201416,1,0,15.0,1.0,-1.0,gpt_4_1_mini,flux1_fal_duel,Flux1-duel
4,6,4,1,round004_pair006_i4_A.png,round004_pair006_j1_B.png,85.0,60.0,0,0.8,0.8766390085220337,0.8632705807685852,0.013368427753448486,0,1,25.0,1.0,1.0,gpt_4_1_mini,flux1_fal_duel,Flux1-duel
4,7,4,5,round004_pair007_i4_A.png,round004_pair007_j5_B.png,85.0,70.0,0,0.8,0.8041204214096069,0.7031890153884888,0.10093140602111816,0,1,15.0,1.0,1.0,gpt_4_1_mini,flux1_fal_duel,Flux1-duel
4,8,4,3,round004_pair008_i4_A.png,round004_pair008_j3_B.png,88.0,72.0,0,0.8,0.8187846541404724,0.8408880829811096,-0.022103428840637207,1,0,16.0,1.0,-1.0,gpt_4_1_mini,flux1_fal_duel,Flux1-duel
4,9,4,0,round004_pair009_i4_A.png,round004_pair009_j0_B.png,75.0,90.0,1,0.85,0.7959885597229004,0.8263018727302551,-0.030313313007354736,1,1,-15.0,-1.0,-1.0,gpt_4_1_mini,flux1_fal_duel,Flux1-duel
4,10,4,1,round004_pair010_i4_A.png,round004_pair010_j1_B.png,85.0,70.0,0,0.85,0.8287707567214966,0.8416248559951782,-0.01285409927368164,1,0,15.0,1.0,-1.0,gpt_4_1_mini,flux1_fal_duel,Flux1-duel
5,1,4,1,round005_pair001_i4_A.png,round005_pair001_j1_B.png,85.0,70.0,0,0.75,0.7789047360420227,0.7865620851516724,-0.007657349109649658,1,0,15.0,1.0,-1.0,gpt_4_1_mini,flux1_fal_duel,Flux1-duel
5,2,0,3,round005_pair002_i0_A.png,round005_pair002_j3_B.png,88.0,75.0,0,0.85,0.815695583820343,0.8091114163398743,0.00658416748046875,0,1,13.0,1.0,1.0,gpt_4_1_mini,flux1_fal_duel,Flux1-duel
5,3,2,5,round005_pair003_i2_A.png,round005_pair003_j5_B.png,70.0,85.0,1,0.85,0.7914602756500244,0.7618697881698608,0.029590487480163574,0,0,-15.0,-1.0,1.0,gpt_4_1_mini,flux1_fal_duel,Flux1-duel
5,4,4,2,round005_pair004_i4_A.png,round005_pair004_j2_B.png,80.0,90.0,1,0.55,0.6221281290054321,0.7821297645568848,-0.16000163555145264,1,1,-10.0,-1.0,-1.0,gpt_4_1_mini,flux1_fal_duel,Flux1-duel
5,5,4,2,round005_pair005_i4_A.png,round005_pair005_j2_B.png,75.0,90.0,1,0.85,0.8701963424682617,0.8379994630813599,0.032196879386901855,0,0,-15.0,-1.0,1.0,gpt_4_1_mini,flux1_fal_duel,Flux1-duel
5,6,4,1,round005_pair006_i4_A.png,round005_pair006_j1_B.png,90.0,70.0,0,0.85,0.8530972003936768,0.7592020630836487,0.09389513731002808,0,1,20.0,1.0,1.0,gpt_4_1_mini,flux1_fal_duel,Flux1-duel
5,7,4,1,round005_pair007_i4_A.png,round005_pair007_j1_B.png,90.0,75.0,0,0.85,0.8105909824371338,0.8197095394134521,-0.00911855697631836,1,0,15.0,1.0,-1.0,gpt_4_1_mini,flux1_fal_duel,Flux1-duel
5,8,4,0,round005_pair008_i4_A.png,round005_pair008_j0_B.png,75.0,90.0,1,0.85,0.7579872608184814,0.7854078412055969,-0.02742058038711548,1,1,-15.0,-1.0,-1.0,gpt_4_1_mini,flux1_fal_duel,Flux1-duel
5,9,4,2,round005_pair009_i4_A.png,round005_pair009_j2_B.png,90.0,75.0,0,0.85,0.7196277976036072,0.8380123376846313,-0.11838454008102417,1,0,15.0,1.0,-1.0,gpt_4_1_mini,flux1_fal_duel,Flux1-duel
5,10,4,5,round005_pair010_i4_A.png,round005_pair010_j5_B.png,75.0,90.0,1,0.85,0.7631659507751465,0.7780085802078247,-0.014842629432678223,1,1,-15.0,-1.0,-1.0,gpt_4_1_mini,flux1_fal_duel,Flux1-duel
1,1,3,1,round001_pair001_i3_A.png,round001_pair001_j1_B.png,6.0,9.0,1,0.9,0.8367956280708313,0.8343887329101562,0.002406895160675049,0,0,-3.0,-1.0,1.0,gpt_4_1_mini,flux1_fal_duel,Flux1-duel
1,2,4,0,round001_pair002_i4_A.png,round001_pair002_j0_B.png,8.0,5.0,0,0.85,0.8450062870979309,0.7855783700942993,0.05942791700363159,0,1,3.0,1.0,1.0,gpt_4_1_mini,flux1_fal_duel,Flux1-duel
1,3,2,5,round001_pair003_i2_A.png,round001_pair003_j5_B.png,6.0,9.0,1,0.85,0.8013237714767456,0.8597639203071594,-0.05844014883041382,1,1,-3.0,-1.0,-1.0,gpt_4_1_mini,flux1_fal_duel,Flux1-duel
1,4,3,2,round001_pair004_i3_A.png,round001_pair004_j2_B.png,9.0,7.0,0,0.85,0.7260972261428833,0.8406165242195129,-0.11451929807662964,1,0,2.0,1.0,-1.0,gpt_4_1_mini,flux1_fal_duel,Flux1-duel
1,5,3,0,round001_pair005_i3_A.png,round001_pair005_j0_B.png,8.5,7.0,0,0.75,0.8222000598907471,0.7822823524475098,0.039917707443237305,0,1,1.5,1.0,1.0,gpt_4_1_mini,flux1_fal_duel,Flux1-duel
1,6,3,4,round001_pair006_i3_A.png,round001_pair006_j4_B.png,7.0,8.5,1,0.85,0.7939435839653015,0.828223466873169,-0.03427988290786743,1,1,-1.5,-1.0,-1.0,gpt_4_1_mini,flux1_fal_duel,Flux1-duel
1,7,3,1,round001_pair007_i3_A.png,round001_pair007_j1_B.png,9.0,7.0,0,0.8,0.8021296262741089,0.8302910923957825,-0.028161466121673584,1,0,2.0,1.0,-1.0,gpt_4_1_mini,flux1_fal_duel,Flux1-duel
1,8,3,5,round001_pair008_i3_A.png,round001_pair008_j5_B.png,7.0,8.0,1,0.8,0.6794049143791199,0.8378970623016357,-0.15849214792251587,1,1,-1.0,-1.0,-1.0,gpt_4_1_mini,flux1_fal_duel,Flux1-duel
1,9,3,2,round001_pair009_i3_A.png,round001_pair009_j2_B.png,8.5,7.0,0,0.75,0.8612845540046692,0.8576705455780029,0.0036140084266662598,0,1,1.5,1.0,1.0,gpt_4_1_mini,flux1_fal_duel,Flux1-duel
1,10,3,4,round001_pair010_i3_A.png,round001_pair010_j4_B.png,8.0,6.0,0,0.85,0.8214830160140991,0.8458399772644043,-0.024356961250305176,1,0,2.0,1.0,-1.0,gpt_4_1_mini,flux1_fal_duel,Flux1-duel
2,1,4,0,round002_pair001_i4_A.png,round002_pair001_j0_B.png,8.5,6.5,0,0.85,0.8352320194244385,0.6439696550369263,0.1912623643875122,0,1,2.0,1.0,1.0,gpt_4_1_mini,flux1_fal_duel,Flux1-duel
2,2,3,1,round002_pair002_i3_A.png,round002_pair002_j1_B.png,7.0,9.0,1,0.85,0.8396047949790955,0.7357990145683289,0.1038057804107666,0,0,-2.0,-1.0,1.0,gpt_4_1_mini,flux1_fal_duel,Flux1-duel
2,3,2,5,round002_pair003_i2_A.png,round002_pair003_j5_B.png,9.0,6.0,0,0.85,0.5783896446228027,0.8230873346328735,-0.2446976900100708,1,0,3.0,1.0,-1.0,gpt_4_1_mini,flux1_fal_duel,Flux1-duel
2,4,4,0,round002_pair004_i4_A.png,round002_pair004_j0_B.png,7.0,9.0,1,0.9,0.8370155096054077,0.77797532081604,0.059040188789367676,0,0,-2.0,-1.0,1.0,gpt_4_1_mini,flux1_fal_duel,Flux1-duel
2,5,4,1,round002_pair005_i4_A.png,round002_pair005_j1_B.png,9.0,7.0,0,0.8,0.8834874033927917,0.5092936158180237,0.37419378757476807,0,1,2.0,1.0,1.0,gpt_4_1_mini,flux1_fal_duel,Flux1-duel
2,6,4,2,round002_pair006_i4_A.png,round002_pair006_j2_B.png,6.0,8.0,1,0.85,0.8509097099304199,0.6320067644119263,0.21890294551849365,0,0,-2.0,-1.0,1.0,gpt_4_1_mini,flux1_fal_duel,Flux1-duel
2,7,4,3,round002_pair007_i4_A.png,round002_pair007_j3_B.png,7.0,8.5,1,0.85,0.8583143949508667,0.8262167572975159,0.03209763765335083,0,0,-1.5,-1.0,1.0,gpt_4_1_mini,flux1_fal_duel,Flux1-duel
2,8,4,5,round002_pair008_i4_A.png,round002_pair008_j5_B.png,8.0,6.0,0,0.85,0.8409137725830078,0.652201771736145,0.1887120008468628,0,1,2.0,1.0,1.0,gpt_4_1_mini,flux1_fal_duel,Flux1-duel
2,9,4,3,round002_pair009_i4_A.png,round002_pair009_j3_B.png,8.5,6.5,0,0.85,0.8108049631118774,0.8332967758178711,-0.022491812705993652,1,0,2.0,1.0,-1.0,gpt_4_1_mini,flux1_fal_duel,Flux1-duel
2,10,4,3,round002_pair010_i4_A.png,round002_pair010_j3_B.png,9.0,6.0,0,0.85,0.7104041576385498,0.8549755811691284,-0.1445714235305786,1,0,3.0,1.0,-1.0,gpt_4_1_mini,flux1_fal_duel,Flux1-duel
3,1,4,0,round003_pair001_i4_A.png,round003_pair001_j0_B.png,8.0,6.0,0,0.85,0.818268895149231,0.7919597625732422,0.02630913257598877,0,1,2.0,1.0,1.0,gpt_4_1_mini,flux1_fal_duel,Flux1-duel
3,2,5,2,round003_pair002_i5_A.png,round003_pair002_j2_B.png,8.5,6.0,0,0.85,0.7887461185455322,0.8075816631317139,-0.01883554458618164,1,0,2.5,1.0,-1.0,gpt_4_1_mini,flux1_fal_duel,Flux1-duel
3,3,3,1,round003_pair003_i3_A.png,round003_pair003_j1_B.png,7.0,9.0,1,0.85,0.8306279182434082,0.829349160194397,0.0012787580490112305,0,0,-2.0,-1.0,1.0,gpt_4_1_mini,flux1_fal_duel,Flux1-duel
3,4,4,1,round003_pair004_i4_A.png,round003_pair004_j1_B.png,7.0,9.0,1,0.85,0.8054221272468567,0.8187541365623474,-0.013332009315490723,1,1,-2.0,-1.0,-1.0,gpt_4_1_mini,flux1_fal_duel,Flux1-duel
3,5,4,0,round003_pair005_i4_A.png,round003_pair005_j0_B.png,8.0,6.0,0,0.85,0.8347073793411255,0.7915542721748352,0.04315310716629028,0,1,2.0,1.0,1.0,gpt_4_1_mini,flux1_fal_duel,Flux1-duel
3,6,4,0,round003_pair006_i4_A.png,round003_pair006_j0_B.png,8.0,5.0,0,0.85,0.8210607171058655,0.8451598882675171,-0.02409917116165161,1,0,3.0,1.0,-1.0,gpt_4_1_mini,flux1_fal_duel,Flux1-duel
3,7,4,1,round003_pair007_i4_A.png,round003_pair007_j1_B.png,7.0,9.0,1,0.85,0.8261531591415405,0.7788294553756714,0.04732370376586914,0,0,-2.0,-1.0,1.0,gpt_4_1_mini,flux1_fal_duel,Flux1-duel
3,8,4,5,round003_pair008_i4_A.png,round003_pair008_j5_B.png,7.0,9.0,1,0.85,0.8651516437530518,0.8299379348754883,0.03521370887756348,0,0,-2.0,-1.0,1.0,gpt_4_1_mini,flux1_fal_duel,Flux1-duel
3,9,4,5,round003_pair009_i4_A.png,round003_pair009_j5_B.png,7.0,8.5,1,0.85,0.8339543342590332,0.8281949758529663,0.0057593584060668945,0,0,-1.5,-1.0,1.0,gpt_4_1_mini,flux1_fal_duel,Flux1-duel
3,10,4,3,round003_pair010_i4_A.png,round003_pair010_j3_B.png,7.0,9.0,1,0.85,0.8343183994293213,0.6168538331985474,0.21746456623077393,0,0,-2.0,-1.0,1.0,gpt_4_1_mini,flux1_fal_duel,Flux1-duel
4,1,4,2,round004_pair001_i4_A.png,round004_pair001_j2_B.png,9.0,7.0,0,0.85,0.814407467842102,0.8347125053405762,-0.02030503749847412,1,0,2.0,1.0,-1.0,gpt_4_1_mini,flux1_fal_duel,Flux1-duel
4,2,3,0,round004_pair002_i3_A.png,round004_pair002_j0_B.png,7.0,9.0,1,0.85,0.6350243091583252,0.7759566307067871,-0.14093232154846191,1,1,-2.0,-1.0,-1.0,gpt_4_1_mini,flux1_fal_duel,Flux1-duel
4,3,1,5,round004_pair003_i1_A.png,round004_pair003_j5_B.png,8.5,6.5,0,0.85,0.8258860111236572,0.8011727333068848,0.02471327781677246,0,1,2.0,1.0,1.0,gpt_4_1_mini,flux1_fal_duel,Flux1-duel
4,4,4,1,round004_pair004_i4_A.png,round004_pair004_j1_B.png,9.0,5.0,0,0.9,0.797123908996582,0.8060570955276489,-0.008933186531066895,1,0,4.0,1.0,-1.0,gpt_4_1_mini,flux1_fal_duel,Flux1-duel
4,5,4,0,round004_pair005_i4_A.png,round004_pair005_j0_B.png,6.5,8.5,1,0.9,0.8351564407348633,0.8028294444084167,0.03232699632644653,0,0,-2.0,-1.0,1.0,gpt_4_1_mini,flux1_fal_duel,Flux1-duel
4,6,4,1,round004_pair006_i4_A.png,round004_pair006_j1_B.png,6.0,8.0,1,0.9,0.8250036239624023,0.8138606548309326,0.011142969131469727,0,0,-2.0,-1.0,1.0,gpt_4_1_mini,flux1_fal_duel,Flux1-duel
4,7,4,5,round004_pair007_i4_A.png,round004_pair007_j5_B.png,9.0,6.5,0,0.85,0.8050025701522827,0.724479615688324,0.08052295446395874,0,1,2.5,1.0,1.0,gpt_4_1_mini,flux1_fal_duel,Flux1-duel
4,8,4,3,round004_pair008_i4_A.png,round004_pair008_j3_B.png,8.0,6.0,0,0.85,0.8229330778121948,0.7986088395118713,0.024324238300323486,0,1,2.0,1.0,1.0,gpt_4_1_mini,flux1_fal_duel,Flux1-duel
4,9,4,0,round004_pair009_i4_A.png,round004_pair009_j0_B.png,6.0,8.0,1,0.85,0.8107218742370605,0.8246259689331055,-0.013904094696044922,1,1,-2.0,-1.0,-1.0,gpt_4_1_mini,flux1_fal_duel,Flux1-duel
4,10,4,1,round004_pair010_i4_A.png,round004_pair010_j1_B.png,9.0,7.0,0,0.85,0.8308370113372803,0.8444204926490784,-0.013583481311798096,1,0,2.0,1.0,-1.0,gpt_4_1_mini,flux1_fal_duel,Flux1-duel
5,1,4,1,round005_pair001_i4_A.png,round005_pair001_j1_B.png,9.0,7.0,0,0.85,0.7881499528884888,0.779218316078186,0.008931636810302734,0,1,2.0,1.0,1.0,gpt_4_1_mini,flux1_fal_duel,Flux1-duel
5,2,0,3,round005_pair002_i0_A.png,round005_pair002_j3_B.png,7.0,9.0,1,0.85,0.8532619476318359,0.8238065838813782,0.029455363750457764,0,0,-2.0,-1.0,1.0,gpt_4_1_mini,flux1_fal_duel,Flux1-duel
5,3,2,5,round005_pair003_i2_A.png,round005_pair003_j5_B.png,6.5,8.5,1,0.85,0.8030519485473633,0.7898237705230713,0.013228178024291992,0,0,-2.0,-1.0,1.0,gpt_4_1_mini,flux1_fal_duel,Flux1-duel
5,4,4,2,round005_pair004_i4_A.png,round005_pair004_j2_B.png,7.0,9.0,1,0.85,0.6355336904525757,0.7926487922668457,-0.15711510181427002,1,1,-2.0,-1.0,-1.0,gpt_4_1_mini,flux1_fal_duel,Flux1-duel
5,5,4,2,round005_pair005_i4_A.png,round005_pair005_j2_B.png,7.0,9.0,1,0.85,0.7770674824714661,0.8433154225349426,-0.06624794006347656,1,1,-2.0,-1.0,-1.0,gpt_4_1_mini,flux1_fal_duel,Flux1-duel
5,6,4,1,round005_pair006_i4_A.png,round005_pair006_j1_B.png,8.5,6.0,0,0.85,0.831053614616394,0.8352612853050232,-0.00420767068862915,1,0,2.5,1.0,-1.0,gpt_4_1_mini,flux1_fal_duel,Flux1-duel
5,7,4,1,round005_pair007_i4_A.png,round005_pair007_j1_B.png,7.0,9.0,1,0.9,0.7935090065002441,0.802975594997406,-0.009466588497161865,1,1,-2.0,-1.0,-1.0,gpt_4_1_mini,flux1_fal_duel,Flux1-duel
5,8,4,0,round005_pair008_i4_A.png,round005_pair008_j0_B.png,8.0,5.0,0,0.85,0.7448421120643616,0.7997905611991882,-0.05494844913482666,1,0,3.0,1.0,-1.0,gpt_4_1_mini,flux1_fal_duel,Flux1-duel
5,9,4,2,round005_pair009_i4_A.png,round005_pair009_j2_B.png,9.0,6.5,0,0.85,0.7402851581573486,0.8432310819625854,-0.10294592380523682,1,0,2.5,1.0,-1.0,gpt_4_1_mini,flux1_fal_duel,Flux1-duel
5,10,4,5,round005_pair010_i4_A.png,round005_pair010_j5_B.png,7.0,9.0,1,0.8,0.7575244903564453,0.7937517166137695,-0.03622722625732422,1,1,-2.0,-1.0,-1.0,gpt_4_1_mini,flux1_fal_duel,Flux1-duel
1,1,3,1,round001_pair001_i3_A.png,round001_pair001_j1_B.png,85.0,93.0,1,0.8,0.8367956280708313,0.8343887329101562,0.002406895160675049,0,0,-8.0,-1.0,1.0,gpt_4_1_mini,flux1_fal_duel,Flux1-duel
1,2,4,0,round001_pair002_i4_A.png,round001_pair002_j0_B.png,75.0,90.0,1,0.85,0.8450062870979309,0.7855783700942993,0.05942791700363159,0,0,-15.0,-1.0,1.0,gpt_4_1_mini,flux1_fal_duel,Flux1-duel
1,3,2,5,round001_pair003_i2_A.png,round001_pair003_j5_B.png,75.0,90.0,1,0.8,0.8013237714767456,0.8597639203071594,-0.05844014883041382,1,1,-15.0,-1.0,-1.0,gpt_4_1_mini,flux1_fal_duel,Flux1-duel
1,4,3,2,round001_pair004_i3_A.png,round001_pair004_j2_B.png,70.0,90.0,1,0.9,0.7260972261428833,0.8406165242195129,-0.11451929807662964,1,1,-20.0,-1.0,-1.0,gpt_4_1_mini,flux1_fal_duel,Flux1-duel
1,5,3,0,round001_pair005_i3_A.png,round001_pair005_j0_B.png,90.0,75.0,0,0.85,0.8222000598907471,0.7822823524475098,0.039917707443237305,0,1,15.0,1.0,1.0,gpt_4_1_mini,flux1_fal_duel,Flux1-duel
1,6,3,4,round001_pair006_i3_A.png,round001_pair006_j4_B.png,75.0,90.0,1,0.85,0.7939435839653015,0.828223466873169,-0.03427988290786743,1,1,-15.0,-1.0,-1.0,gpt_4_1_mini,flux1_fal_duel,Flux1-duel
1,7,3,1,round001_pair007_i3_A.png,round001_pair007_j1_B.png,75.0,90.0,1,0.85,0.8021296262741089,0.8302910923957825,-0.028161466121673584,1,1,-15.0,-1.0,-1.0,gpt_4_1_mini,flux1_fal_duel,Flux1-duel
1,8,3,5,round001_pair008_i3_A.png,round001_pair008_j5_B.png,65.0,85.0,1,0.9,0.6794049143791199,0.8378970623016357,-0.15849214792251587,1,1,-20.0,-1.0,-1.0,gpt_4_1_mini,flux1_fal_duel,Flux1-duel
1,9,3,2,round001_pair009_i3_A.png,round001_pair009_j2_B.png,75.0,90.0,1,0.9,0.8612845540046692,0.8576705455780029,0.0036140084266662598,0,0,-15.0,-1.0,1.0,gpt_4_1_mini,flux1_fal_duel,Flux1-duel
1,10,3,4,round001_pair010_i3_A.png,round001_pair010_j4_B.png,75.0,90.0,1,0.85,0.8214830160140991,0.8458399772644043,-0.024356961250305176,1,1,-15.0,-1.0,-1.0,gpt_4_1_mini,flux1_fal_duel,Flux1-duel
2,1,4,0,round002_pair001_i4_A.png,round002_pair001_j0_B.png,85.0,65.0,0,0.9,0.8352320194244385,0.6439696550369263,0.1912623643875122,0,1,20.0,1.0,1.0,gpt_4_1_mini,flux1_fal_duel,Flux1-duel
2,2,3,1,round002_pair002_i3_A.png,round002_pair002_j1_B.png,65.0,85.0,1,0.85,0.8396047949790955,0.7357990145683289,0.1038057804107666,0,0,-20.0,-1.0,1.0,gpt_4_1_mini,flux1_fal_duel,Flux1-duel
2,3,2,5,round002_pair003_i2_A.png,round002_pair003_j5_B.png,70.0,90.0,1,0.9,0.5783896446228027,0.8230873346328735,-0.2446976900100708,1,1,-20.0,-1.0,-1.0,gpt_4_1_mini,flux1_fal_duel,Flux1-duel
2,4,4,0,round002_pair004_i4_A.png,round002_pair004_j0_B.png,88.0,75.0,0,0.85,0.8370155096054077,0.77797532081604,0.059040188789367676,0,1,13.0,1.0,1.0,gpt_4_1_mini,flux1_fal_duel,Flux1-duel
2,5,4,1,round002_pair005_i4_A.png,round002_pair005_j1_B.png,85.0,65.0,0,0.8,0.8834874033927917,0.5092936158180237,0.37419378757476807,0,1,20.0,1.0,1.0,gpt_4_1_mini,flux1_fal_duel,Flux1-duel
2,6,4,2,round002_pair006_i4_A.png,round002_pair006_j2_B.png,89.0,75.0,0,0.85,0.8509097099304199,0.6320067644119263,0.21890294551849365,0,1,14.0,1.0,1.0,gpt_4_1_mini,flux1_fal_duel,Flux1-duel
2,7,4,3,round002_pair007_i4_A.png,round002_pair007_j3_B.png,85.0,70.0,0,0.8,0.8583143949508667,0.8262167572975159,0.03209763765335083,0,1,15.0,1.0,1.0,gpt_4_1_mini,flux1_fal_duel,Flux1-duel
2,8,4,5,round002_pair008_i4_A.png,round002_pair008_j5_B.png,85.0,60.0,0,0.85,0.8409137725830078,0.652201771736145,0.1887120008468628,0,1,25.0,1.0,1.0,gpt_4_1_mini,flux1_fal_duel,Flux1-duel
2,9,4,3,round002_pair009_i4_A.png,round002_pair009_j3_B.png,75.0,90.0,1,0.85,0.8108049631118774,0.8332967758178711,-0.022491812705993652,1,1,-15.0,-1.0,-1.0,gpt_4_1_mini,flux1_fal_duel,Flux1-duel
2,10,4,3,round002_pair010_i4_A.png,round002_pair010_j3_B.png,78.0,90.0,1,0.85,0.7104041576385498,0.8549755811691284,-0.1445714235305786,1,1,-12.0,-1.0,-1.0,gpt_4_1_mini,flux1_fal_duel,Flux1-duel
3,1,4,0,round003_pair001_i4_A.png,round003_pair001_j0_B.png,75.0,90.0,1,0.85,0.818268895149231,0.7919597625732422,0.02630913257598877,0,0,-15.0,-1.0,1.0,gpt_4_1_mini,flux1_fal_duel,Flux1-duel
3,2,5,2,round003_pair002_i5_A.png,round003_pair002_j2_B.png,90.0,75.0,0,0.78,0.7887461185455322,0.8075816631317139,-0.01883554458618164,1,0,15.0,1.0,-1.0,gpt_4_1_mini,flux1_fal_duel,Flux1-duel
3,3,3,1,round003_pair003_i3_A.png,round003_pair003_j1_B.png,75.0,90.0,1,0.85,0.8306279182434082,0.829349160194397,0.0012787580490112305,0,0,-15.0,-1.0,1.0,gpt_4_1_mini,flux1_fal_duel,Flux1-duel
3,4,4,1,round003_pair004_i4_A.png,round003_pair004_j1_B.png,75.0,90.0,1,0.85,0.8054221272468567,0.8187541365623474,-0.013332009315490723,1,1,-15.0,-1.0,-1.0,gpt_4_1_mini,flux1_fal_duel,Flux1-duel
3,5,4,0,round003_pair005_i4_A.png,round003_pair005_j0_B.png,90.0,75.0,0,0.85,0.8347073793411255,0.7915542721748352,0.04315310716629028,0,1,15.0,1.0,1.0,gpt_4_1_mini,flux1_fal_duel,Flux1-duel
3,6,4,0,round003_pair006_i4_A.png,round003_pair006_j0_B.png,70.0,90.0,1,0.85,0.8210607171058655,0.8451598882675171,-0.02409917116165161,1,1,-20.0,-1.0,-1.0,gpt_4_1_mini,flux1_fal_duel,Flux1-duel
3,7,4,1,round003_pair007_i4_A.png,round003_pair007_j1_B.png,88.0,75.0,0,0.85,0.8261531591415405,0.7788294553756714,0.04732370376586914,0,1,13.0,1.0,1.0,gpt_4_1_mini,flux1_fal_duel,Flux1-duel
3,8,4,5,round003_pair008_i4_A.png,round003_pair008_j5_B.png,90.0,75.0,0,0.85,0.8651516437530518,0.8299379348754883,0.03521370887756348,0,1,15.0,1.0,1.0,gpt_4_1_mini,flux1_fal_duel,Flux1-duel
3,9,4,5,round003_pair009_i4_A.png,round003_pair009_j5_B.png,90.0,75.0,0,0.85,0.8339543342590332,0.8281949758529663,0.0057593584060668945,0,1,15.0,1.0,1.0,gpt_4_1_mini,flux1_fal_duel,Flux1-duel
3,10,4,3,round003_pair010_i4_A.png,round003_pair010_j3_B.png,85.0,65.0,0,0.8,0.8343183994293213,0.6168538331985474,0.21746456623077393,0,1,20.0,1.0,1.0,gpt_4_1_mini,flux1_fal_duel,Flux1-duel
4,1,4,2,round004_pair001_i4_A.png,round004_pair001_j2_B.png,70.0,90.0,1,0.85,0.814407467842102,0.8347125053405762,-0.02030503749847412,1,1,-20.0,-1.0,-1.0,gpt_4_1_mini,flux1_fal_duel,Flux1-duel
4,2,3,0,round004_pair002_i3_A.png,round004_pair002_j0_B.png,70.0,90.0,1,0.85,0.6350243091583252,0.7759566307067871,-0.14093232154846191,1,1,-20.0,-1.0,-1.0,gpt_4_1_mini,flux1_fal_duel,Flux1-duel
4,3,1,5,round004_pair003_i1_A.png,round004_pair003_j5_B.png,85.0,70.0,0,0.85,0.8258860111236572,0.8011727333068848,0.02471327781677246,0,1,15.0,1.0,1.0,gpt_4_1_mini,flux1_fal_duel,Flux1-duel
4,4,4,1,round004_pair004_i4_A.png,round004_pair004_j1_B.png,70.0,85.0,1,0.85,0.797123908996582,0.8060570955276489,-0.008933186531066895,1,1,-15.0,-1.0,-1.0,gpt_4_1_mini,flux1_fal_duel,Flux1-duel
4,5,4,0,round004_pair005_i4_A.png,round004_pair005_j0_B.png,75.0,90.0,1,0.85,0.8351564407348633,0.8028294444084167,0.03232699632644653,0,0,-15.0,-1.0,1.0,gpt_4_1_mini,flux1_fal_duel,Flux1-duel
4,6,4,1,round004_pair006_i4_A.png,round004_pair006_j1_B.png,75.0,90.0,1,0.85,0.8250036239624023,0.8138606548309326,0.011142969131469727,0,0,-15.0,-1.0,1.0,gpt_4_1_mini,flux1_fal_duel,Flux1-duel
4,7,4,5,round004_pair007_i4_A.png,round004_pair007_j5_B.png,85.0,65.0,0,0.8,0.8050025701522827,0.724479615688324,0.08052295446395874,0,1,20.0,1.0,1.0,gpt_4_1_mini,flux1_fal_duel,Flux1-duel
4,8,4,3,round004_pair008_i4_A.png,round004_pair008_j3_B.png,90.0,70.0,0,0.85,0.8229330778121948,0.7986088395118713,0.024324238300323486,0,1,20.0,1.0,1.0,gpt_4_1_mini,flux1_fal_duel,Flux1-duel
4,9,4,0,round004_pair009_i4_A.png,round004_pair009_j0_B.png,70.0,90.0,1,0.85,0.8107218742370605,0.8246259689331055,-0.013904094696044922,1,1,-20.0,-1.0,-1.0,gpt_4_1_mini,flux1_fal_duel,Flux1-duel
4,10,4,1,round004_pair010_i4_A.png,round004_pair010_j1_B.png,75.0,90.0,1,0.85,0.8308370113372803,0.8444204926490784,-0.013583481311798096,1,1,-15.0,-1.0,-1.0,gpt_4_1_mini,flux1_fal_duel,Flux1-duel
5,1,4,1,round005_pair001_i4_A.png,round005_pair001_j1_B.png,75.0,90.0,1,0.85,0.7881499528884888,0.779218316078186,0.008931636810302734,0,0,-15.0,-1.0,1.0,gpt_4_1_mini,flux1_fal_duel,Flux1-duel
5,2,0,3,round005_pair002_i0_A.png,round005_pair002_j3_B.png,90.0,75.0,0,0.9,0.8532619476318359,0.8238065838813782,0.029455363750457764,0,1,15.0,1.0,1.0,gpt_4_1_mini,flux1_fal_duel,Flux1-duel
5,3,2,5,round005_pair003_i2_A.png,round005_pair003_j5_B.png,75.0,90.0,1,0.85,0.8030519485473633,0.7898237705230713,0.013228178024291992,0,0,-15.0,-1.0,1.0,gpt_4_1_mini,flux1_fal_duel,Flux1-duel
5,4,4,2,round005_pair004_i4_A.png,round005_pair004_j2_B.png,88.0,75.0,0,0.85,0.6355336904525757,0.7926487922668457,-0.15711510181427002,1,0,13.0,1.0,-1.0,gpt_4_1_mini,flux1_fal_duel,Flux1-duel
5,5,4,2,round005_pair005_i4_A.png,round005_pair005_j2_B.png,70.0,85.0,1,0.85,0.7770674824714661,0.8433154225349426,-0.06624794006347656,1,1,-15.0,-1.0,-1.0,gpt_4_1_mini,flux1_fal_duel,Flux1-duel
5,6,4,1,round005_pair006_i4_A.png,round005_pair006_j1_B.png,90.0,75.0,0,0.9,0.831053614616394,0.8352612853050232,-0.00420767068862915,1,0,15.0,1.0,-1.0,gpt_4_1_mini,flux1_fal_duel,Flux1-duel
5,7,4,1,round005_pair007_i4_A.png,round005_pair007_j1_B.png,78.0,92.0,1,0.85,0.7935090065002441,0.802975594997406,-0.009466588497161865,1,1,-14.0,-1.0,-1.0,gpt_4_1_mini,flux1_fal_duel,Flux1-duel
5,8,4,0,round005_pair008_i4_A.png,round005_pair008_j0_B.png,78.0,92.0,1,0.85,0.7448421120643616,0.7997905611991882,-0.05494844913482666,1,1,-14.0,-1.0,-1.0,gpt_4_1_mini,flux1_fal_duel,Flux1-duel
5,9,4,2,round005_pair009_i4_A.png,round005_pair009_j2_B.png,75.0,90.0,1,0.85,0.7402851581573486,0.8432310819625854,-0.10294592380523682,1,1,-15.0,-1.0,-1.0,gpt_4_1_mini,flux1_fal_duel,Flux1-duel
5,10,4,5,round005_pair010_i4_A.png,round005_pair010_j5_B.png,75.0,88.0,1,0.85,0.7575244903564453,0.7937517166137695,-0.03622722625732422,1,1,-13.0,-1.0,-1.0,gpt_4_1_mini,flux1_fal_duel,Flux1-duel
1,1,3,1,round001_pair001_i3_A.png,round001_pair001_j1_B.png,6.5,9.0,1,0.85,0.3336051106452942,0.32154381275177,0.01206129789352417,0,0,-2.5,-1.0,1.0,gpt_4_1_mini,gemini_duel,Gemini-duel
1,2,4,0,round001_pair002_i4_A.png,round001_pair002_j0_B.png,8.5,5.0,0,0.85,0.37246787548065186,0.3809453845024109,-0.008477509021759033,1,0,3.5,1.0,-1.0,gpt_4_1_mini,gemini_duel,Gemini-duel
1,3,2,5,round001_pair003_i2_A.png,round001_pair003_j5_B.png,5.0,8.5,1,0.85,0.7143179774284363,0.2535766661167145,0.4607413113117218,0,0,-3.5,-1.0,1.0,gpt_4_1_mini,gemini_duel,Gemini-duel
1,4,3,2,round001_pair004_i3_A.png,round001_pair004_j2_B.png,3.0,8.0,1,0.9,0.39219510555267334,0.5025484561920166,-0.11035335063934326,1,1,-5.0,-1.0,-1.0,gpt_4_1_mini,gemini_duel,Gemini-duel
1,5,3,0,round001_pair005_i3_A.png,round001_pair005_j0_B.png,6.0,8.5,1,0.85,0.3673900067806244,0.4177608788013458,-0.050370872020721436,1,1,-2.5,-1.0,-1.0,gpt_4_1_mini,gemini_duel,Gemini-duel
1,6,3,4,round001_pair006_i3_A.png,round001_pair006_j4_B.png,5.0,8.0,1,0.85,0.3146131634712219,0.4566894471645355,-0.1420762836933136,1,1,-3.0,-1.0,-1.0,gpt_4_1_mini,gemini_duel,Gemini-duel
1,7,3,1,round001_pair007_i3_A.png,round001_pair007_j1_B.png,5.0,8.0,1,0.9,0.3421565294265747,0.2802804708480835,0.06187605857849121,0,0,-3.0,-1.0,1.0,gpt_4_1_mini,gemini_duel,Gemini-duel
1,8,3,5,round001_pair008_i3_A.png,round001_pair008_j5_B.png,6.0,9.0,1,0.85,0.29577627778053284,0.3798779845237732,-0.08410170674324036,1,1,-3.0,-1.0,-1.0,gpt_4_1_mini,gemini_duel,Gemini-duel
1,9,3,2,round001_pair009_i3_A.png,round001_pair009_j2_B.png,7.0,4.0,0,0.8,0.46205365657806396,0.43658363819122314,0.02547001838684082,0,1,3.0,1.0,1.0,gpt_4_1_mini,gemini_duel,Gemini-duel
1,10,3,4,round001_pair010_i3_A.png,round001_pair010_j4_B.png,7.5,5.0,0,0.75,0.4557218551635742,0.3685280680656433,0.08719378709793091,0,1,2.5,1.0,1.0,gpt_4_1_mini,gemini_duel,Gemini-duel
2,1,4,0,round002_pair001_i4_A.png,round002_pair001_j0_B.png,6.5,8.5,1,0.85,0.2884604334831238,0.38544589281082153,-0.09698545932769775,1,1,-2.0,-1.0,-1.0,gpt_4_1_mini,gemini_duel,Gemini-duel
2,2,3,1,round002_pair002_i3_A.png,round002_pair002_j1_B.png,4.0,8.0,1,0.85,0.4185889661312103,0.3114871680736542,0.10710179805755615,0,0,-4.0,-1.0,1.0,gpt_4_1_mini,gemini_duel,Gemini-duel
2,3,2,5,round002_pair003_i2_A.png,round002_pair003_j5_B.png,6.0,8.0,1,0.85,0.2970897853374481,0.3633456528186798,-0.06625586748123169,1,1,-2.0,-1.0,-1.0,gpt_4_1_mini,gemini_duel,Gemini-duel
2,4,4,0,round002_pair004_i4_A.png,round002_pair004_j0_B.png,5.0,8.0,1,0.85,0.15088091790676117,0.36978429555892944,-0.21890337765216827,1,1,-3.0,-1.0,-1.0,gpt_4_1_mini,gemini_duel,Gemini-duel
2,5,4,1,round002_pair005_i4_A.png,round002_pair005_j1_B.png,5.0,8.0,1,0.85,0.3213904798030853,0.3182063698768616,0.003184109926223755,0,0,-3.0,-1.0,1.0,gpt_4_1_mini,gemini_duel,Gemini-duel
2,6,4,2,round002_pair006_i4_A.png,round002_pair006_j2_B.png,5.0,8.5,1,0.85,0.3359605371952057,0.3070215582847595,0.028938978910446167,0,0,-3.5,-1.0,1.0,gpt_4_1_mini,gemini_duel,Gemini-duel
2,7,4,3,round002_pair007_i4_A.png,round002_pair007_j3_B.png,5.0,8.0,1,0.9,0.33050352334976196,0.42839109897613525,-0.09788757562637329,1,1,-3.0,-1.0,-1.0,gpt_4_1_mini,gemini_duel,Gemini-duel
2,8,4,5,round002_pair008_i4_A.png,round002_pair008_j5_B.png,6.0,8.0,1,0.75,0.33493584394454956,0.34587258100509644,-0.010936737060546875,1,1,-2.0,-1.0,-1.0,gpt_4_1_mini,gemini_duel,Gemini-duel
2,9,4,3,round002_pair009_i4_A.png,round002_pair009_j3_B.png,8.2,6.0,0,0.85,0.38069820404052734,0.5036178827285767,-0.12291967868804932,1,0,2.1999999999999993,1.0,-1.0,gpt_4_1_mini,gemini_duel,Gemini-duel
2,10,4,3,round002_pair010_i4_A.png,round002_pair010_j3_B.png,6.0,8.0,1,0.85,0.30805158615112305,0.39560461044311523,-0.08755302429199219,1,1,-2.0,-1.0,-1.0,gpt_4_1_mini,gemini_duel,Gemini-duel
3,1,4,0,round003_pair001_i4_A.png,round003_pair001_j0_B.png,6.5,8.5,1,0.85,0.3390567898750305,0.38906005024909973,-0.050003260374069214,1,1,-2.0,-1.0,-1.0,gpt_4_1_mini,gemini_duel,Gemini-duel
3,2,5,2,round003_pair002_i5_A.png,round003_pair002_j2_B.png,6.0,8.0,1,0.9,0.3989861011505127,0.3485313653945923,0.05045473575592041,0,0,-2.0,-1.0,1.0,gpt_4_1_mini,gemini_duel,Gemini-duel
3,3,3,1,round003_pair003_i3_A.png,round003_pair003_j1_B.png,6.0,8.0,1,0.8,0.32777121663093567,0.3419830799102783,-0.014211863279342651,1,1,-2.0,-1.0,-1.0,gpt_4_1_mini,gemini_duel,Gemini-duel
3,4,4,1,round003_pair004_i4_A.png,round003_pair004_j1_B.png,8.0,5.0,0,0.9,0.2957456707954407,0.3943089246749878,-0.09856325387954712,1,0,3.0,1.0,-1.0,gpt_4_1_mini,gemini_duel,Gemini-duel
3,5,4,0,round003_pair005_i4_A.png,round003_pair005_j0_B.png,5.0,8.5,1,0.85,0.29687103629112244,0.42699676752090454,-0.1301257312297821,1,1,-3.5,-1.0,-1.0,gpt_4_1_mini,gemini_duel,Gemini-duel
3,6,4,0,round003_pair006_i4_A.png,round003_pair006_j0_B.png,6.0,8.5,1,0.85,0.20089712738990784,0.3412427604198456,-0.14034563302993774,1,1,-2.5,-1.0,-1.0,gpt_4_1_mini,gemini_duel,Gemini-duel
3,7,4,1,round003_pair007_i4_A.png,round003_pair007_j1_B.png,5.0,8.0,1,0.8,0.37306004762649536,0.3178483843803406,0.055211663246154785,0,0,-3.0,-1.0,1.0,gpt_4_1_mini,gemini_duel,Gemini-duel
3,8,4,5,round003_pair008_i4_A.png,round003_pair008_j5_B.png,9.0,7.0,0,0.85,0.34964948892593384,0.46400195360183716,-0.11435246467590332,1,0,2.0,1.0,-1.0,gpt_4_1_mini,gemini_duel,Gemini-duel
3,9,4,5,round003_pair009_i4_A.png,round003_pair009_j5_B.png,6.0,8.0,1,0.85,0.353794664144516,0.4848281145095825,-0.13103345036506653,1,1,-2.0,-1.0,-1.0,gpt_4_1_mini,gemini_duel,Gemini-duel
3,10,4,3,round003_pair010_i4_A.png,round003_pair010_j3_B.png,6.0,9.0,1,0.9,0.29239898920059204,0.2590819001197815,0.03331708908081055,0,0,-3.0,-1.0,1.0,gpt_4_1_mini,gemini_duel,Gemini-duel
1,1,3,1,round001_pair001_i3_A.png,round001_pair001_j1_B.png,9.0,6.0,0,0.85,0.3336051106452942,0.32154381275177,0.01206129789352417,0,1,3.0,1.0,1.0,gpt_4_1_mini,gemini_duel,Gemini-duel
1,2,4,0,round001_pair002_i4_A.png,round001_pair002_j0_B.png,6.0,8.0,1,0.85,0.37246787548065186,0.3809453845024109,-0.008477509021759033,1,1,-2.0,-1.0,-1.0,gpt_4_1_mini,gemini_duel,Gemini-duel
1,3,2,5,round001_pair003_i2_A.png,round001_pair003_j5_B.png,6.0,8.0,1,0.85,0.7143179774284363,0.2535766661167145,0.4607413113117218,0,0,-2.0,-1.0,1.0,gpt_4_1_mini,gemini_duel,Gemini-duel
1,4,3,2,round001_pair004_i3_A.png,round001_pair004_j2_B.png,6.0,8.0,1,0.9,0.39219510555267334,0.5025484561920166,-0.11035335063934326,1,1,-2.0,-1.0,-1.0,gpt_4_1_mini,gemini_duel,Gemini-duel
1,5,3,0,round001_pair005_i3_A.png,round001_pair005_j0_B.png,6.0,8.0,1,0.85,0.3673900067806244,0.4177608788013458,-0.050370872020721436,1,1,-2.0,-1.0,-1.0,gpt_4_1_mini,gemini_duel,Gemini-duel
1,6,3,4,round001_pair006_i3_A.png,round001_pair006_j4_B.png,4.0,7.0,1,0.9,0.3146131634712219,0.4566894471645355,-0.1420762836933136,1,1,-3.0,-1.0,-1.0,gpt_4_1_mini,gemini_duel,Gemini-duel
1,7,3,1,round001_pair007_i3_A.png,round001_pair007_j1_B.png,6.0,9.0,1,0.9,0.3421565294265747,0.2802804708480835,0.06187605857849121,0,0,-3.0,-1.0,1.0,gpt_4_1_mini,gemini_duel,Gemini-duel
1,8,3,5,round001_pair008_i3_A.png,round001_pair008_j5_B.png,74.0,88.0,1,0.85,0.29577627778053284,0.3798779845237732,-0.08410170674324036,1,1,-14.0,-1.0,-1.0,gpt_4_1_mini,gemini_duel,Gemini-duel
1,9,3,2,round001_pair009_i3_A.png,round001_pair009_j2_B.png,5.0,8.0,1,0.9,0.46205365657806396,0.43658363819122314,0.02547001838684082,0,0,-3.0,-1.0,1.0,gpt_4_1_mini,gemini_duel,Gemini-duel
1,10,3,4,round001_pair010_i3_A.png,round001_pair010_j4_B.png,4.0,7.0,1,0.85,0.4557218551635742,0.3685280680656433,0.08719378709793091,0,0,-3.0,-1.0,1.0,gpt_4_1_mini,gemini_duel,Gemini-duel
1,1,3,1,round001_pair001_i3_A.png,round001_pair001_j1_B.png,88.0,75.0,0,0.85,0.3336051106452942,0.32154381275177,0.01206129789352417,0,1,13.0,1.0,1.0,gpt_4_1_mini,gemini_duel,Gemini-duel
1,2,4,0,round001_pair002_i4_A.png,round001_pair002_j0_B.png,70.0,95.0,1,0.9,0.37246787548065186,0.3809453845024109,-0.008477509021759033,1,1,-25.0,-1.0,-1.0,gpt_4_1_mini,gemini_duel,Gemini-duel
1,3,2,5,round001_pair003_i2_A.png,round001_pair003_j5_B.png,55.0,90.0,1,0.85,0.7143179774284363,0.2535766661167145,0.4607413113117218,0,0,-35.0,-1.0,1.0,gpt_4_1_mini,gemini_duel,Gemini-duel
1,4,3,2,round001_pair004_i3_A.png,round001_pair004_j2_B.png,85.0,65.0,0,0.75,0.39219510555267334,0.5025484561920166,-0.11035335063934326,1,0,20.0,1.0,-1.0,gpt_4_1_mini,gemini_duel,Gemini-duel
1,5,3,0,round001_pair005_i3_A.png,round001_pair005_j0_B.png,92.0,70.0,0,0.85,0.3673900067806244,0.4177608788013458,-0.050370872020721436,1,0,22.0,1.0,-1.0,gpt_4_1_mini,gemini_duel,Gemini-duel
1,6,3,4,round001_pair006_i3_A.png,round001_pair006_j4_B.png,85.0,70.0,0,0.75,0.3146131634712219,0.4566894471645355,-0.1420762836933136,1,0,15.0,1.0,-1.0,gpt_4_1_mini,gemini_duel,Gemini-duel
1,7,3,1,round001_pair007_i3_A.png,round001_pair007_j1_B.png,75.0,90.0,1,0.85,0.3421565294265747,0.2802804708480835,0.06187605857849121,0,0,-15.0,-1.0,1.0,gpt_4_1_mini,gemini_duel,Gemini-duel
1,8,3,5,round001_pair008_i3_A.png,round001_pair008_j5_B.png,70.0,85.0,1,0.85,0.29577627778053284,0.3798779845237732,-0.08410170674324036,1,1,-15.0,-1.0,-1.0,gpt_4_1_mini,gemini_duel,Gemini-duel
1,9,3,2,round001_pair009_i3_A.png,round001_pair009_j2_B.png,0.0,100.0,1,,0.46205365657806396,0.43658363819122314,0.02547001838684082,0,0,-100.0,-1.0,1.0,gpt_4_1_mini,gemini_duel,Gemini-duel
1,10,3,4,round001_pair010_i3_A.png,round001_pair010_j4_B.png,55.0,90.0,1,0.85,0.4557218551635742,0.3685280680656433,0.08719378709793091,0,0,-35.0,-1.0,1.0,gpt_4_1_mini,gemini_duel,Gemini-duel
2,1,4,0,round002_pair001_i4_A.png,round002_pair001_j0_B.png,85.0,65.0,0,0.85,0.2884604334831238,0.38544589281082153,-0.09698545932769775,1,0,20.0,1.0,-1.0,gpt_4_1_mini,gemini_duel,Gemini-duel
2,2,3,1,round002_pair002_i3_A.png,round002_pair002_j1_B.png,75.0,90.0,1,0.9,0.4185889661312103,0.3114871680736542,0.10710179805755615,0,0,-15.0,-1.0,1.0,gpt_4_1_mini,gemini_duel,Gemini-duel
2,3,2,5,round002_pair003_i2_A.png,round002_pair003_j5_B.png,65.0,90.0,1,0.9,0.2970897853374481,0.3633456528186798,-0.06625586748123169,1,1,-25.0,-1.0,-1.0,gpt_4_1_mini,gemini_duel,Gemini-duel
2,4,4,0,round002_pair004_i4_A.png,round002_pair004_j0_B.png,90.0,65.0,0,0.85,0.15088091790676117,0.36978429555892944,-0.21890337765216827,1,0,25.0,1.0,-1.0,gpt_4_1_mini,gemini_duel,Gemini-duel
2,5,4,1,round002_pair005_i4_A.png,round002_pair005_j1_B.png,65.0,90.0,1,0.85,0.3213904798030853,0.3182063698768616,0.003184109926223755,0,0,-25.0,-1.0,1.0,gpt_4_1_mini,gemini_duel,Gemini-duel
2,6,4,2,round002_pair006_i4_A.png,round002_pair006_j2_B.png,85.0,60.0,0,0.75,0.3359605371952057,0.3070215582847595,0.028938978910446167,0,1,25.0,1.0,1.0,gpt_4_1_mini,gemini_duel,Gemini-duel
2,7,4,3,round002_pair007_i4_A.png,round002_pair007_j3_B.png,75.0,90.0,1,0.85,0.33050352334976196,0.42839109897613525,-0.09788757562637329,1,1,-15.0,-1.0,-1.0,gpt_4_1_mini,gemini_duel,Gemini-duel
2,8,4,5,round002_pair008_i4_A.png,round002_pair008_j5_B.png,75.0,92.0,1,0.9,0.33493584394454956,0.34587258100509644,-0.010936737060546875,1,1,-17.0,-1.0,-1.0,gpt_4_1_mini,gemini_duel,Gemini-duel
2,9,4,3,round002_pair009_i4_A.png,round002_pair009_j3_B.png,70.0,90.0,1,0.85,0.38069820404052734,0.5036178827285767,-0.12291967868804932,1,1,-20.0,-1.0,-1.0,gpt_4_1_mini,gemini_duel,Gemini-duel
2,10,4,3,round002_pair010_i4_A.png,round002_pair010_j3_B.png,70.0,90.0,1,0.8,0.30805158615112305,0.39560461044311523,-0.08755302429199219,1,1,-20.0,-1.0,-1.0,gpt_4_1_mini,gemini_duel,Gemini-duel
3,1,4,0,round003_pair001_i4_A.png,round003_pair001_j0_B.png,70.0,90.0,1,0.85,0.3390567898750305,0.38906005024909973,-0.050003260374069214,1,1,-20.0,-1.0,-1.0,gpt_4_1_mini,gemini_duel,Gemini-duel
3,2,5,2,round003_pair002_i5_A.png,round003_pair002_j2_B.png,75.0,90.0,1,0.85,0.3989861011505127,0.3485313653945923,0.05045473575592041,0,0,-15.0,-1.0,1.0,gpt_4_1_mini,gemini_duel,Gemini-duel
3,3,3,1,round003_pair003_i3_A.png,round003_pair003_j1_B.png,89.0,75.0,0,0.85,0.32777121663093567,0.3419830799102783,-0.014211863279342651,1,0,14.0,1.0,-1.0,gpt_4_1_mini,gemini_duel,Gemini-duel
3,4,4,1,round003_pair004_i4_A.png,round003_pair004_j1_B.png,70.0,90.0,1,0.85,0.2957456707954407,0.3943089246749878,-0.09856325387954712,1,1,-20.0,-1.0,-1.0,gpt_4_1_mini,gemini_duel,Gemini-duel
3,5,4,0,round003_pair005_i4_A.png,round003_pair005_j0_B.png,85.0,70.0,0,0.75,0.29687103629112244,0.42699676752090454,-0.1301257312297821,1,0,15.0,1.0,-1.0,gpt_4_1_mini,gemini_duel,Gemini-duel
3,6,4,0,round003_pair006_i4_A.png,round003_pair006_j0_B.png,70.0,90.0,1,0.85,0.20089712738990784,0.3412427604198456,-0.14034563302993774,1,1,-20.0,-1.0,-1.0,gpt_4_1_mini,gemini_duel,Gemini-duel
3,7,4,1,round003_pair007_i4_A.png,round003_pair007_j1_B.png,70.0,90.0,1,0.85,0.37306004762649536,0.3178483843803406,0.055211663246154785,0,0,-20.0,-1.0,1.0,gpt_4_1_mini,gemini_duel,Gemini-duel
3,8,4,5,round003_pair008_i4_A.png,round003_pair008_j5_B.png,85.0,70.0,0,0.8,0.34964948892593384,0.46400195360183716,-0.11435246467590332,1,0,15.0,1.0,-1.0,gpt_4_1_mini,gemini_duel,Gemini-duel
3,9,4,5,round003_pair009_i4_A.png,round003_pair009_j5_B.png,65.0,90.0,1,0.85,0.353794664144516,0.4848281145095825,-0.13103345036506653,1,1,-25.0,-1.0,-1.0,gpt_4_1_mini,gemini_duel,Gemini-duel
3,10,4,3,round003_pair010_i4_A.png,round003_pair010_j3_B.png,70.0,85.0,1,0.85,0.29239898920059204,0.2590819001197815,0.03331708908081055,0,0,-15.0,-1.0,1.0,gpt_4_1_mini,gemini_duel,Gemini-duel
4,1,4,2,round004_pair001_i4_A.png,round004_pair001_j2_B.png,75.0,90.0,1,0.9,0.3322688043117523,0.3458921015262604,-0.013623297214508057,1,1,-15.0,-1.0,-1.0,gpt_4_1_mini,gemini_duel,Gemini-duel
4,2,3,0,round004_pair002_i3_A.png,round004_pair002_j0_B.png,65.0,90.0,1,0.85,0.40826183557510376,0.4210742712020874,-0.012812435626983643,1,1,-25.0,-1.0,-1.0,gpt_4_1_mini,gemini_duel,Gemini-duel
4,3,1,5,round004_pair003_i1_A.png,round004_pair003_j5_B.png,65.0,85.0,1,0.85,0.3839436173439026,0.3839401602745056,3.4570693969726562e-06,0,0,-20.0,-1.0,1.0,gpt_4_1_mini,gemini_duel,Gemini-duel
4,4,4,1,round004_pair004_i4_A.png,round004_pair004_j1_B.png,70.0,85.0,1,0.85,0.32045090198516846,0.30618590116500854,0.014265000820159912,0,0,-15.0,-1.0,1.0,gpt_4_1_mini,gemini_duel,Gemini-duel
4,5,4,0,round004_pair005_i4_A.png,round004_pair005_j0_B.png,85.0,70.0,0,0.85,0.3295283317565918,0.4640581011772156,-0.13452976942062378,1,0,15.0,1.0,-1.0,gpt_4_1_mini,gemini_duel,Gemini-duel
4,6,4,1,round004_pair006_i4_A.png,round004_pair006_j1_B.png,65.0,90.0,1,0.85,0.2810095548629761,0.3328675925731659,-0.05185803771018982,1,1,-25.0,-1.0,-1.0,gpt_4_1_mini,gemini_duel,Gemini-duel
4,7,4,5,round004_pair007_i4_A.png,round004_pair007_j5_B.png,70.0,90.0,1,0.85,0.35393211245536804,0.37003353238105774,-0.016101419925689697,1,1,-20.0,-1.0,-1.0,gpt_4_1_mini,gemini_duel,Gemini-duel
4,8,4,3,round004_pair008_i4_A.png,round004_pair008_j3_B.png,60.0,90.0,1,0.85,0.3258698582649231,0.4089469015598297,-0.08307704329490662,1,1,-30.0,-1.0,-1.0,gpt_4_1_mini,gemini_duel,Gemini-duel
4,9,4,0,round004_pair009_i4_A.png,round004_pair009_j0_B.png,70.0,90.0,1,0.85,0.3084132969379425,0.3668009638786316,-0.05838766694068909,1,1,-20.0,-1.0,-1.0,gpt_4_1_mini,gemini_duel,Gemini-duel
4,10,4,1,round004_pair010_i4_A.png,round004_pair010_j1_B.png,60.0,90.0,1,0.87,0.31048309803009033,0.2676236033439636,0.04285949468612671,0,0,-30.0,-1.0,1.0,gpt_4_1_mini,gemini_duel,Gemini-duel
5,1,4,1,round005_pair001_i4_A.png,round005_pair001_j1_B.png,85.0,65.0,0,0.8,0.33456286787986755,0.2239709198474884,0.11059194803237915,0,1,20.0,1.0,1.0,gpt_4_1_mini,gemini_duel,Gemini-duel
5,2,0,3,round005_pair002_i0_A.png,round005_pair002_j3_B.png,55.0,85.0,1,0.85,0.4593081772327423,0.31159231066703796,0.14771586656570435,0,0,-30.0,-1.0,1.0,gpt_4_1_mini,gemini_duel,Gemini-duel
5,3,2,5,round005_pair003_i2_A.png,round005_pair003_j5_B.png,70.0,90.0,1,0.85,0.28337639570236206,0.47658848762512207,-0.19321209192276,1,1,-20.0,-1.0,-1.0,gpt_4_1_mini,gemini_duel,Gemini-duel
5,4,4,2,round005_pair004_i4_A.png,round005_pair004_j2_B.png,65.0,90.0,1,0.85,0.30077818036079407,0.32053494453430176,-0.01975676417350769,1,1,-25.0,-1.0,-1.0,gpt_4_1_mini,gemini_duel,Gemini-duel
5,5,4,2,round005_pair005_i4_A.png,round005_pair005_j2_B.png,90.0,70.0,0,0.85,0.26905912160873413,0.34643661975860596,-0.07737749814987183,1,0,20.0,1.0,-1.0,gpt_4_1_mini,gemini_duel,Gemini-duel
5,6,4,1,round005_pair006_i4_A.png,round005_pair006_j1_B.png,68.0,90.0,1,0.85,0.26788437366485596,0.24548575282096863,0.02239862084388733,0,0,-22.0,-1.0,1.0,gpt_4_1_mini,gemini_duel,Gemini-duel
5,7,4,1,round005_pair007_i4_A.png,round005_pair007_j1_B.png,85.0,60.0,0,0.85,0.32664909958839417,0.27655452489852905,0.05009457468986511,0,1,25.0,1.0,1.0,gpt_4_1_mini,gemini_duel,Gemini-duel
5,8,4,0,round005_pair008_i4_A.png,round005_pair008_j0_B.png,65.0,90.0,1,0.8,0.33848488330841064,0.3580297827720642,-0.019544899463653564,1,1,-25.0,-1.0,-1.0,gpt_4_1_mini,gemini_duel,Gemini-duel
5,9,4,2,round005_pair009_i4_A.png,round005_pair009_j2_B.png,65.0,92.0,1,0.85,0.349902480840683,0.24999211728572845,0.09991036355495453,0,0,-27.0,-1.0,1.0,gpt_4_1_mini,gemini_duel,Gemini-duel
5,10,4,5,round005_pair010_i4_A.png,round005_pair010_j5_B.png,70.0,90.0,1,0.85,0.33502620458602905,0.408605694770813,-0.07357949018478394,1,1,-20.0,-1.0,-1.0,gpt_4_1_mini,gemini_duel,Gemini-duel
1,1,3,1,round001_pair001_i3_A.png,round001_pair001_j1_B.png,8.5,6.5,0,0.85,0.275350958108902,0.3029888868331909,-0.02763792872428894,1,0,2.0,1.0,-1.0,gpt_4_1_mini,gemini_duel,Gemini-duel
1,2,4,0,round001_pair002_i4_A.png,round001_pair002_j0_B.png,8.0,6.0,0,0.85,0.35857975482940674,0.34245026111602783,0.016129493713378906,0,1,2.0,1.0,1.0,gpt_4_1_mini,gemini_duel,Gemini-duel
1,3,2,5,round001_pair003_i2_A.png,round001_pair003_j5_B.png,5.0,8.0,1,0.85,0.6798852682113647,0.2322218269109726,0.44766344130039215,0,0,-3.0,-1.0,1.0,gpt_4_1_mini,gemini_duel,Gemini-duel
1,4,3,2,round001_pair004_i3_A.png,round001_pair004_j2_B.png,6.0,9.0,1,0.9,0.3415977656841278,0.3951253592967987,-0.0535275936126709,1,1,-3.0,-1.0,-1.0,gpt_4_1_mini,gemini_duel,Gemini-duel
1,5,3,0,round001_pair005_i3_A.png,round001_pair005_j0_B.png,9.0,6.0,0,0.85,0.31484469771385193,0.37154102325439453,-0.0566963255405426,1,0,3.0,1.0,-1.0,gpt_4_1_mini,gemini_duel,Gemini-duel
1,6,3,4,round001_pair006_i3_A.png,round001_pair006_j4_B.png,6.0,9.0,1,0.9,0.26779884099960327,0.43037712574005127,-0.162578284740448,1,1,-3.0,-1.0,-1.0,gpt_4_1_mini,gemini_duel,Gemini-duel
1,7,3,1,round001_pair007_i3_A.png,round001_pair007_j1_B.png,8.0,5.0,0,0.85,0.25295013189315796,0.2303626984357834,0.022587433457374573,0,1,3.0,1.0,1.0,gpt_4_1_mini,gemini_duel,Gemini-duel
1,8,3,5,round001_pair008_i3_A.png,round001_pair008_j5_B.png,6.0,8.0,1,0.85,0.2867446541786194,0.31897932291030884,-0.03223466873168945,1,1,-2.0,-1.0,-1.0,gpt_4_1_mini,gemini_duel,Gemini-duel
1,9,3,2,round001_pair009_i3_A.png,round001_pair009_j2_B.png,8.5,5.0,0,0.85,0.4021734893321991,0.3370150327682495,0.06515845656394958,0,1,3.5,1.0,1.0,gpt_4_1_mini,gemini_duel,Gemini-duel
1,10,3,4,round001_pair010_i3_A.png,round001_pair010_j4_B.png,9.0,6.0,0,0.85,0.4057767987251282,0.30917567014694214,0.09660112857818604,0,1,3.0,1.0,1.0,gpt_4_1_mini,gemini_duel,Gemini-duel
2,1,4,0,round002_pair001_i4_A.png,round002_pair001_j0_B.png,6.5,8.5,1,0.85,0.25814610719680786,0.3629834055900574,-0.10483729839324951,1,1,-2.0,-1.0,-1.0,gpt_4_1_mini,gemini_duel,Gemini-duel
2,2,3,1,round002_pair002_i3_A.png,round002_pair002_j1_B.png,8.5,6.0,0,0.85,0.3563031852245331,0.3232960104942322,0.0330071747303009,0,1,2.5,1.0,1.0,gpt_4_1_mini,gemini_duel,Gemini-duel
2,3,2,5,round002_pair003_i2_A.png,round002_pair003_j5_B.png,6.0,8.0,1,0.85,0.2509462833404541,0.30682680010795593,-0.05588051676750183,1,1,-2.0,-1.0,-1.0,gpt_4_1_mini,gemini_duel,Gemini-duel
2,4,4,0,round002_pair004_i4_A.png,round002_pair004_j0_B.png,7.0,9.0,1,0.9,0.11920024454593658,0.319828063249588,-0.20062781870365143,1,1,-2.0,-1.0,-1.0,gpt_4_1_mini,gemini_duel,Gemini-duel
2,5,4,1,round002_pair005_i4_A.png,round002_pair005_j1_B.png,6.0,9.0,1,0.8,0.3024064898490906,0.25538116693496704,0.047025322914123535,0,0,-3.0,-1.0,1.0,gpt_4_1_mini,gemini_duel,Gemini-duel
2,6,4,2,round002_pair006_i4_A.png,round002_pair006_j2_B.png,6.0,8.0,1,0.85,0.30308404564857483,0.2725962996482849,0.030487746000289917,0,0,-2.0,-1.0,1.0,gpt_4_1_mini,gemini_duel,Gemini-duel
2,7,4,3,round002_pair007_i4_A.png,round002_pair007_j3_B.png,6.5,8.5,1,0.85,0.3025873303413391,0.37042614817619324,-0.06783881783485413,1,1,-2.0,-1.0,-1.0,gpt_4_1_mini,gemini_duel,Gemini-duel
2,8,4,5,round002_pair008_i4_A.png,round002_pair008_j5_B.png,6.0,9.0,1,0.85,0.3309871554374695,0.3123392164707184,0.0186479389667511,0,0,-3.0,-1.0,1.0,gpt_4_1_mini,gemini_duel,Gemini-duel
2,9,4,3,round002_pair009_i4_A.png,round002_pair009_j3_B.png,7.0,9.0,1,0.85,0.37005186080932617,0.4023693799972534,-0.032317519187927246,1,1,-2.0,-1.0,-1.0,gpt_4_1_mini,gemini_duel,Gemini-duel
2,10,4,3,round002_pair010_i4_A.png,round002_pair010_j3_B.png,6.0,8.0,1,0.85,0.2356194704771042,0.32491642236709595,-0.08929695188999176,1,1,-2.0,-1.0,-1.0,gpt_4_1_mini,gemini_duel,Gemini-duel
1,1,3,1,round001_pair001_i3_A.png,round001_pair001_j1_B.png,5.0,8.0,1,0.85,0.275350958108902,0.3029888868331909,-0.02763792872428894,1,1,-3.0,-1.0,-1.0,gpt_4_1_mini,gemini_duel,Gemini-duel
1,2,4,0,round001_pair002_i4_A.png,round001_pair002_j0_B.png,4.0,8.0,1,0.9,0.35857975482940674,0.34245026111602783,0.016129493713378906,0,0,-4.0,-1.0,1.0,gpt_4_1_mini,gemini_duel,Gemini-duel
1,3,2,5,round001_pair003_i2_A.png,round001_pair003_j5_B.png,8.5,7.0,0,0.85,0.6798852682113647,0.2322218269109726,0.44766344130039215,0,1,1.5,1.0,1.0,gpt_4_1_mini,gemini_duel,Gemini-duel
1,4,3,2,round001_pair004_i3_A.png,round001_pair004_j2_B.png,6.0,8.5,1,0.85,0.3415977656841278,0.3951253592967987,-0.0535275936126709,1,1,-2.5,-1.0,-1.0,gpt_4_1_mini,gemini_duel,Gemini-duel
1,5,3,0,round001_pair005_i3_A.png,round001_pair005_j0_B.png,8.0,6.0,0,0.8,0.31484469771385193,0.37154102325439453,-0.0566963255405426,1,0,2.0,1.0,-1.0,gpt_4_1_mini,gemini_duel,Gemini-duel
1,6,3,4,round001_pair006_i3_A.png,round001_pair006_j4_B.png,6.0,8.0,1,0.85,0.26779884099960327,0.43037712574005127,-0.162578284740448,1,1,-2.0,-1.0,-1.0,gpt_4_1_mini,gemini_duel,Gemini-duel
1,7,3,1,round001_pair007_i3_A.png,round001_pair007_j1_B.png,6.0,9.0,1,0.85,0.25295013189315796,0.2303626984357834,0.022587433457374573,0,0,-3.0,-1.0,1.0,gpt_4_1_mini,gemini_duel,Gemini-duel
1,8,3,5,round001_pair008_i3_A.png,round001_pair008_j5_B.png,8.5,6.5,0,0.85,0.2867446541786194,0.31897932291030884,-0.03223466873168945,1,0,2.0,1.0,-1.0,gpt_4_1_mini,gemini_duel,Gemini-duel
1,9,3,2,round001_pair009_i3_A.png,round001_pair009_j2_B.png,6.0,9.0,1,0.85,0.4021734893321991,0.3370150327682495,0.06515845656394958,0,0,-3.0,-1.0,1.0,gpt_4_1_mini,gemini_duel,Gemini-duel
1,10,3,4,round001_pair010_i3_A.png,round001_pair010_j4_B.png,8.5,6.5,0,0.85,0.4057767987251282,0.30917567014694214,0.09660112857818604,0,1,2.0,1.0,1.0,gpt_4_1_mini,gemini_duel,Gemini-duel
3,1,4,0,round003_pair001_i4_A.png,round003_pair001_j0_B.png,6.0,8.0,1,0.85,0.3640921413898468,0.34123533964157104,0.022856801748275757,0,0,-2.0,-1.0,1.0,gpt_4_1_mini,gemini_duel,Gemini-duel
3,2,5,2,round003_pair002_i5_A.png,round003_pair002_j2_B.png,8.5,6.0,0,0.9,0.3152552843093872,0.3191463351249695,-0.0038910508155822754,1,0,2.5,1.0,-1.0,gpt_4_1_mini,gemini_duel,Gemini-duel
3,3,3,1,round003_pair003_i3_A.png,round003_pair003_j1_B.png,8.0,6.0,0,0.85,0.31629568338394165,0.3045588433742523,0.011736840009689331,0,1,2.0,1.0,1.0,gpt_4_1_mini,gemini_duel,Gemini-duel
3,4,4,1,round003_pair004_i4_A.png,round003_pair004_j1_B.png,6.0,8.0,1,0.85,0.30916234850883484,0.356638103723526,-0.04747575521469116,1,1,-2.0,-1.0,-1.0,gpt_4_1_mini,gemini_duel,Gemini-duel
3,5,4,0,round003_pair005_i4_A.png,round003_pair005_j0_B.png,7.0,8.5,1,0.85,0.28427109122276306,0.33316871523857117,-0.048897624015808105,1,1,-1.5,-1.0,-1.0,gpt_4_1_mini,gemini_duel,Gemini-duel
3,6,4,0,round003_pair006_i4_A.png,round003_pair006_j0_B.png,6.0,8.0,1,0.85,0.18599310517311096,0.2947233319282532,-0.10873022675514221,1,1,-2.0,-1.0,-1.0,gpt_4_1_mini,gemini_duel,Gemini-duel
3,7,4,1,round003_pair007_i4_A.png,round003_pair007_j1_B.png,8.5,6.0,0,0.8,0.34488582611083984,0.2887324392795563,0.05615338683128357,0,1,2.5,1.0,1.0,gpt_4_1_mini,gemini_duel,Gemini-duel
3,8,4,5,round003_pair008_i4_A.png,round003_pair008_j5_B.png,6.0,8.0,1,0.85,0.3353835344314575,0.4155772030353546,-0.0801936686038971,1,1,-2.0,-1.0,-1.0,gpt_4_1_mini,gemini_duel,Gemini-duel
3,9,4,5,round003_pair009_i4_A.png,round003_pair009_j5_B.png,5.0,8.0,1,0.9,0.3014516234397888,0.40322089195251465,-0.10176926851272583,1,1,-3.0,-1.0,-1.0,gpt_4_1_mini,gemini_duel,Gemini-duel
3,10,4,3,round003_pair010_i4_A.png,round003_pair010_j3_B.png,6.0,8.0,1,0.85,0.3150462210178375,0.23962344229221344,0.07542277872562408,0,0,-2.0,-1.0,1.0,gpt_4_1_mini,gemini_duel,Gemini-duel
2,1,4,0,round002_pair001_i4_A.png,round002_pair001_j0_B.png,7.0,9.0,1,0.85,0.25814610719680786,0.3629834055900574,-0.10483729839324951,1,1,-2.0,-1.0,-1.0,gpt_4_1_mini,gemini_duel,Gemini-duel
2,2,3,1,round002_pair002_i3_A.png,round002_pair002_j1_B.png,6.0,9.0,1,0.9,0.3563031852245331,0.3232960104942322,0.0330071747303009,0,0,-3.0,-1.0,1.0,gpt_4_1_mini,gemini_duel,Gemini-duel
2,3,2,5,round002_pair003_i2_A.png,round002_pair003_j5_B.png,8.0,5.0,0,0.85,0.2509462833404541,0.30682680010795593,-0.05588051676750183,1,0,3.0,1.0,-1.0,gpt_4_1_mini,gemini_duel,Gemini-duel
2,4,4,0,round002_pair004_i4_A.png,round002_pair004_j0_B.png,5.0,8.0,1,0.85,0.11920024454593658,0.319828063249588,-0.20062781870365143,1,1,-3.0,-1.0,-1.0,gpt_4_1_mini,gemini_duel,Gemini-duel
2,5,4,1,round002_pair005_i4_A.png,round002_pair005_j1_B.png,8.5,6.5,0,0.85,0.3024064898490906,0.25538116693496704,0.047025322914123535,0,1,2.0,1.0,1.0,gpt_4_1_mini,gemini_duel,Gemini-duel
2,6,4,2,round002_pair006_i4_A.png,round002_pair006_j2_B.png,5.0,8.0,1,0.85,0.30308404564857483,0.2725962996482849,0.030487746000289917,0,0,-3.0,-1.0,1.0,gpt_4_1_mini,gemini_duel,Gemini-duel
2,7,4,3,round002_pair007_i4_A.png,round002_pair007_j3_B.png,8.0,6.0,0,0.85,0.3025873303413391,0.37042614817619324,-0.06783881783485413,1,0,2.0,1.0,-1.0,gpt_4_1_mini,gemini_duel,Gemini-duel
2,8,4,5,round002_pair008_i4_A.png,round002_pair008_j5_B.png,8.5,6.0,0,0.9,0.3309871554374695,0.3123392164707184,0.0186479389667511,0,1,2.5,1.0,1.0,gpt_4_1_mini,gemini_duel,Gemini-duel
2,9,4,3,round002_pair009_i4_A.png,round002_pair009_j3_B.png,8.5,5.0,0,0.85,0.37005186080932617,0.4023693799972534,-0.032317519187927246,1,0,3.5,1.0,-1.0,gpt_4_1_mini,gemini_duel,Gemini-duel
2,10,4,3,round002_pair010_i4_A.png,round002_pair010_j3_B.png,8.0,5.0,0,0.8,0.2356194704771042,0.32491642236709595,-0.08929695188999176,1,0,3.0,1.0,-1.0,gpt_4_1_mini,gemini_duel,Gemini-duel
3,1,4,0,round003_pair001_i4_A.png,round003_pair001_j0_B.png,6.0,9.0,1,0.9,0.3640921413898468,0.34123533964157104,0.022856801748275757,0,0,-3.0,-1.0,1.0,gpt_4_1_mini,gemini_duel,Gemini-duel
3,2,5,2,round003_pair002_i5_A.png,round003_pair002_j2_B.png,6.0,9.0,1,0.9,0.3152552843093872,0.3191463351249695,-0.0038910508155822754,1,1,-3.0,-1.0,-1.0,gpt_4_1_mini,gemini_duel,Gemini-duel
3,3,3,1,round003_pair003_i3_A.png,round003_pair003_j1_B.png,8.5,6.0,0,0.85,0.31629568338394165,0.3045588433742523,0.011736840009689331,0,1,2.5,1.0,1.0,gpt_4_1_mini,gemini_duel,Gemini-duel
3,4,4,1,round003_pair004_i4_A.png,round003_pair004_j1_B.png,8.0,5.0,0,0.85,0.30916234850883484,0.356638103723526,-0.04747575521469116,1,0,3.0,1.0,-1.0,gpt_4_1_mini,gemini_duel,Gemini-duel
3,5,4,0,round003_pair005_i4_A.png,round003_pair005_j0_B.png,6.0,8.0,1,0.8,0.28427109122276306,0.33316871523857117,-0.048897624015808105,1,1,-2.0,-1.0,-1.0,gpt_4_1_mini,gemini_duel,Gemini-duel
3,6,4,0,round003_pair006_i4_A.png,round003_pair006_j0_B.png,8.5,6.5,0,0.85,0.18599310517311096,0.2947233319282532,-0.10873022675514221,1,0,2.0,1.0,-1.0,gpt_4_1_mini,gemini_duel,Gemini-duel
3,7,4,1,round003_pair007_i4_A.png,round003_pair007_j1_B.png,8.5,5.5,0,0.9,0.34488582611083984,0.2887324392795563,0.05615338683128357,0,1,3.0,1.0,1.0,gpt_4_1_mini,gemini_duel,Gemini-duel
3,8,4,5,round003_pair008_i4_A.png,round003_pair008_j5_B.png,6.0,8.0,1,0.85,0.3353835344314575,0.4155772030353546,-0.0801936686038971,1,1,-2.0,-1.0,-1.0,gpt_4_1_mini,gemini_duel,Gemini-duel
3,9,4,5,round003_pair009_i4_A.png,round003_pair009_j5_B.png,5.0,8.0,1,0.85,0.3014516234397888,0.40322089195251465,-0.10176926851272583,1,1,-3.0,-1.0,-1.0,gpt_4_1_mini,gemini_duel,Gemini-duel
3,10,4,3,round003_pair010_i4_A.png,round003_pair010_j3_B.png,8.0,5.0,0,0.85,0.3150462210178375,0.23962344229221344,0.07542277872562408,0,1,3.0,1.0,1.0,gpt_4_1_mini,gemini_duel,Gemini-duel
4,1,4,2,round004_pair001_i4_A.png,round004_pair001_j2_B.png,6.0,8.0,1,0.85,0.30384624004364014,0.325935959815979,-0.022089719772338867,1,1,-2.0,-1.0,-1.0,gpt_4_1_mini,gemini_duel,Gemini-duel
4,2,3,0,round004_pair002_i3_A.png,round004_pair002_j0_B.png,8.5,6.0,0,0.85,0.3777499496936798,0.3488513231277466,0.028898626565933228,0,1,2.5,1.0,1.0,gpt_4_1_mini,gemini_duel,Gemini-duel
4,3,1,5,round004_pair003_i1_A.png,round004_pair003_j5_B.png,7.0,8.5,1,0.85,0.3040255308151245,0.3590781092643738,-0.05505257844924927,1,1,-1.5,-1.0,-1.0,gpt_4_1_mini,gemini_duel,Gemini-duel
4,4,4,1,round004_pair004_i4_A.png,round004_pair004_j1_B.png,6.0,8.0,1,0.85,0.2897147536277771,0.27638310194015503,0.01333165168762207,0,0,-2.0,-1.0,1.0,gpt_4_1_mini,gemini_duel,Gemini-duel
4,5,4,0,round004_pair005_i4_A.png,round004_pair005_j0_B.png,6.0,8.0,1,0.85,0.29405975341796875,0.4139074683189392,-0.11984771490097046,1,1,-2.0,-1.0,-1.0,gpt_4_1_mini,gemini_duel,Gemini-duel
4,6,4,1,round004_pair006_i4_A.png,round004_pair006_j1_B.png,8.5,5.0,0,0.9,0.2598463296890259,0.2868175506591797,-0.02697122097015381,1,0,3.5,1.0,-1.0,gpt_4_1_mini,gemini_duel,Gemini-duel
4,7,4,5,round004_pair007_i4_A.png,round004_pair007_j5_B.png,5.0,9.0,1,0.9,0.34668856859207153,0.28383347392082214,0.06285509467124939,0,0,-4.0,-1.0,1.0,gpt_4_1_mini,gemini_duel,Gemini-duel
4,8,4,3,round004_pair008_i4_A.png,round004_pair008_j3_B.png,6.0,9.0,1,0.9,0.3062770366668701,0.3768332302570343,-0.07055619359016418,1,1,-3.0,-1.0,-1.0,gpt_4_1_mini,gemini_duel,Gemini-duel
4,9,4,0,round004_pair009_i4_A.png,round004_pair009_j0_B.png,7.5,9.0,1,0.8,0.3184346854686737,0.34763890504837036,-0.029204219579696655,1,1,-1.5,-1.0,-1.0,gpt_4_1_mini,gemini_duel,Gemini-duel
4,10,4,1,round004_pair010_i4_A.png,round004_pair010_j1_B.png,8.2,6.0,0,0.85,0.2949985861778259,0.28192663192749023,0.013071954250335693,0,1,2.1999999999999993,1.0,1.0,gpt_4_1_mini,gemini_duel,Gemini-duel
5,1,4,1,round005_pair001_i4_A.png,round005_pair001_j1_B.png,6.5,9.0,1,0.85,0.3165741562843323,0.23372194170951843,0.08285221457481384,0,0,-2.5,-1.0,1.0,gpt_4_1_mini,gemini_duel,Gemini-duel
5,2,0,3,round005_pair002_i0_A.png,round005_pair002_j3_B.png,6.0,9.0,1,0.9,0.40784990787506104,0.2822205722332001,0.12562933564186096,0,0,-3.0,-1.0,1.0,gpt_4_1_mini,gemini_duel,Gemini-duel
5,3,2,5,round005_pair003_i2_A.png,round005_pair003_j5_B.png,6.0,9.0,1,0.9,0.23401135206222534,0.3770977854728699,-0.14308643341064453,1,1,-3.0,-1.0,-1.0,gpt_4_1_mini,gemini_duel,Gemini-duel
5,4,4,2,round005_pair004_i4_A.png,round005_pair004_j2_B.png,8.5,6.0,0,0.85,0.31095820665359497,0.28514280915260315,0.02581539750099182,0,1,2.5,1.0,1.0,gpt_4_1_mini,gemini_duel,Gemini-duel
5,5,4,2,round005_pair005_i4_A.png,round005_pair005_j2_B.png,5.0,8.0,1,0.9,0.24459561705589294,0.3093663156032562,-0.06477069854736328,1,1,-3.0,-1.0,-1.0,gpt_4_1_mini,gemini_duel,Gemini-duel
5,6,4,1,round005_pair006_i4_A.png,round005_pair006_j1_B.png,8.0,5.0,0,0.85,0.26933640241622925,0.2471250295639038,0.02221137285232544,0,1,3.0,1.0,1.0,gpt_4_1_mini,gemini_duel,Gemini-duel
5,7,4,1,round005_pair007_i4_A.png,round005_pair007_j1_B.png,6.0,8.0,1,0.85,0.2981891930103302,0.26789170503616333,0.03029748797416687,0,0,-2.0,-1.0,1.0,gpt_4_1_mini,gemini_duel,Gemini-duel
5,8,4,0,round005_pair008_i4_A.png,round005_pair008_j0_B.png,5.0,8.0,1,0.85,0.2859864830970764,0.26687508821487427,0.01911139488220215,0,0,-3.0,-1.0,1.0,gpt_4_1_mini,gemini_duel,Gemini-duel
5,9,4,2,round005_pair009_i4_A.png,round005_pair009_j2_B.png,6.0,8.0,1,0.85,0.34099215269088745,0.2570571005344391,0.08393505215644836,0,0,-2.0,-1.0,1.0,gpt_4_1_mini,gemini_duel,Gemini-duel
5,10,4,5,round005_pair010_i4_A.png,round005_pair010_j5_B.png,6.0,8.0,1,0.85,0.2842996120452881,0.3442614674568176,-0.05996185541152954,1,1,-2.0,-1.0,-1.0,gpt_4_1_mini,gemini_duel,Gemini-duel
4,1,4,2,round004_pair001_i4_A.png,round004_pair001_j2_B.png,6.0,8.0,1,0.85,0.30384624004364014,0.325935959815979,-0.022089719772338867,1,1,-2.0,-1.0,-1.0,gpt_4_1_mini,gemini_duel,Gemini-duel
4,2,3,0,round004_pair002_i3_A.png,round004_pair002_j0_B.png,6.0,8.5,1,0.85,0.3777499496936798,0.3488513231277466,0.028898626565933228,0,0,-2.5,-1.0,1.0,gpt_4_1_mini,gemini_duel,Gemini-duel
4,3,1,5,round004_pair003_i1_A.png,round004_pair003_j5_B.png,6.0,9.0,1,0.85,0.3040255308151245,0.3590781092643738,-0.05505257844924927,1,1,-3.0,-1.0,-1.0,gpt_4_1_mini,gemini_duel,Gemini-duel
4,4,4,1,round004_pair004_i4_A.png,round004_pair004_j1_B.png,6.0,8.5,1,0.85,0.2897147536277771,0.27638310194015503,0.01333165168762207,0,0,-2.5,-1.0,1.0,gpt_4_1_mini,gemini_duel,Gemini-duel
4,5,4,0,round004_pair005_i4_A.png,round004_pair005_j0_B.png,5.0,9.0,1,0.95,0.29405975341796875,0.4139074683189392,-0.11984771490097046,1,1,-4.0,-1.0,-1.0,gpt_4_1_mini,gemini_duel,Gemini-duel
4,6,4,1,round004_pair006_i4_A.png,round004_pair006_j1_B.png,8.0,6.0,0,0.85,0.2598463296890259,0.2868175506591797,-0.02697122097015381,1,0,2.0,1.0,-1.0,gpt_4_1_mini,gemini_duel,Gemini-duel
4,7,4,5,round004_pair007_i4_A.png,round004_pair007_j5_B.png,6.0,8.0,1,0.85,0.34668856859207153,0.28383347392082214,0.06285509467124939,0,0,-2.0,-1.0,1.0,gpt_4_1_mini,gemini_duel,Gemini-duel
4,8,4,3,round004_pair008_i4_A.png,round004_pair008_j3_B.png,6.0,9.0,1,0.9,0.3062770366668701,0.3768332302570343,-0.07055619359016418,1,1,-3.0,-1.0,-1.0,gpt_4_1_mini,gemini_duel,Gemini-duel
4,9,4,0,round004_pair009_i4_A.png,round004_pair009_j0_B.png,6.0,8.0,1,0.9,0.3184346854686737,0.34763890504837036,-0.029204219579696655,1,1,-2.0,-1.0,-1.0,gpt_4_1_mini,gemini_duel,Gemini-duel
4,10,4,1,round004_pair010_i4_A.png,round004_pair010_j1_B.png,6.5,8.5,1,0.85,0.2949985861778259,0.28192663192749023,0.013071954250335693,0,0,-2.0,-1.0,1.0,gpt_4_1_mini,gemini_duel,Gemini-duel
5,1,4,1,round005_pair001_i4_A.png,round005_pair001_j1_B.png,6.0,8.0,1,0.85,0.3165741562843323,0.23372194170951843,0.08285221457481384,0,0,-2.0,-1.0,1.0,gpt_4_1_mini,gemini_duel,Gemini-duel
5,2,0,3,round005_pair002_i0_A.png,round005_pair002_j3_B.png,8.5,6.0,0,0.85,0.40784990787506104,0.2822205722332001,0.12562933564186096,0,1,2.5,1.0,1.0,gpt_4_1_mini,gemini_duel,Gemini-duel
5,3,2,5,round005_pair003_i2_A.png,round005_pair003_j5_B.png,5.0,8.0,1,0.9,0.23401135206222534,0.3770977854728699,-0.14308643341064453,1,1,-3.0,-1.0,-1.0,gpt_4_1_mini,gemini_duel,Gemini-duel
5,4,4,2,round005_pair004_i4_A.png,round005_pair004_j2_B.png,8.7,6.0,0,0.85,0.31095820665359497,0.28514280915260315,0.02581539750099182,0,1,2.6999999999999993,1.0,1.0,gpt_4_1_mini,gemini_duel,Gemini-duel
5,5,4,2,round005_pair005_i4_A.png,round005_pair005_j2_B.png,6.0,8.0,1,0.87,0.24459561705589294,0.3093663156032562,-0.06477069854736328,1,1,-2.0,-1.0,-1.0,gpt_4_1_mini,gemini_duel,Gemini-duel
5,6,4,1,round005_pair006_i4_A.png,round005_pair006_j1_B.png,7.5,9.0,1,0.85,0.26933640241622925,0.2471250295639038,0.02221137285232544,0,0,-1.5,-1.0,1.0,gpt_4_1_mini,gemini_duel,Gemini-duel
5,7,4,1,round005_pair007_i4_A.png,round005_pair007_j1_B.png,6.0,8.0,1,0.85,0.2981891930103302,0.26789170503616333,0.03029748797416687,0,0,-2.0,-1.0,1.0,gpt_4_1_mini,gemini_duel,Gemini-duel
5,8,4,0,round005_pair008_i4_A.png,round005_pair008_j0_B.png,6.0,8.0,1,0.85,0.2859864830970764,0.26687508821487427,0.01911139488220215,0,0,-2.0,-1.0,1.0,gpt_4_1_mini,gemini_duel,Gemini-duel
5,9,4,2,round005_pair009_i4_A.png,round005_pair009_j2_B.png,8.5,6.0,0,0.85,0.34099215269088745,0.2570571005344391,0.08393505215644836,0,1,2.5,1.0,1.0,gpt_4_1_mini,gemini_duel,Gemini-duel
5,10,4,5,round005_pair010_i4_A.png,round005_pair010_j5_B.png,6.5,8.5,1,0.85,0.2842996120452881,0.3442614674568176,-0.05996185541152954,1,1,-2.0,-1.0,-1.0,gpt_4_1_mini,gemini_duel,Gemini-duel
1,1,3,1,round001_pair001_i3_A.png,round001_pair001_j1_B.png,90.0,70.0,0,0.85,0.275350958108902,0.3029888868331909,-0.02763792872428894,1,0,20.0,1.0,-1.0,gpt_4_1_mini,gemini_duel,Gemini-duel
1,2,4,0,round001_pair002_i4_A.png,round001_pair002_j0_B.png,82.0,60.0,0,0.85,0.35857975482940674,0.34245026111602783,0.016129493713378906,0,1,22.0,1.0,1.0,gpt_4_1_mini,gemini_duel,Gemini-duel
1,3,2,5,round001_pair003_i2_A.png,round001_pair003_j5_B.png,55.0,85.0,1,0.85,0.6798852682113647,0.2322218269109726,0.44766344130039215,0,0,-30.0,-1.0,1.0,gpt_4_1_mini,gemini_duel,Gemini-duel
1,4,3,2,round001_pair004_i3_A.png,round001_pair004_j2_B.png,85.0,55.0,0,0.85,0.3415977656841278,0.3951253592967987,-0.0535275936126709,1,0,30.0,1.0,-1.0,gpt_4_1_mini,gemini_duel,Gemini-duel
1,5,3,0,round001_pair005_i3_A.png,round001_pair005_j0_B.png,87.0,70.0,0,0.85,0.31484469771385193,0.37154102325439453,-0.0566963255405426,1,0,17.0,1.0,-1.0,gpt_4_1_mini,gemini_duel,Gemini-duel
1,6,3,4,round001_pair006_i3_A.png,round001_pair006_j4_B.png,70.0,90.0,1,0.9,0.26779884099960327,0.43037712574005127,-0.162578284740448,1,1,-20.0,-1.0,-1.0,gpt_4_1_mini,gemini_duel,Gemini-duel
1,7,3,1,round001_pair007_i3_A.png,round001_pair007_j1_B.png,90.0,60.0,0,0.85,0.25295013189315796,0.2303626984357834,0.022587433457374573,0,1,30.0,1.0,1.0,gpt_4_1_mini,gemini_duel,Gemini-duel
1,8,3,5,round001_pair008_i3_A.png,round001_pair008_j5_B.png,70.0,90.0,1,0.85,0.2867446541786194,0.31897932291030884,-0.03223466873168945,1,1,-20.0,-1.0,-1.0,gpt_4_1_mini,gemini_duel,Gemini-duel
1,9,3,2,round001_pair009_i3_A.png,round001_pair009_j2_B.png,85.0,65.0,0,0.85,0.4021734893321991,0.3370150327682495,0.06515845656394958,0,1,20.0,1.0,1.0,gpt_4_1_mini,gemini_duel,Gemini-duel
1,10,3,4,round001_pair010_i3_A.png,round001_pair010_j4_B.png,70.0,90.0,1,0.9,0.4057767987251282,0.30917567014694214,0.09660112857818604,0,0,-20.0,-1.0,1.0,gpt_4_1_mini,gemini_duel,Gemini-duel
2,1,4,0,round002_pair001_i4_A.png,round002_pair001_j0_B.png,88.0,65.0,0,0.85,0.25814610719680786,0.3629834055900574,-0.10483729839324951,1,0,23.0,1.0,-1.0,gpt_4_1_mini,gemini_duel,Gemini-duel
2,2,3,1,round002_pair002_i3_A.png,round002_pair002_j1_B.png,70.0,90.0,1,0.85,0.3563031852245331,0.3232960104942322,0.0330071747303009,0,0,-20.0,-1.0,1.0,gpt_4_1_mini,gemini_duel,Gemini-duel
2,3,2,5,round002_pair003_i2_A.png,round002_pair003_j5_B.png,87.0,70.0,0,0.85,0.2509462833404541,0.30682680010795593,-0.05588051676750183,1,0,17.0,1.0,-1.0,gpt_4_1_mini,gemini_duel,Gemini-duel
2,4,4,0,round002_pair004_i4_A.png,round002_pair004_j0_B.png,65.0,85.0,1,0.85,0.11920024454593658,0.319828063249588,-0.20062781870365143,1,1,-20.0,-1.0,-1.0,gpt_4_1_mini,gemini_duel,Gemini-duel
2,5,4,1,round002_pair005_i4_A.png,round002_pair005_j1_B.png,75.0,90.0,1,0.85,0.3024064898490906,0.25538116693496704,0.047025322914123535,0,0,-15.0,-1.0,1.0,gpt_4_1_mini,gemini_duel,Gemini-duel
2,6,4,2,round002_pair006_i4_A.png,round002_pair006_j2_B.png,65.0,90.0,1,0.9,0.30308404564857483,0.2725962996482849,0.030487746000289917,0,0,-25.0,-1.0,1.0,gpt_4_1_mini,gemini_duel,Gemini-duel
2,7,4,3,round002_pair007_i4_A.png,round002_pair007_j3_B.png,75.0,90.0,1,0.85,0.3025873303413391,0.37042614817619324,-0.06783881783485413,1,1,-15.0,-1.0,-1.0,gpt_4_1_mini,gemini_duel,Gemini-duel
2,8,4,5,round002_pair008_i4_A.png,round002_pair008_j5_B.png,75.0,90.0,1,0.85,0.3309871554374695,0.3123392164707184,0.0186479389667511,0,0,-15.0,-1.0,1.0,gpt_4_1_mini,gemini_duel,Gemini-duel
2,9,4,3,round002_pair009_i4_A.png,round002_pair009_j3_B.png,88.0,72.0,0,0.85,0.37005186080932617,0.4023693799972534,-0.032317519187927246,1,0,16.0,1.0,-1.0,gpt_4_1_mini,gemini_duel,Gemini-duel
2,10,4,3,round002_pair010_i4_A.png,round002_pair010_j3_B.png,60.0,85.0,1,0.85,0.2356194704771042,0.32491642236709595,-0.08929695188999176,1,1,-25.0,-1.0,-1.0,gpt_4_1_mini,gemini_duel,Gemini-duel
3,1,4,0,round003_pair001_i4_A.png,round003_pair001_j0_B.png,70.0,90.0,1,0.9,0.3640921413898468,0.34123533964157104,0.022856801748275757,0,0,-20.0,-1.0,1.0,gpt_4_1_mini,gemini_duel,Gemini-duel
3,2,5,2,round003_pair002_i5_A.png,round003_pair002_j2_B.png,100.0,0.0,0,,0.3152552843093872,0.3191463351249695,-0.0038910508155822754,1,0,100.0,1.0,-1.0,gpt_4_1_mini,gemini_duel,Gemini-duel
3,3,3,1,round003_pair003_i3_A.png,round003_pair003_j1_B.png,85.0,70.0,0,0.75,0.31629568338394165,0.3045588433742523,0.011736840009689331,0,1,15.0,1.0,1.0,gpt_4_1_mini,gemini_duel,Gemini-duel
3,4,4,1,round003_pair004_i4_A.png,round003_pair004_j1_B.png,70.0,90.0,1,0.85,0.30916234850883484,0.356638103723526,-0.04747575521469116,1,1,-20.0,-1.0,-1.0,gpt_4_1_mini,gemini_duel,Gemini-duel
3,5,4,0,round003_pair005_i4_A.png,round003_pair005_j0_B.png,65.0,90.0,1,0.85,0.28427109122276306,0.33316871523857117,-0.048897624015808105,1,1,-25.0,-1.0,-1.0,gpt_4_1_mini,gemini_duel,Gemini-duel
3,6,4,0,round003_pair006_i4_A.png,round003_pair006_j0_B.png,70.0,90.0,1,0.85,0.18599310517311096,0.2947233319282532,-0.10873022675514221,1,1,-20.0,-1.0,-1.0,gpt_4_1_mini,gemini_duel,Gemini-duel
3,7,4,1,round003_pair007_i4_A.png,round003_pair007_j1_B.png,90.0,70.0,0,0.9,0.34488582611083984,0.2887324392795563,0.05615338683128357,0,1,20.0,1.0,1.0,gpt_4_1_mini,gemini_duel,Gemini-duel
3,8,4,5,round003_pair008_i4_A.png,round003_pair008_j5_B.png,90.0,65.0,0,0.85,0.3353835344314575,0.4155772030353546,-0.0801936686038971,1,0,25.0,1.0,-1.0,gpt_4_1_mini,gemini_duel,Gemini-duel
3,9,4,5,round003_pair009_i4_A.png,round003_pair009_j5_B.png,88.0,73.0,0,0.85,0.3014516234397888,0.40322089195251465,-0.10176926851272583,1,0,15.0,1.0,-1.0,gpt_4_1_mini,gemini_duel,Gemini-duel
3,10,4,3,round003_pair010_i4_A.png,round003_pair010_j3_B.png,90.0,65.0,0,0.85,0.3150462210178375,0.23962344229221344,0.07542277872562408,0,1,25.0,1.0,1.0,gpt_4_1_mini,gemini_duel,Gemini-duel
4,1,4,2,round004_pair001_i4_A.png,round004_pair001_j2_B.png,75.0,90.0,1,0.85,0.30384624004364014,0.325935959815979,-0.022089719772338867,1,1,-15.0,-1.0,-1.0,gpt_4_1_mini,gemini_duel,Gemini-duel
4,2,3,0,round004_pair002_i3_A.png,round004_pair002_j0_B.png,65.0,90.0,1,0.9,0.3777499496936798,0.3488513231277466,0.028898626565933228,0,0,-25.0,-1.0,1.0,gpt_4_1_mini,gemini_duel,Gemini-duel
4,3,1,5,round004_pair003_i1_A.png,round004_pair003_j5_B.png,85.0,65.0,0,0.85,0.3040255308151245,0.3590781092643738,-0.05505257844924927,1,0,20.0,1.0,-1.0,gpt_4_1_mini,gemini_duel,Gemini-duel
4,4,4,1,round004_pair004_i4_A.png,round004_pair004_j1_B.png,70.0,85.0,1,0.85,0.2897147536277771,0.27638310194015503,0.01333165168762207,0,0,-15.0,-1.0,1.0,gpt_4_1_mini,gemini_duel,Gemini-duel
4,5,4,0,round004_pair005_i4_A.png,round004_pair005_j0_B.png,100.0,0.0,0,,0.29405975341796875,0.4139074683189392,-0.11984771490097046,1,0,100.0,1.0,-1.0,gpt_4_1_mini,gemini_duel,Gemini-duel
4,6,4,1,round004_pair006_i4_A.png,round004_pair006_j1_B.png,74.0,91.0,1,0.85,0.2598463296890259,0.2868175506591797,-0.02697122097015381,1,1,-17.0,-1.0,-1.0,gpt_4_1_mini,gemini_duel,Gemini-duel
4,7,4,5,round004_pair007_i4_A.png,round004_pair007_j5_B.png,75.0,90.0,1,0.85,0.34668856859207153,0.28383347392082214,0.06285509467124939,0,0,-15.0,-1.0,1.0,gpt_4_1_mini,gemini_duel,Gemini-duel
4,8,4,3,round004_pair008_i4_A.png,round004_pair008_j3_B.png,85.0,70.0,0,0.8,0.3062770366668701,0.3768332302570343,-0.07055619359016418,1,0,15.0,1.0,-1.0,gpt_4_1_mini,gemini_duel,Gemini-duel
4,9,4,0,round004_pair009_i4_A.png,round004_pair009_j0_B.png,70.0,90.0,1,0.9,0.3184346854686737,0.34763890504837036,-0.029204219579696655,1,1,-20.0,-1.0,-1.0,gpt_4_1_mini,gemini_duel,Gemini-duel
4,10,4,1,round004_pair010_i4_A.png,round004_pair010_j1_B.png,70.0,90.0,1,0.85,0.2949985861778259,0.28192663192749023,0.013071954250335693,0,0,-20.0,-1.0,1.0,gpt_4_1_mini,gemini_duel,Gemini-duel
5,1,4,1,round005_pair001_i4_A.png,round005_pair001_j1_B.png,0.0,100.0,1,,0.3165741562843323,0.23372194170951843,0.08285221457481384,0,0,-100.0,-1.0,1.0,gpt_4_1_mini,gemini_duel,Gemini-duel
5,2,0,3,round005_pair002_i0_A.png,round005_pair002_j3_B.png,78.0,90.0,1,0.85,0.40784990787506104,0.2822205722332001,0.12562933564186096,0,0,-12.0,-1.0,1.0,gpt_4_1_mini,gemini_duel,Gemini-duel
5,3,2,5,round005_pair003_i2_A.png,round005_pair003_j5_B.png,88.0,65.0,0,0.85,0.23401135206222534,0.3770977854728699,-0.14308643341064453,1,0,23.0,1.0,-1.0,gpt_4_1_mini,gemini_duel,Gemini-duel
5,4,4,2,round005_pair004_i4_A.png,round005_pair004_j2_B.png,80.0,70.0,0,0.55,0.31095820665359497,0.28514280915260315,0.02581539750099182,0,1,10.0,1.0,1.0,gpt_4_1_mini,gemini_duel,Gemini-duel
5,5,4,2,round005_pair005_i4_A.png,round005_pair005_j2_B.png,60.0,85.0,1,0.9,0.24459561705589294,0.3093663156032562,-0.06477069854736328,1,1,-25.0,-1.0,-1.0,gpt_4_1_mini,gemini_duel,Gemini-duel
5,6,4,1,round005_pair006_i4_A.png,round005_pair006_j1_B.png,65.0,90.0,1,0.85,0.26933640241622925,0.2471250295639038,0.02221137285232544,0,0,-25.0,-1.0,1.0,gpt_4_1_mini,gemini_duel,Gemini-duel
5,7,4,1,round005_pair007_i4_A.png,round005_pair007_j1_B.png,70.0,93.0,1,0.9,0.2981891930103302,0.26789170503616333,0.03029748797416687,0,0,-23.0,-1.0,1.0,gpt_4_1_mini,gemini_duel,Gemini-duel
5,8,4,0,round005_pair008_i4_A.png,round005_pair008_j0_B.png,85.0,70.0,0,0.85,0.2859864830970764,0.26687508821487427,0.01911139488220215,0,1,15.0,1.0,1.0,gpt_4_1_mini,gemini_duel,Gemini-duel
5,9,4,2,round005_pair009_i4_A.png,round005_pair009_j2_B.png,70.0,95.0,1,0.9,0.34099215269088745,0.2570571005344391,0.08393505215644836,0,0,-25.0,-1.0,1.0,gpt_4_1_mini,gemini_duel,Gemini-duel
5,10,4,5,round005_pair010_i4_A.png,round005_pair010_j5_B.png,75.0,90.0,1,0.87,0.2842996120452881,0.3442614674568176,-0.05996185541152954,1,1,-15.0,-1.0,-1.0,gpt_4_1_mini,gemini_duel,Gemini-duel
1,1,3,1,round001_pair001_i3_A.png,round001_pair001_j1_B.png,9.0,7.0,0,0.85,0.7466073632240295,0.7438071966171265,0.002800166606903076,0,1,2.0,1.0,1.0,gpt_4_1_mini,gemini_duel,Gemini-duel
1,2,4,0,round001_pair002_i4_A.png,round001_pair002_j0_B.png,8.5,6.0,0,0.85,0.7044870853424072,0.7414288520812988,-0.0369417667388916,1,0,2.5,1.0,-1.0,gpt_4_1_mini,gemini_duel,Gemini-duel
1,3,2,5,round001_pair003_i2_A.png,round001_pair003_j5_B.png,6.5,8.7,1,0.85,0.2901524603366852,0.6813125610351562,-0.39116010069847107,1,1,-2.1999999999999993,-1.0,-1.0,gpt_4_1_mini,gemini_duel,Gemini-duel
1,4,3,2,round001_pair004_i3_A.png,round001_pair004_j2_B.png,8.5,7.2,0,0.85,0.6292867660522461,0.5623964071273804,0.06689035892486572,0,1,1.2999999999999998,1.0,1.0,gpt_4_1_mini,gemini_duel,Gemini-duel
1,5,3,0,round001_pair005_i3_A.png,round001_pair005_j0_B.png,9.0,7.0,0,0.85,0.7437883615493774,0.6681703329086304,0.07561802864074707,0,1,2.0,1.0,1.0,gpt_4_1_mini,gemini_duel,Gemini-duel
1,6,3,4,round001_pair006_i3_A.png,round001_pair006_j4_B.png,8.5,6.0,0,0.9,0.7348701357841492,0.731216311454773,0.0036538243293762207,0,1,2.5,1.0,1.0,gpt_4_1_mini,gemini_duel,Gemini-duel
1,7,3,1,round001_pair007_i3_A.png,round001_pair007_j1_B.png,8.0,6.0,0,0.85,0.6938909292221069,0.704171895980835,-0.010280966758728027,1,0,2.0,1.0,-1.0,gpt_4_1_mini,gemini_duel,Gemini-duel
1,8,3,5,round001_pair008_i3_A.png,round001_pair008_j5_B.png,6.0,8.0,1,0.85,0.5849359035491943,0.7519974708557129,-0.16706156730651855,1,1,-2.0,-1.0,-1.0,gpt_4_1_mini,gemini_duel,Gemini-duel
1,9,3,2,round001_pair009_i3_A.png,round001_pair009_j2_B.png,8.0,6.0,0,0.9,0.7623100280761719,0.7079567909240723,0.05435323715209961,0,1,2.0,1.0,1.0,gpt_4_1_mini,gemini_duel,Gemini-duel
1,10,3,4,round001_pair010_i3_A.png,round001_pair010_j4_B.png,8.5,6.0,0,0.8,0.5384701490402222,0.6056957244873047,-0.06722557544708252,1,0,2.5,1.0,-1.0,gpt_4_1_mini,gemini_duel,Gemini-duel
1,1,3,1,round001_pair001_i3_A.png,round001_pair001_j1_B.png,75.0,90.0,1,0.85,0.7466073632240295,0.7438071966171265,0.002800166606903076,0,0,-15.0,-1.0,1.0,gpt_4_1_mini,gemini_duel,Gemini-duel
1,2,4,0,round001_pair002_i4_A.png,round001_pair002_j0_B.png,85.0,70.0,0,0.85,0.7044870853424072,0.7414288520812988,-0.0369417667388916,1,0,15.0,1.0,-1.0,gpt_4_1_mini,gemini_duel,Gemini-duel
1,3,2,5,round001_pair003_i2_A.png,round001_pair003_j5_B.png,0.0,100.0,1,,0.2901524603366852,0.6813125610351562,-0.39116010069847107,1,1,-100.0,-1.0,-1.0,gpt_4_1_mini,gemini_duel,Gemini-duel
1,4,3,2,round001_pair004_i3_A.png,round001_pair004_j2_B.png,87.0,74.0,0,0.85,0.6292867660522461,0.5623964071273804,0.06689035892486572,0,1,13.0,1.0,1.0,gpt_4_1_mini,gemini_duel,Gemini-duel
1,5,3,0,round001_pair005_i3_A.png,round001_pair005_j0_B.png,85.0,70.0,0,0.75,0.7437883615493774,0.6681703329086304,0.07561802864074707,0,1,15.0,1.0,1.0,gpt_4_1_mini,gemini_duel,Gemini-duel
1,6,3,4,round001_pair006_i3_A.png,round001_pair006_j4_B.png,85.0,65.0,0,0.9,0.7348701357841492,0.731216311454773,0.0036538243293762207,0,1,20.0,1.0,1.0,gpt_4_1_mini,gemini_duel,Gemini-duel
1,7,3,1,round001_pair007_i3_A.png,round001_pair007_j1_B.png,65.0,88.0,1,0.85,0.6938909292221069,0.704171895980835,-0.010280966758728027,1,1,-23.0,-1.0,-1.0,gpt_4_1_mini,gemini_duel,Gemini-duel
1,8,3,5,round001_pair008_i3_A.png,round001_pair008_j5_B.png,85.0,65.0,0,0.8,0.5849359035491943,0.7519974708557129,-0.16706156730651855,1,0,20.0,1.0,-1.0,gpt_4_1_mini,gemini_duel,Gemini-duel
1,9,3,2,round001_pair009_i3_A.png,round001_pair009_j2_B.png,85.0,70.0,0,0.8,0.7623100280761719,0.7079567909240723,0.05435323715209961,0,1,15.0,1.0,1.0,gpt_4_1_mini,gemini_duel,Gemini-duel
1,10,3,4,round001_pair010_i3_A.png,round001_pair010_j4_B.png,90.0,75.0,0,0.85,0.5384701490402222,0.6056957244873047,-0.06722557544708252,1,0,15.0,1.0,-1.0,gpt_4_1_mini,gemini_duel,Gemini-duel
2,1,4,0,round002_pair001_i4_A.png,round002_pair001_j0_B.png,75.0,90.0,1,0.95,0.6531938910484314,0.5976565480232239,0.05553734302520752,0,0,-15.0,-1.0,1.0,gpt_4_1_mini,gemini_duel,Gemini-duel
2,2,3,1,round002_pair002_i3_A.png,round002_pair002_j1_B.png,75.0,90.0,1,0.85,0.7212436199188232,0.7009141445159912,0.02032947540283203,0,0,-15.0,-1.0,1.0,gpt_4_1_mini,gemini_duel,Gemini-duel
2,3,2,5,round002_pair003_i2_A.png,round002_pair003_j5_B.png,90.0,70.0,0,0.85,0.7189579010009766,0.6641499996185303,0.05480790138244629,0,1,20.0,1.0,1.0,gpt_4_1_mini,gemini_duel,Gemini-duel
2,4,4,0,round002_pair004_i4_A.png,round002_pair004_j0_B.png,70.0,90.0,1,0.9,0.5274585485458374,0.6064499616622925,-0.07899141311645508,1,1,-20.0,-1.0,-1.0,gpt_4_1_mini,gemini_duel,Gemini-duel
2,5,4,1,round002_pair005_i4_A.png,round002_pair005_j1_B.png,90.0,75.0,0,0.85,0.6615732908248901,0.7875864505767822,-0.1260131597518921,1,0,15.0,1.0,-1.0,gpt_4_1_mini,gemini_duel,Gemini-duel
2,6,4,2,round002_pair006_i4_A.png,round002_pair006_j2_B.png,90.0,70.0,0,0.85,0.6677035093307495,0.685638427734375,-0.01793491840362549,1,0,20.0,1.0,-1.0,gpt_4_1_mini,gemini_duel,Gemini-duel
2,7,4,3,round002_pair007_i4_A.png,round002_pair007_j3_B.png,85.0,70.0,0,0.8,0.6623623371124268,0.7508531808853149,-0.08849084377288818,1,0,15.0,1.0,-1.0,gpt_4_1_mini,gemini_duel,Gemini-duel
2,8,4,5,round002_pair008_i4_A.png,round002_pair008_j5_B.png,85.0,70.0,0,0.85,0.7462772727012634,0.6450826525688171,0.10119462013244629,0,1,15.0,1.0,1.0,gpt_4_1_mini,gemini_duel,Gemini-duel
2,9,4,3,round002_pair009_i4_A.png,round002_pair009_j3_B.png,88.0,75.0,0,0.85,0.7234867215156555,0.722699761390686,0.0007869601249694824,0,1,13.0,1.0,1.0,gpt_4_1_mini,gemini_duel,Gemini-duel
2,10,4,3,round002_pair010_i4_A.png,round002_pair010_j3_B.png,85.0,70.0,0,0.8,0.6362008452415466,0.7323229312896729,-0.09612208604812622,1,0,15.0,1.0,-1.0,gpt_4_1_mini,gemini_duel,Gemini-duel
3,1,4,0,round003_pair001_i4_A.png,round003_pair001_j0_B.png,88.0,73.0,0,0.85,0.6738995313644409,0.6372357606887817,0.03666377067565918,0,1,15.0,1.0,1.0,gpt_4_1_mini,gemini_duel,Gemini-duel
3,2,5,2,round003_pair002_i5_A.png,round003_pair002_j2_B.png,65.0,90.0,1,0.85,0.6551097631454468,0.7301633954048157,-0.0750536322593689,1,1,-25.0,-1.0,-1.0,gpt_4_1_mini,gemini_duel,Gemini-duel
3,3,3,1,round003_pair003_i3_A.png,round003_pair003_j1_B.png,90.0,70.0,0,0.85,0.65581214427948,0.7513661980628967,-0.09555405378341675,1,0,20.0,1.0,-1.0,gpt_4_1_mini,gemini_duel,Gemini-duel
3,4,4,1,round003_pair004_i4_A.png,round003_pair004_j1_B.png,88.0,70.0,0,0.85,0.6012471914291382,0.7269399166107178,-0.1256927251815796,1,0,18.0,1.0,-1.0,gpt_4_1_mini,gemini_duel,Gemini-duel
3,5,4,0,round003_pair005_i4_A.png,round003_pair005_j0_B.png,65.0,90.0,1,0.85,0.6412109136581421,0.7679467797279358,-0.1267358660697937,1,1,-25.0,-1.0,-1.0,gpt_4_1_mini,gemini_duel,Gemini-duel
3,6,4,0,round003_pair006_i4_A.png,round003_pair006_j0_B.png,70.0,88.0,1,0.85,0.6165257692337036,0.6969947814941406,-0.08046901226043701,1,1,-18.0,-1.0,-1.0,gpt_4_1_mini,gemini_duel,Gemini-duel
3,7,4,1,round003_pair007_i4_A.png,round003_pair007_j1_B.png,89.0,75.0,0,0.85,0.65583336353302,0.7407113313674927,-0.08487796783447266,1,0,14.0,1.0,-1.0,gpt_4_1_mini,gemini_duel,Gemini-duel
3,8,4,5,round003_pair008_i4_A.png,round003_pair008_j5_B.png,90.0,70.0,0,0.85,0.6642913818359375,0.6854575276374817,-0.02116614580154419,1,0,20.0,1.0,-1.0,gpt_4_1_mini,gemini_duel,Gemini-duel
3,9,4,5,round003_pair009_i4_A.png,round003_pair009_j5_B.png,87.0,70.0,0,0.85,0.6773004531860352,0.6734627485275269,0.0038377046585083008,0,1,17.0,1.0,1.0,gpt_4_1_mini,gemini_duel,Gemini-duel
3,10,4,3,round003_pair010_i4_A.png,round003_pair010_j3_B.png,85.0,70.0,0,0.85,0.6834897398948669,0.6389243602752686,0.04456537961959839,0,1,15.0,1.0,1.0,gpt_4_1_mini,gemini_duel,Gemini-duel
4,1,4,2,round004_pair001_i4_A.png,round004_pair001_j2_B.png,90.0,75.0,0,0.85,0.6763597726821899,0.6821617484092712,-0.005801975727081299,1,0,15.0,1.0,-1.0,gpt_4_1_mini,gemini_duel,Gemini-duel
4,2,3,0,round004_pair002_i3_A.png,round004_pair002_j0_B.png,88.0,72.0,0,0.85,0.7501510977745056,0.6510422229766846,0.09910887479782104,0,1,16.0,1.0,1.0,gpt_4_1_mini,gemini_duel,Gemini-duel
4,3,1,5,round004_pair003_i1_A.png,round004_pair003_j5_B.png,78.0,63.0,0,0.85,0.7786262035369873,0.7719608545303345,0.006665349006652832,0,1,15.0,1.0,1.0,gpt_4_1_mini,gemini_duel,Gemini-duel
4,4,4,1,round004_pair004_i4_A.png,round004_pair004_j1_B.png,65.0,90.0,1,0.9,0.693199872970581,0.6889917850494385,0.004208087921142578,0,0,-25.0,-1.0,1.0,gpt_4_1_mini,gemini_duel,Gemini-duel
4,5,4,0,round004_pair005_i4_A.png,round004_pair005_j0_B.png,85.0,65.0,0,0.85,0.5925398468971252,0.6007243394851685,-0.008184492588043213,1,0,20.0,1.0,-1.0,gpt_4_1_mini,gemini_duel,Gemini-duel
4,6,4,1,round004_pair006_i4_A.png,round004_pair006_j1_B.png,70.0,90.0,1,0.82,0.7040128111839294,0.7093678712844849,-0.00535506010055542,1,1,-20.0,-1.0,-1.0,gpt_4_1_mini,gemini_duel,Gemini-duel
4,7,4,5,round004_pair007_i4_A.png,round004_pair007_j5_B.png,90.0,70.0,0,0.85,0.6540931463241577,0.6769515872001648,-0.02285844087600708,1,0,20.0,1.0,-1.0,gpt_4_1_mini,gemini_duel,Gemini-duel
4,8,4,3,round004_pair008_i4_A.png,round004_pair008_j3_B.png,90.0,75.0,0,0.85,0.6432255506515503,0.683956503868103,-0.040730953216552734,1,0,15.0,1.0,-1.0,gpt_4_1_mini,gemini_duel,Gemini-duel
4,9,4,0,round004_pair009_i4_A.png,round004_pair009_j0_B.png,90.0,70.0,0,0.85,0.651993453502655,0.7014802694320679,-0.04948681592941284,1,0,20.0,1.0,-1.0,gpt_4_1_mini,gemini_duel,Gemini-duel
4,10,4,1,round004_pair010_i4_A.png,round004_pair010_j1_B.png,85.0,70.0,0,0.8,0.7100194692611694,0.6225638389587402,0.0874556303024292,0,1,15.0,1.0,1.0,gpt_4_1_mini,gemini_duel,Gemini-duel
5,1,4,1,round005_pair001_i4_A.png,round005_pair001_j1_B.png,85.0,70.0,0,0.8,0.7001134157180786,0.5596632361412048,0.14045017957687378,0,1,15.0,1.0,1.0,gpt_4_1_mini,gemini_duel,Gemini-duel
5,2,0,3,round005_pair002_i0_A.png,round005_pair002_j3_B.png,70.0,90.0,1,0.85,0.5970439314842224,0.6586475372314453,-0.0616036057472229,1,1,-20.0,-1.0,-1.0,gpt_4_1_mini,gemini_duel,Gemini-duel
5,3,2,5,round005_pair003_i2_A.png,round005_pair003_j5_B.png,88.0,70.0,0,0.9,0.7059354186058044,0.5598282814025879,0.14610713720321655,0,1,18.0,1.0,1.0,gpt_4_1_mini,gemini_duel,Gemini-duel
5,4,4,2,round005_pair004_i4_A.png,round005_pair004_j2_B.png,70.0,88.0,1,0.85,0.6532027125358582,0.744406521320343,-0.09120380878448486,1,1,-18.0,-1.0,-1.0,gpt_4_1_mini,gemini_duel,Gemini-duel
5,5,4,2,round005_pair005_i4_A.png,round005_pair005_j2_B.png,85.0,75.0,0,0.85,0.6820703744888306,0.6545706987380981,0.027499675750732422,0,1,10.0,1.0,1.0,gpt_4_1_mini,gemini_duel,Gemini-duel
5,6,4,1,round005_pair006_i4_A.png,round005_pair006_j1_B.png,88.0,73.0,0,0.85,0.6722350716590881,0.6547108888626099,0.01752418279647827,0,1,15.0,1.0,1.0,gpt_4_1_mini,gemini_duel,Gemini-duel
5,7,4,1,round005_pair007_i4_A.png,round005_pair007_j1_B.png,80.0,65.0,0,0.85,0.6556586027145386,0.6789999008178711,-0.02334129810333252,1,0,15.0,1.0,-1.0,gpt_4_1_mini,gemini_duel,Gemini-duel
5,8,4,0,round005_pair008_i4_A.png,round005_pair008_j0_B.png,70.0,90.0,1,0.9,0.6632816791534424,0.7376804351806641,-0.07439875602722168,1,1,-20.0,-1.0,-1.0,gpt_4_1_mini,gemini_duel,Gemini-duel
5,9,4,2,round005_pair009_i4_A.png,round005_pair009_j2_B.png,80.0,70.0,0,0.55,0.6599276065826416,0.6559171080589294,0.004010498523712158,0,1,10.0,1.0,1.0,gpt_4_1_mini,gemini_duel,Gemini-duel
5,10,4,5,round005_pair010_i4_A.png,round005_pair010_j5_B.png,85.0,70.0,0,0.9,0.6939270496368408,0.7416568994522095,-0.04772984981536865,1,0,15.0,1.0,-1.0,gpt_4_1_mini,gemini_duel,Gemini-duel
1,1,3,1,round001_pair001_i3_A.png,round001_pair001_j1_B.png,9.0,6.0,0,0.85,0.691633939743042,0.7241653203964233,-0.03253138065338135,1,0,3.0,1.0,-1.0,gpt_4_1_mini,gemini_duel,Gemini-duel
1,2,4,0,round001_pair002_i4_A.png,round001_pair002_j0_B.png,9.0,7.0,0,0.8,0.8190869092941284,0.7373641729354858,0.08172273635864258,0,1,2.0,1.0,1.0,gpt_4_1_mini,gemini_duel,Gemini-duel
1,3,2,5,round001_pair003_i2_A.png,round001_pair003_j5_B.png,7.0,9.0,1,0.85,0.2537875473499298,0.6353300213813782,-0.38154247403144836,1,1,-2.0,-1.0,-1.0,gpt_4_1_mini,gemini_duel,Gemini-duel
1,4,3,2,round001_pair004_i3_A.png,round001_pair004_j2_B.png,8.0,6.0,0,0.85,0.7857027053833008,0.4627370536327362,0.3229656517505646,0,1,2.0,1.0,1.0,gpt_4_1_mini,gemini_duel,Gemini-duel
1,5,3,0,round001_pair005_i3_A.png,round001_pair005_j0_B.png,8.0,5.0,0,0.8,0.8044878244400024,0.806686282157898,-0.002198457717895508,1,0,3.0,1.0,-1.0,gpt_4_1_mini,gemini_duel,Gemini-duel
1,6,3,4,round001_pair006_i3_A.png,round001_pair006_j4_B.png,8.0,6.5,0,0.85,0.735946774482727,0.6209554076194763,0.11499136686325073,0,1,1.5,1.0,1.0,gpt_4_1_mini,gemini_duel,Gemini-duel
1,7,3,1,round001_pair007_i3_A.png,round001_pair007_j1_B.png,8.0,5.0,0,0.85,0.5943986773490906,0.6591225862503052,-0.0647239089012146,1,0,3.0,1.0,-1.0,gpt_4_1_mini,gemini_duel,Gemini-duel
1,8,3,5,round001_pair008_i3_A.png,round001_pair008_j5_B.png,8.0,6.0,0,0.8,0.7049090266227722,0.7593948245048523,-0.05448579788208008,1,0,2.0,1.0,-1.0,gpt_4_1_mini,gemini_duel,Gemini-duel
1,9,3,2,round001_pair009_i3_A.png,round001_pair009_j2_B.png,9.0,7.0,0,0.85,0.7703194618225098,0.744897186756134,0.025422275066375732,0,1,2.0,1.0,1.0,gpt_4_1_mini,gemini_duel,Gemini-duel
1,10,3,4,round001_pair010_i3_A.png,round001_pair010_j4_B.png,9.0,6.0,0,0.85,0.5418512225151062,0.4940030574798584,0.0478481650352478,0,1,3.0,1.0,1.0,gpt_4_1_mini,gemini_duel,Gemini-duel
1,1,3,1,round001_pair001_i3_A.png,round001_pair001_j1_B.png,8.0,6.0,0,0.85,0.691633939743042,0.7241653203964233,-0.03253138065338135,1,0,2.0,1.0,-1.0,gpt_4_1_mini,gemini_duel,Gemini-duel
1,2,4,0,round001_pair002_i4_A.png,round001_pair002_j0_B.png,8.0,6.0,0,0.85,0.8190869092941284,0.7373641729354858,0.08172273635864258,0,1,2.0,1.0,1.0,gpt_4_1_mini,gemini_duel,Gemini-duel
1,3,2,5,round001_pair003_i2_A.png,round001_pair003_j5_B.png,8.5,4.0,0,0.9,0.2537875473499298,0.6353300213813782,-0.38154247403144836,1,0,4.5,1.0,-1.0,gpt_4_1_mini,gemini_duel,Gemini-duel
1,4,3,2,round001_pair004_i3_A.png,round001_pair004_j2_B.png,8.5,7.0,0,0.8,0.7857027053833008,0.4627370536327362,0.3229656517505646,0,1,1.5,1.0,1.0,gpt_4_1_mini,gemini_duel,Gemini-duel
1,5,3,0,round001_pair005_i3_A.png,round001_pair005_j0_B.png,6.0,8.0,1,0.85,0.8044878244400024,0.806686282157898,-0.002198457717895508,1,1,-2.0,-1.0,-1.0,gpt_4_1_mini,gemini_duel,Gemini-duel
1,6,3,4,round001_pair006_i3_A.png,round001_pair006_j4_B.png,8.5,7.0,0,0.85,0.735946774482727,0.6209554076194763,0.11499136686325073,0,1,1.5,1.0,1.0,gpt_4_1_mini,gemini_duel,Gemini-duel
1,7,3,1,round001_pair007_i3_A.png,round001_pair007_j1_B.png,8.0,6.0,0,0.85,0.5943986773490906,0.6591225862503052,-0.0647239089012146,1,0,2.0,1.0,-1.0,gpt_4_1_mini,gemini_duel,Gemini-duel
1,8,3,5,round001_pair008_i3_A.png,round001_pair008_j5_B.png,8.0,3.0,0,0.9,0.7049090266227722,0.7593948245048523,-0.05448579788208008,1,0,5.0,1.0,-1.0,gpt_4_1_mini,gemini_duel,Gemini-duel
1,9,3,2,round001_pair009_i3_A.png,round001_pair009_j2_B.png,8.0,6.0,0,0.85,0.7703194618225098,0.744897186756134,0.025422275066375732,0,1,2.0,1.0,1.0,gpt_4_1_mini,gemini_duel,Gemini-duel
1,10,3,4,round001_pair010_i3_A.png,round001_pair010_j4_B.png,8.0,6.0,0,0.8,0.5418512225151062,0.4940030574798584,0.0478481650352478,0,1,2.0,1.0,1.0,gpt_4_1_mini,gemini_duel,Gemini-duel
2,1,4,0,round002_pair001_i4_A.png,round002_pair001_j0_B.png,7.5,9.0,1,0.85,0.743739664554596,0.7388639450073242,0.0048757195472717285,0,0,-1.5,-1.0,1.0,gpt_4_1_mini,gemini_duel,Gemini-duel
2,2,3,1,round002_pair002_i3_A.png,round002_pair002_j1_B.png,8.0,6.0,0,0.75,0.7192162275314331,0.7305342555046082,-0.011318027973175049,1,0,2.0,1.0,-1.0,gpt_4_1_mini,gemini_duel,Gemini-duel
2,3,2,5,round002_pair003_i2_A.png,round002_pair003_j5_B.png,8.0,6.0,0,0.85,0.7390263080596924,0.6596081852912903,0.0794181227684021,0,1,2.0,1.0,1.0,gpt_4_1_mini,gemini_duel,Gemini-duel
2,4,4,0,round002_pair004_i4_A.png,round002_pair004_j0_B.png,7.0,9.0,1,0.93,0.41188111901283264,0.6755486726760864,-0.2636675536632538,1,1,-2.0,-1.0,-1.0,gpt_4_1_mini,gemini_duel,Gemini-duel
2,5,4,1,round002_pair005_i4_A.png,round002_pair005_j1_B.png,8.5,7.0,0,0.85,0.7905042171478271,0.7344657182693481,0.056038498878479004,0,1,1.5,1.0,1.0,gpt_4_1_mini,gemini_duel,Gemini-duel
2,6,4,2,round002_pair006_i4_A.png,round002_pair006_j2_B.png,6.5,8.5,1,0.85,0.7965883016586304,0.5642762780189514,0.23231202363967896,0,0,-2.0,-1.0,1.0,gpt_4_1_mini,gemini_duel,Gemini-duel
2,7,4,3,round002_pair007_i4_A.png,round002_pair007_j3_B.png,8.0,6.0,0,0.75,0.7607297897338867,0.7757789492607117,-0.015049159526824951,1,0,2.0,1.0,-1.0,gpt_4_1_mini,gemini_duel,Gemini-duel
2,8,4,5,round002_pair008_i4_A.png,round002_pair008_j5_B.png,8.0,6.0,0,0.8,0.7915338277816772,0.7662616968154907,0.025272130966186523,0,1,2.0,1.0,1.0,gpt_4_1_mini,gemini_duel,Gemini-duel
2,9,4,3,round002_pair009_i4_A.png,round002_pair009_j3_B.png,7.0,9.0,1,0.85,0.6904412508010864,0.7508912682533264,-0.06045001745223999,1,1,-2.0,-1.0,-1.0,gpt_4_1_mini,gemini_duel,Gemini-duel
2,10,4,3,round002_pair010_i4_A.png,round002_pair010_j3_B.png,6.0,7.5,1,0.8,0.6967198252677917,0.7188283205032349,-0.022108495235443115,1,1,-1.5,-1.0,-1.0,gpt_4_1_mini,gemini_duel,Gemini-duel
1,1,3,1,round001_pair001_i3_A.png,round001_pair001_j1_B.png,8.0,5.0,0,0.85,0.5105577707290649,0.564992368221283,-0.05443459749221802,1,0,3.0,1.0,-1.0,gpt_4_1_mini,qwen_image_fal_duel,Qwen-Image-duel
1,2,4,0,round001_pair002_i4_A.png,round001_pair002_j0_B.png,6.0,8.0,1,0.85,0.558260440826416,0.41880643367767334,0.13945400714874268,0,0,-2.0,-1.0,1.0,gpt_4_1_mini,qwen_image_fal_duel,Qwen-Image-duel
1,3,2,5,round001_pair003_i2_A.png,round001_pair003_j5_B.png,6.0,8.0,1,0.85,0.4383697509765625,0.4579123854637146,-0.0195426344871521,1,1,-2.0,-1.0,-1.0,gpt_4_1_mini,qwen_image_fal_duel,Qwen-Image-duel
1,4,3,2,round001_pair004_i3_A.png,round001_pair004_j2_B.png,6.0,9.0,1,0.9,0.514041006565094,0.5625120401382446,-0.048471033573150635,1,1,-3.0,-1.0,-1.0,gpt_4_1_mini,qwen_image_fal_duel,Qwen-Image-duel
1,5,3,0,round001_pair005_i3_A.png,round001_pair005_j0_B.png,6.0,8.0,1,0.85,0.4530569911003113,0.5848631858825684,-0.13180619478225708,1,1,-2.0,-1.0,-1.0,gpt_4_1_mini,qwen_image_fal_duel,Qwen-Image-duel
1,6,3,4,round001_pair006_i3_A.png,round001_pair006_j4_B.png,8.0,4.0,0,0.85,0.4979740083217621,0.5491483211517334,-0.051174312829971313,1,0,4.0,1.0,-1.0,gpt_4_1_mini,qwen_image_fal_duel,Qwen-Image-duel
1,7,3,1,round001_pair007_i3_A.png,round001_pair007_j1_B.png,8.5,6.0,0,0.85,0.5214781761169434,0.564649760723114,-0.043171584606170654,1,0,2.5,1.0,-1.0,gpt_4_1_mini,qwen_image_fal_duel,Qwen-Image-duel
1,8,3,5,round001_pair008_i3_A.png,round001_pair008_j5_B.png,6.0,8.0,1,0.8,0.5623671412467957,0.5499694347381592,0.012397706508636475,0,0,-2.0,-1.0,1.0,gpt_4_1_mini,qwen_image_fal_duel,Qwen-Image-duel
1,9,3,2,round001_pair009_i3_A.png,round001_pair009_j2_B.png,6.5,8.8,1,0.85,0.5138221383094788,0.4624902904033661,0.05133184790611267,0,0,-2.3000000000000007,-1.0,1.0,gpt_4_1_mini,qwen_image_fal_duel,Qwen-Image-duel
1,10,3,4,round001_pair010_i3_A.png,round001_pair010_j4_B.png,6.0,9.0,1,0.9,0.49572986364364624,0.506345272064209,-0.010615408420562744,1,1,-3.0,-1.0,-1.0,gpt_4_1_mini,qwen_image_fal_duel,Qwen-Image-duel
2,1,4,0,round002_pair001_i4_A.png,round002_pair001_j0_B.png,6.0,9.0,1,0.85,0.5601999759674072,0.42817455530166626,0.13202542066574097,0,0,-3.0,-1.0,1.0,gpt_4_1_mini,qwen_image_fal_duel,Qwen-Image-duel
2,2,3,1,round002_pair002_i3_A.png,round002_pair002_j1_B.png,6.0,8.0,1,0.85,0.5341315269470215,0.5084436535835266,0.025687873363494873,0,0,-2.0,-1.0,1.0,gpt_4_1_mini,qwen_image_fal_duel,Qwen-Image-duel
2,3,2,5,round002_pair003_i2_A.png,round002_pair003_j5_B.png,6.0,8.0,1,0.85,0.49546802043914795,0.42981189489364624,0.06565612554550171,0,0,-2.0,-1.0,1.0,gpt_4_1_mini,qwen_image_fal_duel,Qwen-Image-duel
2,4,4,0,round002_pair004_i4_A.png,round002_pair004_j0_B.png,9.0,5.0,0,0.85,0.5117616057395935,0.4741995930671692,0.037562012672424316,0,1,4.0,1.0,1.0,gpt_4_1_mini,qwen_image_fal_duel,Qwen-Image-duel
2,5,4,1,round002_pair005_i4_A.png,round002_pair005_j1_B.png,6.0,8.0,1,0.8,0.507020115852356,0.5501636266708374,-0.043143510818481445,1,1,-2.0,-1.0,-1.0,gpt_4_1_mini,qwen_image_fal_duel,Qwen-Image-duel
2,6,4,2,round002_pair006_i4_A.png,round002_pair006_j2_B.png,6.0,8.0,1,0.85,0.5965127944946289,0.48084473609924316,0.11566805839538574,0,0,-2.0,-1.0,1.0,gpt_4_1_mini,qwen_image_fal_duel,Qwen-Image-duel
2,7,4,3,round002_pair007_i4_A.png,round002_pair007_j3_B.png,8.5,7.3,0,0.8,0.48800867795944214,0.5087977051734924,-0.020789027214050293,1,0,1.2000000000000002,1.0,-1.0,gpt_4_1_mini,qwen_image_fal_duel,Qwen-Image-duel
2,8,4,5,round002_pair008_i4_A.png,round002_pair008_j5_B.png,5.0,8.0,1,0.9,0.5024070739746094,0.5273026823997498,-0.02489560842514038,1,1,-3.0,-1.0,-1.0,gpt_4_1_mini,qwen_image_fal_duel,Qwen-Image-duel
2,9,4,3,round002_pair009_i4_A.png,round002_pair009_j3_B.png,6.5,8.5,1,0.85,0.5371617078781128,0.523443877696991,0.013717830181121826,0,0,-2.0,-1.0,1.0,gpt_4_1_mini,qwen_image_fal_duel,Qwen-Image-duel
2,10,4,3,round002_pair010_i4_A.png,round002_pair010_j3_B.png,8.0,5.0,0,0.85,0.551859974861145,0.4906885623931885,0.06117141246795654,0,1,3.0,1.0,1.0,gpt_4_1_mini,qwen_image_fal_duel,Qwen-Image-duel
3,1,4,0,round003_pair001_i4_A.png,round003_pair001_j0_B.png,4.0,8.0,1,0.85,0.5378071665763855,0.46577122807502747,0.07203593850135803,0,0,-4.0,-1.0,1.0,gpt_4_1_mini,qwen_image_fal_duel,Qwen-Image-duel
3,2,5,2,round003_pair002_i5_A.png,round003_pair002_j2_B.png,6.0,8.0,1,0.85,0.5061238408088684,0.5323152542114258,-0.026191413402557373,1,1,-2.0,-1.0,-1.0,gpt_4_1_mini,qwen_image_fal_duel,Qwen-Image-duel
3,3,3,1,round003_pair003_i3_A.png,round003_pair003_j1_B.png,6.0,8.0,1,0.8,0.5561590194702148,0.4404297471046448,0.11572927236557007,0,0,-2.0,-1.0,1.0,gpt_4_1_mini,qwen_image_fal_duel,Qwen-Image-duel
3,4,4,1,round003_pair004_i4_A.png,round003_pair004_j1_B.png,5.0,8.0,1,0.85,0.4928271770477295,0.5283792018890381,-0.035552024841308594,1,1,-3.0,-1.0,-1.0,gpt_4_1_mini,qwen_image_fal_duel,Qwen-Image-duel
3,5,4,0,round003_pair005_i4_A.png,round003_pair005_j0_B.png,6.0,8.0,1,0.85,0.5222027897834778,0.5506328344345093,-0.028430044651031494,1,1,-2.0,-1.0,-1.0,gpt_4_1_mini,qwen_image_fal_duel,Qwen-Image-duel
3,6,4,0,round003_pair006_i4_A.png,round003_pair006_j0_B.png,6.0,8.0,1,0.85,0.5601665377616882,0.5245741605758667,0.03559237718582153,0,0,-2.0,-1.0,1.0,gpt_4_1_mini,qwen_image_fal_duel,Qwen-Image-duel
3,7,4,1,round003_pair007_i4_A.png,round003_pair007_j1_B.png,6.0,8.0,1,0.9,0.5831552743911743,0.5168354511260986,0.06631982326507568,0,0,-2.0,-1.0,1.0,gpt_4_1_mini,qwen_image_fal_duel,Qwen-Image-duel
3,8,4,5,round003_pair008_i4_A.png,round003_pair008_j5_B.png,6.0,9.0,1,0.85,0.5315501689910889,0.5247832536697388,0.006766915321350098,0,0,-3.0,-1.0,1.0,gpt_4_1_mini,qwen_image_fal_duel,Qwen-Image-duel
3,9,4,5,round003_pair009_i4_A.png,round003_pair009_j5_B.png,6.0,8.0,1,0.85,0.531913697719574,0.4566851854324341,0.07522851228713989,0,0,-2.0,-1.0,1.0,gpt_4_1_mini,qwen_image_fal_duel,Qwen-Image-duel
3,10,4,3,round003_pair010_i4_A.png,round003_pair010_j3_B.png,8.5,7.0,0,0.85,0.5592698454856873,0.5619179010391235,-0.0026480555534362793,1,0,1.5,1.0,-1.0,gpt_4_1_mini,qwen_image_fal_duel,Qwen-Image-duel
4,1,4,2,round004_pair001_i4_A.png,round004_pair001_j2_B.png,6.0,8.0,1,0.8,0.5234099626541138,0.5158830881118774,0.007526874542236328,0,0,-2.0,-1.0,1.0,gpt_4_1_mini,qwen_image_fal_duel,Qwen-Image-duel
4,2,3,0,round004_pair002_i3_A.png,round004_pair002_j0_B.png,6.0,8.5,1,0.85,0.536979079246521,0.5253052711486816,0.011673808097839355,0,0,-2.5,-1.0,1.0,gpt_4_1_mini,qwen_image_fal_duel,Qwen-Image-duel
4,3,1,5,round004_pair003_i1_A.png,round004_pair003_j5_B.png,5.0,8.5,1,0.85,0.5821034908294678,0.5548584461212158,0.027245044708251953,0,0,-3.5,-1.0,1.0,gpt_4_1_mini,qwen_image_fal_duel,Qwen-Image-duel
4,4,4,1,round004_pair004_i4_A.png,round004_pair004_j1_B.png,5.0,8.0,1,0.8,0.5790365934371948,0.5491902828216553,0.02984631061553955,0,0,-3.0,-1.0,1.0,gpt_4_1_mini,qwen_image_fal_duel,Qwen-Image-duel
4,5,4,0,round004_pair005_i4_A.png,round004_pair005_j0_B.png,8.0,5.0,0,0.85,0.40046778321266174,0.5619628429412842,-0.16149505972862244,1,0,3.0,1.0,-1.0,gpt_4_1_mini,qwen_image_fal_duel,Qwen-Image-duel
4,6,4,1,round004_pair006_i4_A.png,round004_pair006_j1_B.png,6.0,9.0,1,0.9,0.5398502945899963,0.5672905445098877,-0.027440249919891357,1,1,-3.0,-1.0,-1.0,gpt_4_1_mini,qwen_image_fal_duel,Qwen-Image-duel
4,7,4,5,round004_pair007_i4_A.png,round004_pair007_j5_B.png,8.0,6.0,0,0.85,0.6218279600143433,0.5408002138137817,0.08102774620056152,0,1,2.0,1.0,1.0,gpt_4_1_mini,qwen_image_fal_duel,Qwen-Image-duel
4,8,4,3,round004_pair008_i4_A.png,round004_pair008_j3_B.png,6.0,8.0,1,0.9,0.45390501618385315,0.5255793333053589,-0.07167431712150574,1,1,-2.0,-1.0,-1.0,gpt_4_1_mini,qwen_image_fal_duel,Qwen-Image-duel
4,9,4,0,round004_pair009_i4_A.png,round004_pair009_j0_B.png,6.0,8.0,1,0.8,0.4343372881412506,0.574297308921814,-0.13996002078056335,1,1,-2.0,-1.0,-1.0,gpt_4_1_mini,qwen_image_fal_duel,Qwen-Image-duel
4,10,4,1,round004_pair010_i4_A.png,round004_pair010_j1_B.png,6.0,8.0,1,0.85,0.5631927251815796,0.6108396053314209,-0.04764688014984131,1,1,-2.0,-1.0,-1.0,gpt_4_1_mini,qwen_image_fal_duel,Qwen-Image-duel
5,1,4,1,round005_pair001_i4_A.png,round005_pair001_j1_B.png,8.0,5.0,0,0.8,0.6082577705383301,0.6084780693054199,-0.00022029876708984375,1,0,3.0,1.0,-1.0,gpt_4_1_mini,qwen_image_fal_duel,Qwen-Image-duel
5,2,0,3,round005_pair002_i0_A.png,round005_pair002_j3_B.png,5.0,8.0,1,0.85,0.5254400968551636,0.5461926460266113,-0.020752549171447754,1,1,-3.0,-1.0,-1.0,gpt_4_1_mini,qwen_image_fal_duel,Qwen-Image-duel
5,3,2,5,round005_pair003_i2_A.png,round005_pair003_j5_B.png,8.0,5.0,0,0.85,0.5497266054153442,0.5102795362472534,0.03944706916809082,0,1,3.0,1.0,1.0,gpt_4_1_mini,qwen_image_fal_duel,Qwen-Image-duel
5,4,4,2,round005_pair004_i4_A.png,round005_pair004_j2_B.png,7.0,9.0,1,0.85,0.576022744178772,0.5252854824066162,0.05073726177215576,0,0,-2.0,-1.0,1.0,gpt_4_1_mini,qwen_image_fal_duel,Qwen-Image-duel
5,5,4,2,round005_pair005_i4_A.png,round005_pair005_j2_B.png,6.5,8.5,1,0.85,0.5426946878433228,0.5268059968948364,0.015888690948486328,0,0,-2.0,-1.0,1.0,gpt_4_1_mini,qwen_image_fal_duel,Qwen-Image-duel
5,6,4,1,round005_pair006_i4_A.png,round005_pair006_j1_B.png,6.0,8.0,1,0.85,0.540162205696106,0.4553772509098053,0.08478495478630066,0,0,-2.0,-1.0,1.0,gpt_4_1_mini,qwen_image_fal_duel,Qwen-Image-duel
5,7,4,1,round005_pair007_i4_A.png,round005_pair007_j1_B.png,6.0,8.0,1,0.9,0.5803011655807495,0.511424720287323,0.06887644529342651,0,0,-2.0,-1.0,1.0,gpt_4_1_mini,qwen_image_fal_duel,Qwen-Image-duel
5,8,4,0,round005_pair008_i4_A.png,round005_pair008_j0_B.png,8.0,5.0,0,0.8,0.6215050220489502,0.45161908864974976,0.16988593339920044,0,1,3.0,1.0,1.0,gpt_4_1_mini,qwen_image_fal_duel,Qwen-Image-duel
5,9,4,2,round005_pair009_i4_A.png,round005_pair009_j2_B.png,6.0,8.5,1,0.85,0.6090997457504272,0.5051915049552917,0.1039082407951355,0,0,-2.5,-1.0,1.0,gpt_4_1_mini,qwen_image_fal_duel,Qwen-Image-duel
5,10,4,5,round005_pair010_i4_A.png,round005_pair010_j5_B.png,8.5,6.5,0,0.85,0.5910989046096802,0.4779294431209564,0.11316946148872375,0,1,2.0,1.0,1.0,gpt_4_1_mini,qwen_image_fal_duel,Qwen-Image-duel
1,1,3,1,round001_pair001_i3_A.png,round001_pair001_j1_B.png,8.0,6.0,0,0.8,0.5105577707290649,0.564992368221283,-0.05443459749221802,1,0,2.0,1.0,-1.0,gpt_4_1_mini,qwen_image_fal_duel,Qwen-Image-duel
1,2,4,0,round001_pair002_i4_A.png,round001_pair002_j0_B.png,9.0,7.0,0,0.85,0.558260440826416,0.41880643367767334,0.13945400714874268,0,1,2.0,1.0,1.0,gpt_4_1_mini,qwen_image_fal_duel,Qwen-Image-duel
1,3,2,5,round001_pair003_i2_A.png,round001_pair003_j5_B.png,9.0,6.0,0,0.9,0.4383697509765625,0.4579123854637146,-0.0195426344871521,1,0,3.0,1.0,-1.0,gpt_4_1_mini,qwen_image_fal_duel,Qwen-Image-duel
1,4,3,2,round001_pair004_i3_A.png,round001_pair004_j2_B.png,6.0,8.0,1,0.85,0.514041006565094,0.5625120401382446,-0.048471033573150635,1,1,-2.0,-1.0,-1.0,gpt_4_1_mini,qwen_image_fal_duel,Qwen-Image-duel
1,5,3,0,round001_pair005_i3_A.png,round001_pair005_j0_B.png,5.0,7.0,1,0.85,0.4530569911003113,0.5848631858825684,-0.13180619478225708,1,1,-2.0,-1.0,-1.0,gpt_4_1_mini,qwen_image_fal_duel,Qwen-Image-duel
1,6,3,4,round001_pair006_i3_A.png,round001_pair006_j4_B.png,8.0,6.0,0,0.9,0.4979740083217621,0.5491483211517334,-0.051174312829971313,1,0,2.0,1.0,-1.0,gpt_4_1_mini,qwen_image_fal_duel,Qwen-Image-duel
1,7,3,1,round001_pair007_i3_A.png,round001_pair007_j1_B.png,6.0,8.0,1,0.85,0.5214781761169434,0.564649760723114,-0.043171584606170654,1,1,-2.0,-1.0,-1.0,gpt_4_1_mini,qwen_image_fal_duel,Qwen-Image-duel
1,8,3,5,round001_pair008_i3_A.png,round001_pair008_j5_B.png,9.0,6.0,0,0.85,0.5623671412467957,0.5499694347381592,0.012397706508636475,0,1,3.0,1.0,1.0,gpt_4_1_mini,qwen_image_fal_duel,Qwen-Image-duel
1,9,3,2,round001_pair009_i3_A.png,round001_pair009_j2_B.png,6.0,8.0,1,0.85,0.5138221383094788,0.4624902904033661,0.05133184790611267,0,0,-2.0,-1.0,1.0,gpt_4_1_mini,qwen_image_fal_duel,Qwen-Image-duel
1,10,3,4,round001_pair010_i3_A.png,round001_pair010_j4_B.png,9.0,6.0,0,0.85,0.49572986364364624,0.506345272064209,-0.010615408420562744,1,0,3.0,1.0,-1.0,gpt_4_1_mini,qwen_image_fal_duel,Qwen-Image-duel
2,1,4,0,round002_pair001_i4_A.png,round002_pair001_j0_B.png,6.0,8.0,1,0.8,0.5601999759674072,0.42817455530166626,0.13202542066574097,0,0,-2.0,-1.0,1.0,gpt_4_1_mini,qwen_image_fal_duel,Qwen-Image-duel
2,2,3,1,round002_pair002_i3_A.png,round002_pair002_j1_B.png,6.0,8.0,1,0.8,0.5341315269470215,0.5084436535835266,0.025687873363494873,0,0,-2.0,-1.0,1.0,gpt_4_1_mini,qwen_image_fal_duel,Qwen-Image-duel
2,3,2,5,round002_pair003_i2_A.png,round002_pair003_j5_B.png,6.0,8.0,1,0.85,0.49546802043914795,0.42981189489364624,0.06565612554550171,0,0,-2.0,-1.0,1.0,gpt_4_1_mini,qwen_image_fal_duel,Qwen-Image-duel
2,4,4,0,round002_pair004_i4_A.png,round002_pair004_j0_B.png,6.0,9.0,1,0.9,0.5117616057395935,0.4741995930671692,0.037562012672424316,0,0,-3.0,-1.0,1.0,gpt_4_1_mini,qwen_image_fal_duel,Qwen-Image-duel
2,5,4,1,round002_pair005_i4_A.png,round002_pair005_j1_B.png,4.0,7.0,1,0.8,0.507020115852356,0.5501636266708374,-0.043143510818481445,1,1,-3.0,-1.0,-1.0,gpt_4_1_mini,qwen_image_fal_duel,Qwen-Image-duel
2,6,4,2,round002_pair006_i4_A.png,round002_pair006_j2_B.png,6.0,8.0,1,0.85,0.5965127944946289,0.48084473609924316,0.11566805839538574,0,0,-2.0,-1.0,1.0,gpt_4_1_mini,qwen_image_fal_duel,Qwen-Image-duel
2,7,4,3,round002_pair007_i4_A.png,round002_pair007_j3_B.png,5.0,8.0,1,0.9,0.48800867795944214,0.5087977051734924,-0.020789027214050293,1,1,-3.0,-1.0,-1.0,gpt_4_1_mini,qwen_image_fal_duel,Qwen-Image-duel
2,8,4,5,round002_pair008_i4_A.png,round002_pair008_j5_B.png,6.0,8.0,1,0.85,0.5024070739746094,0.5273026823997498,-0.02489560842514038,1,1,-2.0,-1.0,-1.0,gpt_4_1_mini,qwen_image_fal_duel,Qwen-Image-duel
2,9,4,3,round002_pair009_i4_A.png,round002_pair009_j3_B.png,8.0,6.0,0,0.85,0.5371617078781128,0.523443877696991,0.013717830181121826,0,1,2.0,1.0,1.0,gpt_4_1_mini,qwen_image_fal_duel,Qwen-Image-duel
2,10,4,3,round002_pair010_i4_A.png,round002_pair010_j3_B.png,8.0,4.0,0,0.85,0.551859974861145,0.4906885623931885,0.06117141246795654,0,1,4.0,1.0,1.0,gpt_4_1_mini,qwen_image_fal_duel,Qwen-Image-duel
1,1,3,1,round001_pair001_i3_A.png,round001_pair001_j1_B.png,65.0,85.0,1,0.85,0.5105577707290649,0.564992368221283,-0.05443459749221802,1,1,-20.0,-1.0,-1.0,gpt_4_1_mini,qwen_image_fal_duel,Qwen-Image-duel
1,2,4,0,round001_pair002_i4_A.png,round001_pair002_j0_B.png,73.0,88.0,1,0.85,0.558260440826416,0.41880643367767334,0.13945400714874268,0,0,-15.0,-1.0,1.0,gpt_4_1_mini,qwen_image_fal_duel,Qwen-Image-duel
1,3,2,5,round001_pair003_i2_A.png,round001_pair003_j5_B.png,85.0,60.0,0,0.85,0.4383697509765625,0.4579123854637146,-0.0195426344871521,1,0,25.0,1.0,-1.0,gpt_4_1_mini,qwen_image_fal_duel,Qwen-Image-duel
1,4,3,2,round001_pair004_i3_A.png,round001_pair004_j2_B.png,65.0,85.0,1,0.85,0.514041006565094,0.5625120401382446,-0.048471033573150635,1,1,-20.0,-1.0,-1.0,gpt_4_1_mini,qwen_image_fal_duel,Qwen-Image-duel
1,5,3,0,round001_pair005_i3_A.png,round001_pair005_j0_B.png,70.0,90.0,1,0.8,0.4530569911003113,0.5848631858825684,-0.13180619478225708,1,1,-20.0,-1.0,-1.0,gpt_4_1_mini,qwen_image_fal_duel,Qwen-Image-duel
1,6,3,4,round001_pair006_i3_A.png,round001_pair006_j4_B.png,70.0,90.0,1,0.85,0.4979740083217621,0.5491483211517334,-0.051174312829971313,1,1,-20.0,-1.0,-1.0,gpt_4_1_mini,qwen_image_fal_duel,Qwen-Image-duel
1,7,3,1,round001_pair007_i3_A.png,round001_pair007_j1_B.png,50.0,90.0,1,0.85,0.5214781761169434,0.564649760723114,-0.043171584606170654,1,1,-40.0,-1.0,-1.0,gpt_4_1_mini,qwen_image_fal_duel,Qwen-Image-duel
1,8,3,5,round001_pair008_i3_A.png,round001_pair008_j5_B.png,68.0,81.0,1,0.87,0.5623671412467957,0.5499694347381592,0.012397706508636475,0,0,-13.0,-1.0,1.0,gpt_4_1_mini,qwen_image_fal_duel,Qwen-Image-duel
1,9,3,2,round001_pair009_i3_A.png,round001_pair009_j2_B.png,75.0,90.0,1,0.9,0.5138221383094788,0.4624902904033661,0.05133184790611267,0,0,-15.0,-1.0,1.0,gpt_4_1_mini,qwen_image_fal_duel,Qwen-Image-duel
1,10,3,4,round001_pair010_i3_A.png,round001_pair010_j4_B.png,75.0,85.0,1,0.85,0.49572986364364624,0.506345272064209,-0.010615408420562744,1,1,-10.0,-1.0,-1.0,gpt_4_1_mini,qwen_image_fal_duel,Qwen-Image-duel
2,1,4,0,round002_pair001_i4_A.png,round002_pair001_j0_B.png,85.0,65.0,0,0.9,0.5601999759674072,0.42817455530166626,0.13202542066574097,0,1,20.0,1.0,1.0,gpt_4_1_mini,qwen_image_fal_duel,Qwen-Image-duel
2,2,3,1,round002_pair002_i3_A.png,round002_pair002_j1_B.png,65.0,85.0,1,0.85,0.5341315269470215,0.5084436535835266,0.025687873363494873,0,0,-20.0,-1.0,1.0,gpt_4_1_mini,qwen_image_fal_duel,Qwen-Image-duel
2,3,2,5,round002_pair003_i2_A.png,round002_pair003_j5_B.png,65.0,85.0,1,0.85,0.49546802043914795,0.42981189489364624,0.06565612554550171,0,0,-20.0,-1.0,1.0,gpt_4_1_mini,qwen_image_fal_duel,Qwen-Image-duel
2,4,4,0,round002_pair004_i4_A.png,round002_pair004_j0_B.png,85.0,65.0,0,0.85,0.5117616057395935,0.4741995930671692,0.037562012672424316,0,1,20.0,1.0,1.0,gpt_4_1_mini,qwen_image_fal_duel,Qwen-Image-duel
2,5,4,1,round002_pair005_i4_A.png,round002_pair005_j1_B.png,87.0,70.0,0,0.85,0.507020115852356,0.5501636266708374,-0.043143510818481445,1,0,17.0,1.0,-1.0,gpt_4_1_mini,qwen_image_fal_duel,Qwen-Image-duel
2,6,4,2,round002_pair006_i4_A.png,round002_pair006_j2_B.png,88.0,70.0,0,0.8,0.5965127944946289,0.48084473609924316,0.11566805839538574,0,1,18.0,1.0,1.0,gpt_4_1_mini,qwen_image_fal_duel,Qwen-Image-duel
2,7,4,3,round002_pair007_i4_A.png,round002_pair007_j3_B.png,65.0,85.0,1,0.85,0.48800867795944214,0.5087977051734924,-0.020789027214050293,1,1,-20.0,-1.0,-1.0,gpt_4_1_mini,qwen_image_fal_duel,Qwen-Image-duel
2,8,4,5,round002_pair008_i4_A.png,round002_pair008_j5_B.png,88.0,70.0,0,0.85,0.5024070739746094,0.5273026823997498,-0.02489560842514038,1,0,18.0,1.0,-1.0,gpt_4_1_mini,qwen_image_fal_duel,Qwen-Image-duel
2,9,4,3,round002_pair009_i4_A.png,round002_pair009_j3_B.png,60.0,85.0,1,0.85,0.5371617078781128,0.523443877696991,0.013717830181121826,0,0,-25.0,-1.0,1.0,gpt_4_1_mini,qwen_image_fal_duel,Qwen-Image-duel
2,10,4,3,round002_pair010_i4_A.png,round002_pair010_j3_B.png,65.0,90.0,1,0.85,0.551859974861145,0.4906885623931885,0.06117141246795654,0,0,-25.0,-1.0,1.0,gpt_4_1_mini,qwen_image_fal_duel,Qwen-Image-duel
3,1,4,0,round003_pair001_i4_A.png,round003_pair001_j0_B.png,70.0,88.0,1,0.85,0.5378071665763855,0.46577122807502747,0.07203593850135803,0,0,-18.0,-1.0,1.0,gpt_4_1_mini,qwen_image_fal_duel,Qwen-Image-duel
3,2,5,2,round003_pair002_i5_A.png,round003_pair002_j2_B.png,60.0,85.0,1,0.9,0.5061238408088684,0.5323152542114258,-0.026191413402557373,1,1,-25.0,-1.0,-1.0,gpt_4_1_mini,qwen_image_fal_duel,Qwen-Image-duel
3,3,3,1,round003_pair003_i3_A.png,round003_pair003_j1_B.png,88.0,70.0,0,0.85,0.5561590194702148,0.4404297471046448,0.11572927236557007,0,1,18.0,1.0,1.0,gpt_4_1_mini,qwen_image_fal_duel,Qwen-Image-duel
3,4,4,1,round003_pair004_i4_A.png,round003_pair004_j1_B.png,70.0,85.0,1,0.85,0.4928271770477295,0.5283792018890381,-0.035552024841308594,1,1,-15.0,-1.0,-1.0,gpt_4_1_mini,qwen_image_fal_duel,Qwen-Image-duel
3,5,4,0,round003_pair005_i4_A.png,round003_pair005_j0_B.png,70.0,85.0,1,0.9,0.5222027897834778,0.5506328344345093,-0.028430044651031494,1,1,-15.0,-1.0,-1.0,gpt_4_1_mini,qwen_image_fal_duel,Qwen-Image-duel
3,6,4,0,round003_pair006_i4_A.png,round003_pair006_j0_B.png,85.0,70.0,0,0.85,0.5601665377616882,0.5245741605758667,0.03559237718582153,0,1,15.0,1.0,1.0,gpt_4_1_mini,qwen_image_fal_duel,Qwen-Image-duel
3,7,4,1,round003_pair007_i4_A.png,round003_pair007_j1_B.png,70.0,85.0,1,0.85,0.5831552743911743,0.5168354511260986,0.06631982326507568,0,0,-15.0,-1.0,1.0,gpt_4_1_mini,qwen_image_fal_duel,Qwen-Image-duel
3,8,4,5,round003_pair008_i4_A.png,round003_pair008_j5_B.png,60.0,85.0,1,0.8,0.5315501689910889,0.5247832536697388,0.006766915321350098,0,0,-25.0,-1.0,1.0,gpt_4_1_mini,qwen_image_fal_duel,Qwen-Image-duel
3,9,4,5,round003_pair009_i4_A.png,round003_pair009_j5_B.png,85.0,65.0,0,0.85,0.531913697719574,0.4566851854324341,0.07522851228713989,0,1,20.0,1.0,1.0,gpt_4_1_mini,qwen_image_fal_duel,Qwen-Image-duel
3,10,4,3,round003_pair010_i4_A.png,round003_pair010_j3_B.png,70.0,90.0,1,0.85,0.5592698454856873,0.5619179010391235,-0.0026480555534362793,1,1,-20.0,-1.0,-1.0,gpt_4_1_mini,qwen_image_fal_duel,Qwen-Image-duel
4,1,4,2,round004_pair001_i4_A.png,round004_pair001_j2_B.png,65.0,85.0,1,0.85,0.5234099626541138,0.5158830881118774,0.007526874542236328,0,0,-20.0,-1.0,1.0,gpt_4_1_mini,qwen_image_fal_duel,Qwen-Image-duel
4,2,3,0,round004_pair002_i3_A.png,round004_pair002_j0_B.png,85.0,70.0,0,0.85,0.536979079246521,0.5253052711486816,0.011673808097839355,0,1,15.0,1.0,1.0,gpt_4_1_mini,qwen_image_fal_duel,Qwen-Image-duel
4,3,1,5,round004_pair003_i1_A.png,round004_pair003_j5_B.png,70.0,90.0,1,0.85,0.5821034908294678,0.5548584461212158,0.027245044708251953,0,0,-20.0,-1.0,1.0,gpt_4_1_mini,qwen_image_fal_duel,Qwen-Image-duel
4,4,4,1,round004_pair004_i4_A.png,round004_pair004_j1_B.png,88.0,65.0,0,0.85,0.5790365934371948,0.5491902828216553,0.02984631061553955,0,1,23.0,1.0,1.0,gpt_4_1_mini,qwen_image_fal_duel,Qwen-Image-duel
4,5,4,0,round004_pair005_i4_A.png,round004_pair005_j0_B.png,90.0,65.0,0,0.85,0.40046778321266174,0.5619628429412842,-0.16149505972862244,1,0,25.0,1.0,-1.0,gpt_4_1_mini,qwen_image_fal_duel,Qwen-Image-duel
4,6,4,1,round004_pair006_i4_A.png,round004_pair006_j1_B.png,82.0,67.0,0,0.85,0.5398502945899963,0.5672905445098877,-0.027440249919891357,1,0,15.0,1.0,-1.0,gpt_4_1_mini,qwen_image_fal_duel,Qwen-Image-duel
4,7,4,5,round004_pair007_i4_A.png,round004_pair007_j5_B.png,86.0,70.0,0,0.85,0.6218279600143433,0.5408002138137817,0.08102774620056152,0,1,16.0,1.0,1.0,gpt_4_1_mini,qwen_image_fal_duel,Qwen-Image-duel
4,8,4,3,round004_pair008_i4_A.png,round004_pair008_j3_B.png,85.0,65.0,0,0.85,0.45390501618385315,0.5255793333053589,-0.07167431712150574,1,0,20.0,1.0,-1.0,gpt_4_1_mini,qwen_image_fal_duel,Qwen-Image-duel
4,9,4,0,round004_pair009_i4_A.png,round004_pair009_j0_B.png,90.0,70.0,0,0.85,0.4343372881412506,0.574297308921814,-0.13996002078056335,1,0,20.0,1.0,-1.0,gpt_4_1_mini,qwen_image_fal_duel,Qwen-Image-duel
4,10,4,1,round004_pair010_i4_A.png,round004_pair010_j1_B.png,85.0,60.0,0,0.85,0.5631927251815796,0.6108396053314209,-0.04764688014984131,1,0,25.0,1.0,-1.0,gpt_4_1_mini,qwen_image_fal_duel,Qwen-Image-duel
5,1,4,1,round005_pair001_i4_A.png,round005_pair001_j1_B.png,85.0,60.0,0,0.85,0.6082577705383301,0.6084780693054199,-0.00022029876708984375,1,0,25.0,1.0,-1.0,gpt_4_1_mini,qwen_image_fal_duel,Qwen-Image-duel
5,2,0,3,round005_pair002_i0_A.png,round005_pair002_j3_B.png,65.0,88.0,1,0.85,0.5254400968551636,0.5461926460266113,-0.020752549171447754,1,1,-23.0,-1.0,-1.0,gpt_4_1_mini,qwen_image_fal_duel,Qwen-Image-duel
5,3,2,5,round005_pair003_i2_A.png,round005_pair003_j5_B.png,60.0,85.0,1,0.85,0.5497266054153442,0.5102795362472534,0.03944706916809082,0,0,-25.0,-1.0,1.0,gpt_4_1_mini,qwen_image_fal_duel,Qwen-Image-duel
5,4,4,2,round005_pair004_i4_A.png,round005_pair004_j2_B.png,75.0,88.0,1,0.9,0.576022744178772,0.5252854824066162,0.05073726177215576,0,0,-13.0,-1.0,1.0,gpt_4_1_mini,qwen_image_fal_duel,Qwen-Image-duel
5,5,4,2,round005_pair005_i4_A.png,round005_pair005_j2_B.png,85.0,70.0,0,0.85,0.5426946878433228,0.5268059968948364,0.015888690948486328,0,1,15.0,1.0,1.0,gpt_4_1_mini,qwen_image_fal_duel,Qwen-Image-duel
5,6,4,1,round005_pair006_i4_A.png,round005_pair006_j1_B.png,55.0,80.0,1,0.85,0.540162205696106,0.4553772509098053,0.08478495478630066,0,0,-25.0,-1.0,1.0,gpt_4_1_mini,qwen_image_fal_duel,Qwen-Image-duel
5,7,4,1,round005_pair007_i4_A.png,round005_pair007_j1_B.png,70.0,85.0,1,0.85,0.5803011655807495,0.511424720287323,0.06887644529342651,0,0,-15.0,-1.0,1.0,gpt_4_1_mini,qwen_image_fal_duel,Qwen-Image-duel
5,8,4,0,round005_pair008_i4_A.png,round005_pair008_j0_B.png,70.0,90.0,1,0.85,0.6215050220489502,0.45161908864974976,0.16988593339920044,0,0,-20.0,-1.0,1.0,gpt_4_1_mini,qwen_image_fal_duel,Qwen-Image-duel
5,9,4,2,round005_pair009_i4_A.png,round005_pair009_j2_B.png,70.0,85.0,1,0.85,0.6090997457504272,0.5051915049552917,0.1039082407951355,0,0,-15.0,-1.0,1.0,gpt_4_1_mini,qwen_image_fal_duel,Qwen-Image-duel
5,10,4,5,round005_pair010_i4_A.png,round005_pair010_j5_B.png,65.0,90.0,1,0.85,0.5910989046096802,0.4779294431209564,0.11316946148872375,0,0,-25.0,-1.0,1.0,gpt_4_1_mini,qwen_image_fal_duel,Qwen-Image-duel
1,1,3,1,round001_pair001_i3_A.png,round001_pair001_j1_B.png,60.0,85.0,1,0.75,0.5105577707290649,0.564992368221283,-0.05443459749221802,1,1,-25.0,-1.0,-1.0,gpt_4_1_mini,qwen_image_fal_duel,Qwen-Image-duel
1,2,4,0,round001_pair002_i4_A.png,round001_pair002_j0_B.png,60.0,70.0,1,0.55,0.558260440826416,0.41880643367767334,0.13945400714874268,0,0,-10.0,-1.0,1.0,gpt_4_1_mini,qwen_image_fal_duel,Qwen-Image-duel
1,3,2,5,round001_pair003_i2_A.png,round001_pair003_j5_B.png,70.0,80.0,1,0.55,0.4383697509765625,0.4579123854637146,-0.0195426344871521,1,1,-10.0,-1.0,-1.0,gpt_4_1_mini,qwen_image_fal_duel,Qwen-Image-duel
1,4,3,2,round001_pair004_i3_A.png,round001_pair004_j2_B.png,70.000001,70.0,0,0.55,0.514041006565094,0.5625120401382446,-0.048471033573150635,1,0,9.999999974752427e-07,1.0,-1.0,gpt_4_1_mini,qwen_image_fal_duel,Qwen-Image-duel
1,5,3,0,round001_pair005_i3_A.png,round001_pair005_j0_B.png,70.000001,70.0,0,0.55,0.4530569911003113,0.5848631858825684,-0.13180619478225708,1,0,9.999999974752427e-07,1.0,-1.0,gpt_4_1_mini,qwen_image_fal_duel,Qwen-Image-duel
1,6,3,4,round001_pair006_i3_A.png,round001_pair006_j4_B.png,70.000001,70.0,0,0.55,0.4979740083217621,0.5491483211517334,-0.051174312829971313,1,0,9.999999974752427e-07,1.0,-1.0,gpt_4_1_mini,qwen_image_fal_duel,Qwen-Image-duel
1,7,3,1,round001_pair007_i3_A.png,round001_pair007_j1_B.png,88.0,70.0,0,0.85,0.5214781761169434,0.564649760723114,-0.043171584606170654,1,0,18.0,1.0,-1.0,gpt_4_1_mini,qwen_image_fal_duel,Qwen-Image-duel
1,8,3,5,round001_pair008_i3_A.png,round001_pair008_j5_B.png,30.0,70.0,1,0.55,0.5623671412467957,0.5499694347381592,0.012397706508636475,0,0,-40.0,-1.0,1.0,gpt_4_1_mini,qwen_image_fal_duel,Qwen-Image-duel
1,9,3,2,round001_pair009_i3_A.png,round001_pair009_j2_B.png,85.0,65.0,0,0.85,0.5138221383094788,0.4624902904033661,0.05133184790611267,0,1,20.0,1.0,1.0,gpt_4_1_mini,qwen_image_fal_duel,Qwen-Image-duel
1,10,3,4,round001_pair010_i3_A.png,round001_pair010_j4_B.png,85.0,60.0,0,0.85,0.49572986364364624,0.506345272064209,-0.010615408420562744,1,0,25.0,1.0,-1.0,gpt_4_1_mini,qwen_image_fal_duel,Qwen-Image-duel
2,1,4,0,round002_pair001_i4_A.png,round002_pair001_j0_B.png,80.0,60.0,0,0.55,0.5601999759674072,0.42817455530166626,0.13202542066574097,0,1,20.0,1.0,1.0,gpt_4_1_mini,qwen_image_fal_duel,Qwen-Image-duel
2,2,3,1,round002_pair002_i3_A.png,round002_pair002_j1_B.png,65.0,85.0,1,0.85,0.5341315269470215,0.5084436535835266,0.025687873363494873,0,0,-20.0,-1.0,1.0,gpt_4_1_mini,qwen_image_fal_duel,Qwen-Image-duel
2,3,2,5,round002_pair003_i2_A.png,round002_pair003_j5_B.png,70.0,60.0,0,0.55,0.49546802043914795,0.42981189489364624,0.06565612554550171,0,1,10.0,1.0,1.0,gpt_4_1_mini,qwen_image_fal_duel,Qwen-Image-duel
2,4,4,0,round002_pair004_i4_A.png,round002_pair004_j0_B.png,65.0,85.0,1,0.9,0.5117616057395935,0.4741995930671692,0.037562012672424316,0,0,-20.0,-1.0,1.0,gpt_4_1_mini,qwen_image_fal_duel,Qwen-Image-duel
2,5,4,1,round002_pair005_i4_A.png,round002_pair005_j1_B.png,40.0,85.0,1,0.9,0.507020115852356,0.5501636266708374,-0.043143510818481445,1,1,-45.0,-1.0,-1.0,gpt_4_1_mini,qwen_image_fal_duel,Qwen-Image-duel
2,6,4,2,round002_pair006_i4_A.png,round002_pair006_j2_B.png,85.0,65.0,0,0.8,0.5965127944946289,0.48084473609924316,0.11566805839538574,0,1,20.0,1.0,1.0,gpt_4_1_mini,qwen_image_fal_duel,Qwen-Image-duel
2,7,4,3,round002_pair007_i4_A.png,round002_pair007_j3_B.png,55.0,85.0,1,0.8,0.48800867795944214,0.5087977051734924,-0.020789027214050293,1,1,-30.0,-1.0,-1.0,gpt_4_1_mini,qwen_image_fal_duel,Qwen-Image-duel
2,8,4,5,round002_pair008_i4_A.png,round002_pair008_j5_B.png,65.0,90.0,1,0.85,0.5024070739746094,0.5273026823997498,-0.02489560842514038,1,1,-25.0,-1.0,-1.0,gpt_4_1_mini,qwen_image_fal_duel,Qwen-Image-duel
2,9,4,3,round002_pair009_i4_A.png,round002_pair009_j3_B.png,60.0,90.0,1,0.85,0.5371617078781128,0.523443877696991,0.013717830181121826,0,0,-30.0,-1.0,1.0,gpt_4_1_mini,qwen_image_fal_duel,Qwen-Image-duel
2,10,4,3,round002_pair010_i4_A.png,round002_pair010_j3_B.png,60.0,90.0,1,0.85,0.551859974861145,0.4906885623931885,0.06117141246795654,0,0,-30.0,-1.0,1.0,gpt_4_1_mini,qwen_image_fal_duel,Qwen-Image-duel
3,1,4,0,round003_pair001_i4_A.png,round003_pair001_j0_B.png,80.0,40.0,0,0.55,0.5378071665763855,0.46577122807502747,0.07203593850135803,0,1,40.0,1.0,1.0,gpt_4_1_mini,qwen_image_fal_duel,Qwen-Image-duel
3,2,5,2,round003_pair002_i5_A.png,round003_pair002_j2_B.png,85.0,65.0,0,0.85,0.5061238408088684,0.5323152542114258,-0.026191413402557373,1,0,20.0,1.0,-1.0,gpt_4_1_mini,qwen_image_fal_duel,Qwen-Image-duel
3,3,3,1,round003_pair003_i3_A.png,round003_pair003_j1_B.png,65.0,88.0,1,0.85,0.5561590194702148,0.4404297471046448,0.11572927236557007,0,0,-23.0,-1.0,1.0,gpt_4_1_mini,qwen_image_fal_duel,Qwen-Image-duel
3,4,4,1,round003_pair004_i4_A.png,round003_pair004_j1_B.png,90.0,70.0,0,0.85,0.4928271770477295,0.5283792018890381,-0.035552024841308594,1,0,20.0,1.0,-1.0,gpt_4_1_mini,qwen_image_fal_duel,Qwen-Image-duel
3,5,4,0,round003_pair005_i4_A.png,round003_pair005_j0_B.png,80.0,55.0,0,0.85,0.5222027897834778,0.5506328344345093,-0.028430044651031494,1,0,25.0,1.0,-1.0,gpt_4_1_mini,qwen_image_fal_duel,Qwen-Image-duel
3,6,4,0,round003_pair006_i4_A.png,round003_pair006_j0_B.png,70.0,90.0,1,0.85,0.5601665377616882,0.5245741605758667,0.03559237718582153,0,0,-20.0,-1.0,1.0,gpt_4_1_mini,qwen_image_fal_duel,Qwen-Image-duel
3,7,4,1,round003_pair007_i4_A.png,round003_pair007_j1_B.png,65.0,85.0,1,0.85,0.5831552743911743,0.5168354511260986,0.06631982326507568,0,0,-20.0,-1.0,1.0,gpt_4_1_mini,qwen_image_fal_duel,Qwen-Image-duel
3,8,4,5,round003_pair008_i4_A.png,round003_pair008_j5_B.png,55.0,85.0,1,0.8,0.5315501689910889,0.5247832536697388,0.006766915321350098,0,0,-30.0,-1.0,1.0,gpt_4_1_mini,qwen_image_fal_duel,Qwen-Image-duel
3,9,4,5,round003_pair009_i4_A.png,round003_pair009_j5_B.png,65.0,85.0,1,0.85,0.531913697719574,0.4566851854324341,0.07522851228713989,0,0,-20.0,-1.0,1.0,gpt_4_1_mini,qwen_image_fal_duel,Qwen-Image-duel
3,10,4,3,round003_pair010_i4_A.png,round003_pair010_j3_B.png,60.0,85.0,1,0.85,0.5592698454856873,0.5619179010391235,-0.0026480555534362793,1,1,-25.0,-1.0,-1.0,gpt_4_1_mini,qwen_image_fal_duel,Qwen-Image-duel
4,1,4,2,round004_pair001_i4_A.png,round004_pair001_j2_B.png,80.000001,80.0,0,0.55,0.5234099626541138,0.5158830881118774,0.007526874542236328,0,1,9.999999974752427e-07,1.0,1.0,gpt_4_1_mini,qwen_image_fal_duel,Qwen-Image-duel
4,2,3,0,round004_pair002_i3_A.png,round004_pair002_j0_B.png,85.0,60.0,0,0.85,0.536979079246521,0.5253052711486816,0.011673808097839355,0,1,25.0,1.0,1.0,gpt_4_1_mini,qwen_image_fal_duel,Qwen-Image-duel
4,3,1,5,round004_pair003_i1_A.png,round004_pair003_j5_B.png,88.0,70.0,0,0.85,0.5821034908294678,0.5548584461212158,0.027245044708251953,0,1,18.0,1.0,1.0,gpt_4_1_mini,qwen_image_fal_duel,Qwen-Image-duel
4,4,4,1,round004_pair004_i4_A.png,round004_pair004_j1_B.png,60.0,88.0,1,0.85,0.5790365934371948,0.5491902828216553,0.02984631061553955,0,0,-28.0,-1.0,1.0,gpt_4_1_mini,qwen_image_fal_duel,Qwen-Image-duel
4,5,4,0,round004_pair005_i4_A.png,round004_pair005_j0_B.png,60.0,70.0,1,0.55,0.40046778321266174,0.5619628429412842,-0.16149505972862244,1,1,-10.0,-1.0,-1.0,gpt_4_1_mini,qwen_image_fal_duel,Qwen-Image-duel
4,6,4,1,round004_pair006_i4_A.png,round004_pair006_j1_B.png,65.0,85.0,1,0.9,0.5398502945899963,0.5672905445098877,-0.027440249919891357,1,1,-20.0,-1.0,-1.0,gpt_4_1_mini,qwen_image_fal_duel,Qwen-Image-duel
4,7,4,5,round004_pair007_i4_A.png,round004_pair007_j5_B.png,65.0,85.0,1,0.9,0.6218279600143433,0.5408002138137817,0.08102774620056152,0,0,-20.0,-1.0,1.0,gpt_4_1_mini,qwen_image_fal_duel,Qwen-Image-duel
4,8,4,3,round004_pair008_i4_A.png,round004_pair008_j3_B.png,65.0,85.0,1,0.8,0.45390501618385315,0.5255793333053589,-0.07167431712150574,1,1,-20.0,-1.0,-1.0,gpt_4_1_mini,qwen_image_fal_duel,Qwen-Image-duel
4,9,4,0,round004_pair009_i4_A.png,round004_pair009_j0_B.png,80.0,65.0,0,0.85,0.4343372881412506,0.574297308921814,-0.13996002078056335,1,0,15.0,1.0,-1.0,gpt_4_1_mini,qwen_image_fal_duel,Qwen-Image-duel
4,10,4,1,round004_pair010_i4_A.png,round004_pair010_j1_B.png,85.0,70.0,0,0.85,0.5631927251815796,0.6108396053314209,-0.04764688014984131,1,0,15.0,1.0,-1.0,gpt_4_1_mini,qwen_image_fal_duel,Qwen-Image-duel
5,1,4,1,round005_pair001_i4_A.png,round005_pair001_j1_B.png,65.0,85.0,1,0.8,0.6082577705383301,0.6084780693054199,-0.00022029876708984375,1,1,-20.0,-1.0,-1.0,gpt_4_1_mini,qwen_image_fal_duel,Qwen-Image-duel
5,2,0,3,round005_pair002_i0_A.png,round005_pair002_j3_B.png,85.0,70.0,0,0.85,0.5254400968551636,0.5461926460266113,-0.020752549171447754,1,0,15.0,1.0,-1.0,gpt_4_1_mini,qwen_image_fal_duel,Qwen-Image-duel
5,3,2,5,round005_pair003_i2_A.png,round005_pair003_j5_B.png,85.0,65.0,0,0.85,0.5497266054153442,0.5102795362472534,0.03944706916809082,0,1,20.0,1.0,1.0,gpt_4_1_mini,qwen_image_fal_duel,Qwen-Image-duel
5,4,4,2,round005_pair004_i4_A.png,round005_pair004_j2_B.png,55.0,80.0,1,0.8,0.576022744178772,0.5252854824066162,0.05073726177215576,0,0,-25.0,-1.0,1.0,gpt_4_1_mini,qwen_image_fal_duel,Qwen-Image-duel
5,5,4,2,round005_pair005_i4_A.png,round005_pair005_j2_B.png,60.0,80.0,1,0.85,0.5426946878433228,0.5268059968948364,0.015888690948486328,0,0,-20.0,-1.0,1.0,gpt_4_1_mini,qwen_image_fal_duel,Qwen-Image-duel
5,6,4,1,round005_pair006_i4_A.png,round005_pair006_j1_B.png,86.0,70.0,0,0.85,0.540162205696106,0.4553772509098053,0.08478495478630066,0,1,16.0,1.0,1.0,gpt_4_1_mini,qwen_image_fal_duel,Qwen-Image-duel
5,7,4,1,round005_pair007_i4_A.png,round005_pair007_j1_B.png,65.0,85.0,1,0.85,0.5803011655807495,0.511424720287323,0.06887644529342651,0,0,-20.0,-1.0,1.0,gpt_4_1_mini,qwen_image_fal_duel,Qwen-Image-duel
5,8,4,0,round005_pair008_i4_A.png,round005_pair008_j0_B.png,85.0,70.0,0,0.8,0.6215050220489502,0.45161908864974976,0.16988593339920044,0,1,15.0,1.0,1.0,gpt_4_1_mini,qwen_image_fal_duel,Qwen-Image-duel
5,9,4,2,round005_pair009_i4_A.png,round005_pair009_j2_B.png,70.000001,70.0,0,0.55,0.6090997457504272,0.5051915049552917,0.1039082407951355,0,1,9.999999974752427e-07,1.0,1.0,gpt_4_1_mini,qwen_image_fal_duel,Qwen-Image-duel
5,10,4,5,round005_pair010_i4_A.png,round005_pair010_j5_B.png,65.0,80.0,1,0.8,0.5910989046096802,0.4779294431209564,0.11316946148872375,0,0,-15.0,-1.0,1.0,gpt_4_1_mini,qwen_image_fal_duel,Qwen-Image-duel
1,1,3,1,round001_pair001_i3_A.png,round001_pair001_j1_B.png,4.0,8.0,1,0.9,0.49450188875198364,0.48914721608161926,0.00535467267036438,0,0,-4.0,-1.0,1.0,gpt_4_1_mini,qwen_image_fal_duel,Qwen-Image-duel
1,2,4,0,round001_pair002_i4_A.png,round001_pair002_j0_B.png,6.0,8.0,1,0.85,0.5995874404907227,0.4000060558319092,0.19958138465881348,0,0,-2.0,-1.0,1.0,gpt_4_1_mini,qwen_image_fal_duel,Qwen-Image-duel
1,3,2,5,round001_pair003_i2_A.png,round001_pair003_j5_B.png,4.0,8.0,1,0.85,0.49440521001815796,0.4313030242919922,0.06310218572616577,0,0,-4.0,-1.0,1.0,gpt_4_1_mini,qwen_image_fal_duel,Qwen-Image-duel
1,4,3,2,round001_pair004_i3_A.png,round001_pair004_j2_B.png,4.0,7.0,1,0.8,0.6201381087303162,0.6411241292953491,-0.02098602056503296,1,1,-3.0,-1.0,-1.0,gpt_4_1_mini,qwen_image_fal_duel,Qwen-Image-duel
1,5,3,0,round001_pair005_i3_A.png,round001_pair005_j0_B.png,6.0,8.0,1,0.85,0.5785565376281738,0.5741260051727295,0.004430532455444336,0,0,-2.0,-1.0,1.0,gpt_4_1_mini,qwen_image_fal_duel,Qwen-Image-duel
1,6,3,4,round001_pair006_i3_A.png,round001_pair006_j4_B.png,8.5,6.0,0,0.85,0.6057900786399841,0.6148805022239685,-0.009090423583984375,1,0,2.5,1.0,-1.0,gpt_4_1_mini,qwen_image_fal_duel,Qwen-Image-duel
1,7,3,1,round001_pair007_i3_A.png,round001_pair007_j1_B.png,8.0,5.0,0,0.8,0.6112995147705078,0.6560239195823669,-0.04472440481185913,1,0,3.0,1.0,-1.0,gpt_4_1_mini,qwen_image_fal_duel,Qwen-Image-duel
1,8,3,5,round001_pair008_i3_A.png,round001_pair008_j5_B.png,5.0,8.0,1,0.85,0.6453542113304138,0.5755612850189209,0.06979292631149292,0,0,-3.0,-1.0,1.0,gpt_4_1_mini,qwen_image_fal_duel,Qwen-Image-duel
1,9,3,2,round001_pair009_i3_A.png,round001_pair009_j2_B.png,8.0,5.0,0,0.9,0.6007245779037476,0.539368212223053,0.06135636568069458,0,1,3.0,1.0,1.0,gpt_4_1_mini,qwen_image_fal_duel,Qwen-Image-duel
1,10,3,4,round001_pair010_i3_A.png,round001_pair010_j4_B.png,6.0,8.0,1,0.85,0.5770960450172424,0.5446116924285889,0.032484352588653564,0,0,-2.0,-1.0,1.0,gpt_4_1_mini,qwen_image_fal_duel,Qwen-Image-duel
2,1,4,0,round002_pair001_i4_A.png,round002_pair001_j0_B.png,5.0,8.0,1,0.85,0.5296030640602112,0.37870723009109497,0.1508958339691162,0,0,-3.0,-1.0,1.0,gpt_4_1_mini,qwen_image_fal_duel,Qwen-Image-duel
2,2,3,1,round002_pair002_i3_A.png,round002_pair002_j1_B.png,5.0,8.0,1,0.85,0.5492711067199707,0.6003813743591309,-0.051110267639160156,1,1,-3.0,-1.0,-1.0,gpt_4_1_mini,qwen_image_fal_duel,Qwen-Image-duel
2,3,2,5,round002_pair003_i2_A.png,round002_pair003_j5_B.png,8.0,5.0,0,0.9,0.5001275539398193,0.4180070757865906,0.08212047815322876,0,1,3.0,1.0,1.0,gpt_4_1_mini,qwen_image_fal_duel,Qwen-Image-duel
2,4,4,0,round002_pair004_i4_A.png,round002_pair004_j0_B.png,6.0,9.0,1,0.95,0.5032491087913513,0.5475469827651978,-0.044297873973846436,1,1,-3.0,-1.0,-1.0,gpt_4_1_mini,qwen_image_fal_duel,Qwen-Image-duel
2,5,4,1,round002_pair005_i4_A.png,round002_pair005_j1_B.png,8.0,5.0,0,0.9,0.48540228605270386,0.5819293856620789,-0.096527099609375,1,0,3.0,1.0,-1.0,gpt_4_1_mini,qwen_image_fal_duel,Qwen-Image-duel
2,6,4,2,round002_pair006_i4_A.png,round002_pair006_j2_B.png,6.0,9.0,1,0.9,0.5871480703353882,0.502346932888031,0.08480113744735718,0,0,-3.0,-1.0,1.0,gpt_4_1_mini,qwen_image_fal_duel,Qwen-Image-duel
2,7,4,3,round002_pair007_i4_A.png,round002_pair007_j3_B.png,5.0,8.0,1,0.85,0.5856505632400513,0.4807601869106293,0.104890376329422,0,0,-3.0,-1.0,1.0,gpt_4_1_mini,qwen_image_fal_duel,Qwen-Image-duel
2,8,4,5,round002_pair008_i4_A.png,round002_pair008_j5_B.png,5.0,8.0,1,0.9,0.47187769412994385,0.5437784194946289,-0.07190072536468506,1,1,-3.0,-1.0,-1.0,gpt_4_1_mini,qwen_image_fal_duel,Qwen-Image-duel
2,9,4,3,round002_pair009_i4_A.png,round002_pair009_j3_B.png,6.0,8.0,1,0.85,0.5557516813278198,0.5726600289344788,-0.016908347606658936,1,1,-2.0,-1.0,-1.0,gpt_4_1_mini,qwen_image_fal_duel,Qwen-Image-duel
2,10,4,3,round002_pair010_i4_A.png,round002_pair010_j3_B.png,6.0,8.0,1,0.85,0.6490277051925659,0.4997509717941284,0.1492767333984375,0,0,-2.0,-1.0,1.0,gpt_4_1_mini,qwen_image_fal_duel,Qwen-Image-duel
3,1,4,0,round003_pair001_i4_A.png,round003_pair001_j0_B.png,8.5,5.0,0,0.9,0.6046338677406311,0.5449619889259338,0.059671878814697266,0,1,3.5,1.0,1.0,gpt_4_1_mini,qwen_image_fal_duel,Qwen-Image-duel
3,2,5,2,round003_pair002_i5_A.png,round003_pair002_j2_B.png,6.0,8.0,1,0.85,0.4826079308986664,0.5150193572044373,-0.032411426305770874,1,1,-2.0,-1.0,-1.0,gpt_4_1_mini,qwen_image_fal_duel,Qwen-Image-duel
3,3,3,1,round003_pair003_i3_A.png,round003_pair003_j1_B.png,5.0,8.0,1,0.9,0.5859960913658142,0.49991101026535034,0.08608508110046387,0,0,-3.0,-1.0,1.0,gpt_4_1_mini,qwen_image_fal_duel,Qwen-Image-duel
3,4,4,1,round003_pair004_i4_A.png,round003_pair004_j1_B.png,8.0,6.0,0,0.85,0.5731070041656494,0.6066126823425293,-0.03350567817687988,1,0,2.0,1.0,-1.0,gpt_4_1_mini,qwen_image_fal_duel,Qwen-Image-duel
3,5,4,0,round003_pair005_i4_A.png,round003_pair005_j0_B.png,9.0,6.0,0,0.9,0.5561370849609375,0.5991162061691284,-0.04297912120819092,1,0,3.0,1.0,-1.0,gpt_4_1_mini,qwen_image_fal_duel,Qwen-Image-duel
3,6,4,0,round003_pair006_i4_A.png,round003_pair006_j0_B.png,9.0,6.0,0,0.9,0.635879635810852,0.5962124466896057,0.03966718912124634,0,1,3.0,1.0,1.0,gpt_4_1_mini,qwen_image_fal_duel,Qwen-Image-duel
3,7,4,1,round003_pair007_i4_A.png,round003_pair007_j1_B.png,6.0,8.0,1,0.9,0.603040337562561,0.618497371673584,-0.01545703411102295,1,1,-2.0,-1.0,-1.0,gpt_4_1_mini,qwen_image_fal_duel,Qwen-Image-duel
3,8,4,5,round003_pair008_i4_A.png,round003_pair008_j5_B.png,8.0,5.0,0,0.85,0.6096829771995544,0.5784511566162109,0.031231820583343506,0,1,3.0,1.0,1.0,gpt_4_1_mini,qwen_image_fal_duel,Qwen-Image-duel
3,9,4,5,round003_pair009_i4_A.png,round003_pair009_j5_B.png,8.0,5.0,0,0.9,0.608838677406311,0.4123225212097168,0.19651615619659424,0,1,3.0,1.0,1.0,gpt_4_1_mini,qwen_image_fal_duel,Qwen-Image-duel
3,10,4,3,round003_pair010_i4_A.png,round003_pair010_j3_B.png,8.5,6.0,0,0.85,0.6240602731704712,0.5243282318115234,0.09973204135894775,0,1,2.5,1.0,1.0,gpt_4_1_mini,qwen_image_fal_duel,Qwen-Image-duel
4,1,4,2,round004_pair001_i4_A.png,round004_pair001_j2_B.png,8.0,4.0,0,0.9,0.5750982761383057,0.5536395311355591,0.021458745002746582,0,1,4.0,1.0,1.0,gpt_4_1_mini,qwen_image_fal_duel,Qwen-Image-duel
4,2,3,0,round004_pair002_i3_A.png,round004_pair002_j0_B.png,5.0,8.0,1,0.85,0.5534922480583191,0.4898780882358551,0.06361415982246399,0,0,-3.0,-1.0,1.0,gpt_4_1_mini,qwen_image_fal_duel,Qwen-Image-duel
4,3,1,5,round004_pair003_i1_A.png,round004_pair003_j5_B.png,5.0,8.0,1,0.85,0.5771953463554382,0.5602081418037415,0.016987204551696777,0,0,-3.0,-1.0,1.0,gpt_4_1_mini,qwen_image_fal_duel,Qwen-Image-duel
4,4,4,1,round004_pair004_i4_A.png,round004_pair004_j1_B.png,8.5,6.5,0,0.9,0.5346230268478394,0.5950037240982056,-0.06038069725036621,1,0,2.0,1.0,-1.0,gpt_4_1_mini,qwen_image_fal_duel,Qwen-Image-duel
4,5,4,0,round004_pair005_i4_A.png,round004_pair005_j0_B.png,8.5,6.5,0,0.85,0.4429095983505249,0.6390712261199951,-0.19616162776947021,1,0,2.0,1.0,-1.0,gpt_4_1_mini,qwen_image_fal_duel,Qwen-Image-duel
4,6,4,1,round004_pair006_i4_A.png,round004_pair006_j1_B.png,8.5,6.0,0,0.85,0.6305419206619263,0.6198517084121704,0.01069021224975586,0,1,2.5,1.0,1.0,gpt_4_1_mini,qwen_image_fal_duel,Qwen-Image-duel
4,7,4,5,round004_pair007_i4_A.png,round004_pair007_j5_B.png,9.0,6.0,0,0.9,0.6494332551956177,0.5605153441429138,0.08891791105270386,0,1,3.0,1.0,1.0,gpt_4_1_mini,qwen_image_fal_duel,Qwen-Image-duel
4,8,4,3,round004_pair008_i4_A.png,round004_pair008_j3_B.png,8.0,5.0,0,0.85,0.4566836953163147,0.5230380892753601,-0.06635439395904541,1,0,3.0,1.0,-1.0,gpt_4_1_mini,qwen_image_fal_duel,Qwen-Image-duel
4,9,4,0,round004_pair009_i4_A.png,round004_pair009_j0_B.png,8.0,6.0,0,0.8,0.5564314126968384,0.6078128814697266,-0.051381468772888184,1,0,2.0,1.0,-1.0,gpt_4_1_mini,qwen_image_fal_duel,Qwen-Image-duel
4,10,4,1,round004_pair010_i4_A.png,round004_pair010_j1_B.png,6.0,8.0,1,0.9,0.5829868316650391,0.6350427865982056,-0.052055954933166504,1,1,-2.0,-1.0,-1.0,gpt_4_1_mini,qwen_image_fal_duel,Qwen-Image-duel
5,1,4,1,round005_pair001_i4_A.png,round005_pair001_j1_B.png,8.5,4.5,0,0.9,0.5871789455413818,0.6914852261543274,-0.10430628061294556,1,0,4.0,1.0,-1.0,gpt_4_1_mini,qwen_image_fal_duel,Qwen-Image-duel
5,2,0,3,round005_pair002_i0_A.png,round005_pair002_j3_B.png,6.0,9.0,1,0.9,0.5008600950241089,0.62310791015625,-0.12224781513214111,1,1,-3.0,-1.0,-1.0,gpt_4_1_mini,qwen_image_fal_duel,Qwen-Image-duel
5,3,2,5,round005_pair003_i2_A.png,round005_pair003_j5_B.png,8.0,5.0,0,0.8,0.5661421418190002,0.6047874689102173,-0.03864532709121704,1,0,3.0,1.0,-1.0,gpt_4_1_mini,qwen_image_fal_duel,Qwen-Image-duel
5,4,4,2,round005_pair004_i4_A.png,round005_pair004_j2_B.png,6.5,8.5,1,0.9,0.5366294980049133,0.524665355682373,0.011964142322540283,0,0,-2.0,-1.0,1.0,gpt_4_1_mini,qwen_image_fal_duel,Qwen-Image-duel
5,5,4,2,round005_pair005_i4_A.png,round005_pair005_j2_B.png,8.5,6.0,0,0.85,0.5534676313400269,0.49582207202911377,0.057645559310913086,0,1,2.5,1.0,1.0,gpt_4_1_mini,qwen_image_fal_duel,Qwen-Image-duel
5,6,4,1,round005_pair006_i4_A.png,round005_pair006_j1_B.png,8.5,6.5,0,0.85,0.5495608448982239,0.5382594466209412,0.011301398277282715,0,1,2.0,1.0,1.0,gpt_4_1_mini,qwen_image_fal_duel,Qwen-Image-duel
5,7,4,1,round005_pair007_i4_A.png,round005_pair007_j1_B.png,8.0,5.0,0,0.85,0.5469581484794617,0.5386210680007935,0.008337080478668213,0,1,3.0,1.0,1.0,gpt_4_1_mini,qwen_image_fal_duel,Qwen-Image-duel
5,8,4,0,round005_pair008_i4_A.png,round005_pair008_j0_B.png,6.0,8.0,1,0.85,0.5785814523696899,0.4433603584766388,0.13522109389305115,0,0,-2.0,-1.0,1.0,gpt_4_1_mini,qwen_image_fal_duel,Qwen-Image-duel
5,9,4,2,round005_pair009_i4_A.png,round005_pair009_j2_B.png,6.5,8.5,1,0.85,0.5755167007446289,0.5004370212554932,0.07507967948913574,0,0,-2.0,-1.0,1.0,gpt_4_1_mini,qwen_image_fal_duel,Qwen-Image-duel
5,10,4,5,round005_pair010_i4_A.png,round005_pair010_j5_B.png,8.5,5.0,0,0.9,0.61151123046875,0.39734551310539246,0.21416571736335754,0,1,3.5,1.0,1.0,gpt_4_1_mini,qwen_image_fal_duel,Qwen-Image-duel
1,1,3,1,round001_pair001_i3_A.png,round001_pair001_j1_B.png,65.0,85.0,1,0.85,0.49450188875198364,0.48914721608161926,0.00535467267036438,0,0,-20.0,-1.0,1.0,gpt_4_1_mini,qwen_image_fal_duel,Qwen-Image-duel
1,2,4,0,round001_pair002_i4_A.png,round001_pair002_j0_B.png,65.0,90.0,1,0.9,0.5995874404907227,0.4000060558319092,0.19958138465881348,0,0,-25.0,-1.0,1.0,gpt_4_1_mini,qwen_image_fal_duel,Qwen-Image-duel
1,3,2,5,round001_pair003_i2_A.png,round001_pair003_j5_B.png,65.0,90.0,1,0.9,0.49440521001815796,0.4313030242919922,0.06310218572616577,0,0,-25.0,-1.0,1.0,gpt_4_1_mini,qwen_image_fal_duel,Qwen-Image-duel
1,4,3,2,round001_pair004_i3_A.png,round001_pair004_j2_B.png,70.0,90.0,1,0.85,0.6201381087303162,0.6411241292953491,-0.02098602056503296,1,1,-20.0,-1.0,-1.0,gpt_4_1_mini,qwen_image_fal_duel,Qwen-Image-duel
1,5,3,0,round001_pair005_i3_A.png,round001_pair005_j0_B.png,85.0,70.0,0,0.85,0.5785565376281738,0.5741260051727295,0.004430532455444336,0,1,15.0,1.0,1.0,gpt_4_1_mini,qwen_image_fal_duel,Qwen-Image-duel
1,6,3,4,round001_pair006_i3_A.png,round001_pair006_j4_B.png,65.0,85.0,1,0.85,0.6057900786399841,0.6148805022239685,-0.009090423583984375,1,1,-20.0,-1.0,-1.0,gpt_4_1_mini,qwen_image_fal_duel,Qwen-Image-duel
1,7,3,1,round001_pair007_i3_A.png,round001_pair007_j1_B.png,85.0,60.0,0,0.85,0.6112995147705078,0.6560239195823669,-0.04472440481185913,1,0,25.0,1.0,-1.0,gpt_4_1_mini,qwen_image_fal_duel,Qwen-Image-duel
1,8,3,5,round001_pair008_i3_A.png,round001_pair008_j5_B.png,65.0,90.0,1,0.85,0.6453542113304138,0.5755612850189209,0.06979292631149292,0,0,-25.0,-1.0,1.0,gpt_4_1_mini,qwen_image_fal_duel,Qwen-Image-duel
1,9,3,2,round001_pair009_i3_A.png,round001_pair009_j2_B.png,65.0,88.0,1,0.85,0.6007245779037476,0.539368212223053,0.06135636568069458,0,0,-23.0,-1.0,1.0,gpt_4_1_mini,qwen_image_fal_duel,Qwen-Image-duel
1,10,3,4,round001_pair010_i3_A.png,round001_pair010_j4_B.png,70.0,90.0,1,0.85,0.5770960450172424,0.5446116924285889,0.032484352588653564,0,0,-20.0,-1.0,1.0,gpt_4_1_mini,qwen_image_fal_duel,Qwen-Image-duel
2,1,4,0,round002_pair001_i4_A.png,round002_pair001_j0_B.png,60.0,85.0,1,0.9,0.5296030640602112,0.37870723009109497,0.1508958339691162,0,0,-25.0,-1.0,1.0,gpt_4_1_mini,qwen_image_fal_duel,Qwen-Image-duel
2,2,3,1,round002_pair002_i3_A.png,round002_pair002_j1_B.png,75.0,50.0,0,0.8,0.5492711067199707,0.6003813743591309,-0.051110267639160156,1,0,25.0,1.0,-1.0,gpt_4_1_mini,qwen_image_fal_duel,Qwen-Image-duel
2,3,2,5,round002_pair003_i2_A.png,round002_pair003_j5_B.png,50.0,90.0,1,0.9,0.5001275539398193,0.4180070757865906,0.08212047815322876,0,0,-40.0,-1.0,1.0,gpt_4_1_mini,qwen_image_fal_duel,Qwen-Image-duel
2,4,4,0,round002_pair004_i4_A.png,round002_pair004_j0_B.png,55.0,90.0,1,0.85,0.5032491087913513,0.5475469827651978,-0.044297873973846436,1,1,-35.0,-1.0,-1.0,gpt_4_1_mini,qwen_image_fal_duel,Qwen-Image-duel
2,5,4,1,round002_pair005_i4_A.png,round002_pair005_j1_B.png,88.0,70.0,0,0.85,0.48540228605270386,0.5819293856620789,-0.096527099609375,1,0,18.0,1.0,-1.0,gpt_4_1_mini,qwen_image_fal_duel,Qwen-Image-duel
2,6,4,2,round002_pair006_i4_A.png,round002_pair006_j2_B.png,55.0,85.0,1,0.85,0.5871480703353882,0.502346932888031,0.08480113744735718,0,0,-30.0,-1.0,1.0,gpt_4_1_mini,qwen_image_fal_duel,Qwen-Image-duel
2,7,4,3,round002_pair007_i4_A.png,round002_pair007_j3_B.png,55.0,85.0,1,0.85,0.5856505632400513,0.4807601869106293,0.104890376329422,0,0,-30.0,-1.0,1.0,gpt_4_1_mini,qwen_image_fal_duel,Qwen-Image-duel
2,8,4,5,round002_pair008_i4_A.png,round002_pair008_j5_B.png,65.0,85.0,1,0.9,0.47187769412994385,0.5437784194946289,-0.07190072536468506,1,1,-20.0,-1.0,-1.0,gpt_4_1_mini,qwen_image_fal_duel,Qwen-Image-duel
2,9,4,3,round002_pair009_i4_A.png,round002_pair009_j3_B.png,85.0,70.0,0,0.85,0.5557516813278198,0.5726600289344788,-0.016908347606658936,1,0,15.0,1.0,-1.0,gpt_4_1_mini,qwen_image_fal_duel,Qwen-Image-duel
2,10,4,3,round002_pair010_i4_A.png,round002_pair010_j3_B.png,65.0,85.0,1,0.85,0.6490277051925659,0.4997509717941284,0.1492767333984375,0,0,-20.0,-1.0,1.0,gpt_4_1_mini,qwen_image_fal_duel,Qwen-Image-duel
3,1,4,0,round003_pair001_i4_A.png,round003_pair001_j0_B.png,65.0,90.0,1,0.85,0.6046338677406311,0.5449619889259338,0.059671878814697266,0,0,-25.0,-1.0,1.0,gpt_4_1_mini,qwen_image_fal_duel,Qwen-Image-duel
3,2,5,2,round003_pair002_i5_A.png,round003_pair002_j2_B.png,87.0,72.0,0,0.85,0.4826079308986664,0.5150193572044373,-0.032411426305770874,1,0,15.0,1.0,-1.0,gpt_4_1_mini,qwen_image_fal_duel,Qwen-Image-duel
3,3,3,1,round003_pair003_i3_A.png,round003_pair003_j1_B.png,65.0,85.0,1,0.85,0.5859960913658142,0.49991101026535034,0.08608508110046387,0,0,-20.0,-1.0,1.0,gpt_4_1_mini,qwen_image_fal_duel,Qwen-Image-duel
3,4,4,1,round003_pair004_i4_A.png,round003_pair004_j1_B.png,65.0,85.0,1,0.9,0.5731070041656494,0.6066126823425293,-0.03350567817687988,1,1,-20.0,-1.0,-1.0,gpt_4_1_mini,qwen_image_fal_duel,Qwen-Image-duel
3,5,4,0,round003_pair005_i4_A.png,round003_pair005_j0_B.png,60.0,90.0,1,0.85,0.5561370849609375,0.5991162061691284,-0.04297912120819092,1,1,-30.0,-1.0,-1.0,gpt_4_1_mini,qwen_image_fal_duel,Qwen-Image-duel
3,6,4,0,round003_pair006_i4_A.png,round003_pair006_j0_B.png,60.0,85.0,1,0.85,0.635879635810852,0.5962124466896057,0.03966718912124634,0,0,-25.0,-1.0,1.0,gpt_4_1_mini,qwen_image_fal_duel,Qwen-Image-duel
3,7,4,1,round003_pair007_i4_A.png,round003_pair007_j1_B.png,65.0,90.0,1,0.85,0.603040337562561,0.618497371673584,-0.01545703411102295,1,1,-25.0,-1.0,-1.0,gpt_4_1_mini,qwen_image_fal_duel,Qwen-Image-duel
3,8,4,5,round003_pair008_i4_A.png,round003_pair008_j5_B.png,65.0,85.0,1,0.9,0.6096829771995544,0.5784511566162109,0.031231820583343506,0,0,-20.0,-1.0,1.0,gpt_4_1_mini,qwen_image_fal_duel,Qwen-Image-duel
3,9,4,5,round003_pair009_i4_A.png,round003_pair009_j5_B.png,65.0,90.0,1,0.85,0.608838677406311,0.4123225212097168,0.19651615619659424,0,0,-25.0,-1.0,1.0,gpt_4_1_mini,qwen_image_fal_duel,Qwen-Image-duel
3,10,4,3,round003_pair010_i4_A.png,round003_pair010_j3_B.png,35.0,80.0,1,0.85,0.6240602731704712,0.5243282318115234,0.09973204135894775,0,0,-45.0,-1.0,1.0,gpt_4_1_mini,qwen_image_fal_duel,Qwen-Image-duel
4,1,4,2,round004_pair001_i4_A.png,round004_pair001_j2_B.png,55.0,85.0,1,0.85,0.5750982761383057,0.5536395311355591,0.021458745002746582,0,0,-30.0,-1.0,1.0,gpt_4_1_mini,qwen_image_fal_duel,Qwen-Image-duel
4,2,3,0,round004_pair002_i3_A.png,round004_pair002_j0_B.png,85.0,70.0,0,0.9,0.5534922480583191,0.4898780882358551,0.06361415982246399,0,1,15.0,1.0,1.0,gpt_4_1_mini,qwen_image_fal_duel,Qwen-Image-duel
4,3,1,5,round004_pair003_i1_A.png,round004_pair003_j5_B.png,90.0,65.0,0,0.85,0.5771953463554382,0.5602081418037415,0.016987204551696777,0,1,25.0,1.0,1.0,gpt_4_1_mini,qwen_image_fal_duel,Qwen-Image-duel
4,4,4,1,round004_pair004_i4_A.png,round004_pair004_j1_B.png,88.0,65.0,0,0.85,0.5346230268478394,0.5950037240982056,-0.06038069725036621,1,0,23.0,1.0,-1.0,gpt_4_1_mini,qwen_image_fal_duel,Qwen-Image-duel
4,5,4,0,round004_pair005_i4_A.png,round004_pair005_j0_B.png,65.0,85.0,1,0.85,0.4429095983505249,0.6390712261199951,-0.19616162776947021,1,1,-20.0,-1.0,-1.0,gpt_4_1_mini,qwen_image_fal_duel,Qwen-Image-duel
4,6,4,1,round004_pair006_i4_A.png,round004_pair006_j1_B.png,85.0,65.0,0,0.8,0.6305419206619263,0.6198517084121704,0.01069021224975586,0,1,20.0,1.0,1.0,gpt_4_1_mini,qwen_image_fal_duel,Qwen-Image-duel
4,7,4,5,round004_pair007_i4_A.png,round004_pair007_j5_B.png,68.0,88.0,1,0.85,0.6494332551956177,0.5605153441429138,0.08891791105270386,0,0,-20.0,-1.0,1.0,gpt_4_1_mini,qwen_image_fal_duel,Qwen-Image-duel
4,8,4,3,round004_pair008_i4_A.png,round004_pair008_j3_B.png,65.0,85.0,1,0.85,0.4566836953163147,0.5230380892753601,-0.06635439395904541,1,1,-20.0,-1.0,-1.0,gpt_4_1_mini,qwen_image_fal_duel,Qwen-Image-duel
4,9,4,0,round004_pair009_i4_A.png,round004_pair009_j0_B.png,85.0,60.0,0,0.85,0.5564314126968384,0.6078128814697266,-0.051381468772888184,1,0,25.0,1.0,-1.0,gpt_4_1_mini,qwen_image_fal_duel,Qwen-Image-duel
4,10,4,1,round004_pair010_i4_A.png,round004_pair010_j1_B.png,85.0,65.0,0,0.9,0.5829868316650391,0.6350427865982056,-0.052055954933166504,1,0,20.0,1.0,-1.0,gpt_4_1_mini,qwen_image_fal_duel,Qwen-Image-duel
5,1,4,1,round005_pair001_i4_A.png,round005_pair001_j1_B.png,70.0,50.0,0,0.55,0.5871789455413818,0.6914852261543274,-0.10430628061294556,1,0,20.0,1.0,-1.0,gpt_4_1_mini,qwen_image_fal_duel,Qwen-Image-duel
5,2,0,3,round005_pair002_i0_A.png,round005_pair002_j3_B.png,65.0,85.0,1,0.85,0.5008600950241089,0.62310791015625,-0.12224781513214111,1,1,-20.0,-1.0,-1.0,gpt_4_1_mini,qwen_image_fal_duel,Qwen-Image-duel
5,3,2,5,round005_pair003_i2_A.png,round005_pair003_j5_B.png,85.0,65.0,0,0.85,0.5661421418190002,0.6047874689102173,-0.03864532709121704,1,0,20.0,1.0,-1.0,gpt_4_1_mini,qwen_image_fal_duel,Qwen-Image-duel
5,4,4,2,round005_pair004_i4_A.png,round005_pair004_j2_B.png,55.0,85.0,1,0.85,0.5366294980049133,0.524665355682373,0.011964142322540283,0,0,-30.0,-1.0,1.0,gpt_4_1_mini,qwen_image_fal_duel,Qwen-Image-duel
5,5,4,2,round005_pair005_i4_A.png,round005_pair005_j2_B.png,55.0,85.0,1,0.9,0.5534676313400269,0.49582207202911377,0.057645559310913086,0,0,-30.0,-1.0,1.0,gpt_4_1_mini,qwen_image_fal_duel,Qwen-Image-duel
5,6,4,1,round005_pair006_i4_A.png,round005_pair006_j1_B.png,65.0,85.0,1,0.9,0.5495608448982239,0.5382594466209412,0.011301398277282715,0,0,-20.0,-1.0,1.0,gpt_4_1_mini,qwen_image_fal_duel,Qwen-Image-duel
5,7,4,1,round005_pair007_i4_A.png,round005_pair007_j1_B.png,70.0,90.0,1,0.9,0.5469581484794617,0.5386210680007935,0.008337080478668213,0,0,-20.0,-1.0,1.0,gpt_4_1_mini,qwen_image_fal_duel,Qwen-Image-duel
5,8,4,0,round005_pair008_i4_A.png,round005_pair008_j0_B.png,60.0,85.0,1,0.85,0.5785814523696899,0.4433603584766388,0.13522109389305115,0,0,-25.0,-1.0,1.0,gpt_4_1_mini,qwen_image_fal_duel,Qwen-Image-duel
5,9,4,2,round005_pair009_i4_A.png,round005_pair009_j2_B.png,55.0,90.0,1,0.9,0.5755167007446289,0.5004370212554932,0.07507967948913574,0,0,-35.0,-1.0,1.0,gpt_4_1_mini,qwen_image_fal_duel,Qwen-Image-duel
5,10,4,5,round005_pair010_i4_A.png,round005_pair010_j5_B.png,60.0,85.0,1,0.85,0.61151123046875,0.39734551310539246,0.21416571736335754,0,0,-25.0,-1.0,1.0,gpt_4_1_mini,qwen_image_fal_duel,Qwen-Image-duel
1,1,3,1,round001_pair001_i3_A.png,round001_pair001_j1_B.png,6.5,8.5,1,0.85,0.6824882626533508,0.3218833804130554,0.3606048822402954,0,0,-2.0,-1.0,1.0,gpt_4_1_mini,qwen_image_fal_duel,Qwen-Image-duel
1,2,4,0,round001_pair002_i4_A.png,round001_pair002_j0_B.png,5.0,8.0,1,0.9,0.8459372520446777,0.6723785996437073,0.17355865240097046,0,0,-3.0,-1.0,1.0,gpt_4_1_mini,qwen_image_fal_duel,Qwen-Image-duel
1,3,2,5,round001_pair003_i2_A.png,round001_pair003_j5_B.png,6.0,8.5,1,0.85,0.781288743019104,0.7788106203079224,0.0024781227111816406,0,0,-2.5,-1.0,1.0,gpt_4_1_mini,qwen_image_fal_duel,Qwen-Image-duel
1,4,3,2,round001_pair004_i3_A.png,round001_pair004_j2_B.png,5.0,8.0,1,0.85,0.8176411986351013,0.7786699533462524,0.03897124528884888,0,0,-3.0,-1.0,1.0,gpt_4_1_mini,qwen_image_fal_duel,Qwen-Image-duel
1,5,3,0,round001_pair005_i3_A.png,round001_pair005_j0_B.png,6.0,9.0,1,0.9,0.8310613632202148,0.7024129033088684,0.12864845991134644,0,0,-3.0,-1.0,1.0,gpt_4_1_mini,qwen_image_fal_duel,Qwen-Image-duel
1,6,3,4,round001_pair006_i3_A.png,round001_pair006_j4_B.png,8.0,6.0,0,0.7,0.8627253174781799,0.7820674180984497,0.08065789937973022,0,1,2.0,1.0,1.0,gpt_4_1_mini,qwen_image_fal_duel,Qwen-Image-duel
1,7,3,1,round001_pair007_i3_A.png,round001_pair007_j1_B.png,8.0,5.0,0,0.85,0.8444335460662842,0.7116212248802185,0.13281232118606567,0,1,3.0,1.0,1.0,gpt_4_1_mini,qwen_image_fal_duel,Qwen-Image-duel
1,8,3,5,round001_pair008_i3_A.png,round001_pair008_j5_B.png,5.5,8.5,1,0.85,0.8465284705162048,0.8264728784561157,0.02005559206008911,0,0,-3.0,-1.0,1.0,gpt_4_1_mini,qwen_image_fal_duel,Qwen-Image-duel
1,9,3,2,round001_pair009_i3_A.png,round001_pair009_j2_B.png,8.5,3.0,0,0.85,0.8528954386711121,0.7813376784324646,0.07155776023864746,0,1,5.5,1.0,1.0,gpt_4_1_mini,qwen_image_fal_duel,Qwen-Image-duel
1,10,3,4,round001_pair010_i3_A.png,round001_pair010_j4_B.png,5.0,9.0,1,0.9,0.8253031969070435,0.8004550337791443,0.02484816312789917,0,0,-4.0,-1.0,1.0,gpt_4_1_mini,qwen_image_fal_duel,Qwen-Image-duel
2,1,4,0,round002_pair001_i4_A.png,round002_pair001_j0_B.png,8.5,6.0,0,0.9,0.6936479806900024,0.6973249912261963,-0.0036770105361938477,1,0,2.5,1.0,-1.0,gpt_4_1_mini,qwen_image_fal_duel,Qwen-Image-duel
2,2,3,1,round002_pair002_i3_A.png,round002_pair002_j1_B.png,6.0,8.5,1,0.9,0.6530746221542358,0.7265187501907349,-0.07344412803649902,1,1,-2.5,-1.0,-1.0,gpt_4_1_mini,qwen_image_fal_duel,Qwen-Image-duel
2,3,2,5,round002_pair003_i2_A.png,round002_pair003_j5_B.png,8.5,5.5,0,0.85,0.7212850451469421,0.6895284056663513,0.03175663948059082,0,1,3.0,1.0,1.0,gpt_4_1_mini,qwen_image_fal_duel,Qwen-Image-duel
2,4,4,0,round002_pair004_i4_A.png,round002_pair004_j0_B.png,9.0,6.0,0,0.9,0.6819400787353516,0.6055890321731567,0.07635104656219482,0,1,3.0,1.0,1.0,gpt_4_1_mini,qwen_image_fal_duel,Qwen-Image-duel
2,5,4,1,round002_pair005_i4_A.png,round002_pair005_j1_B.png,7.0,9.0,1,0.85,0.6401599645614624,0.7347217798233032,-0.09456181526184082,1,1,-2.0,-1.0,-1.0,gpt_4_1_mini,qwen_image_fal_duel,Qwen-Image-duel
2,6,4,2,round002_pair006_i4_A.png,round002_pair006_j2_B.png,8.0,5.0,0,0.85,0.660241961479187,0.7272733449935913,-0.0670313835144043,1,0,3.0,1.0,-1.0,gpt_4_1_mini,qwen_image_fal_duel,Qwen-Image-duel
2,7,4,3,round002_pair007_i4_A.png,round002_pair007_j3_B.png,8.0,5.0,0,0.9,0.8215227723121643,0.6494325399398804,0.17209023237228394,0,1,3.0,1.0,1.0,gpt_4_1_mini,qwen_image_fal_duel,Qwen-Image-duel
2,8,4,5,round002_pair008_i4_A.png,round002_pair008_j5_B.png,8.5,6.5,0,0.85,0.5991635918617249,0.8821290135383606,-0.28296542167663574,1,0,2.0,1.0,-1.0,gpt_4_1_mini,qwen_image_fal_duel,Qwen-Image-duel
2,9,4,3,round002_pair009_i4_A.png,round002_pair009_j3_B.png,8.0,6.0,0,0.85,0.6745127439498901,0.8055026531219482,-0.1309899091720581,1,0,2.0,1.0,-1.0,gpt_4_1_mini,qwen_image_fal_duel,Qwen-Image-duel
2,10,4,3,round002_pair010_i4_A.png,round002_pair010_j3_B.png,8.5,6.0,0,0.9,0.7628473043441772,0.6050868034362793,0.15776050090789795,0,1,2.5,1.0,1.0,gpt_4_1_mini,qwen_image_fal_duel,Qwen-Image-duel
3,1,4,0,round003_pair001_i4_A.png,round003_pair001_j0_B.png,8.5,6.0,0,0.85,0.8352160453796387,0.7588226795196533,0.07639336585998535,0,1,2.5,1.0,1.0,gpt_4_1_mini,qwen_image_fal_duel,Qwen-Image-duel
3,2,5,2,round003_pair002_i5_A.png,round003_pair002_j2_B.png,8.5,6.5,0,0.8,0.7296239733695984,0.7649232745170593,-0.03529930114746094,1,0,2.0,1.0,-1.0,gpt_4_1_mini,qwen_image_fal_duel,Qwen-Image-duel
3,3,3,1,round003_pair003_i3_A.png,round003_pair003_j1_B.png,6.0,8.0,1,0.85,0.6991627812385559,0.7772964835166931,-0.07813370227813721,1,1,-2.0,-1.0,-1.0,gpt_4_1_mini,qwen_image_fal_duel,Qwen-Image-duel
3,4,4,1,round003_pair004_i4_A.png,round003_pair004_j1_B.png,8.0,4.0,0,0.85,0.8328006863594055,0.7796297669410706,0.05317091941833496,0,1,4.0,1.0,1.0,gpt_4_1_mini,qwen_image_fal_duel,Qwen-Image-duel
3,5,4,0,round003_pair005_i4_A.png,round003_pair005_j0_B.png,8.0,5.0,0,0.85,0.8582454919815063,0.8330826759338379,0.025162816047668457,0,1,3.0,1.0,1.0,gpt_4_1_mini,qwen_image_fal_duel,Qwen-Image-duel
3,6,4,0,round003_pair006_i4_A.png,round003_pair006_j0_B.png,8.0,4.0,0,0.85,0.907160758972168,0.8193569183349609,0.08780384063720703,0,1,4.0,1.0,1.0,gpt_4_1_mini,qwen_image_fal_duel,Qwen-Image-duel
3,7,4,1,round003_pair007_i4_A.png,round003_pair007_j1_B.png,8.0,5.0,0,0.85,0.8806663751602173,0.9174871444702148,-0.03682076930999756,1,0,3.0,1.0,-1.0,gpt_4_1_mini,qwen_image_fal_duel,Qwen-Image-duel
3,8,4,5,round003_pair008_i4_A.png,round003_pair008_j5_B.png,6.0,8.0,1,0.85,0.8332842588424683,0.8535346984863281,-0.020250439643859863,1,1,-2.0,-1.0,-1.0,gpt_4_1_mini,qwen_image_fal_duel,Qwen-Image-duel
3,9,4,5,round003_pair009_i4_A.png,round003_pair009_j5_B.png,8.0,6.0,0,0.9,0.9320724010467529,0.6253536939620972,0.30671870708465576,0,1,2.0,1.0,1.0,gpt_4_1_mini,qwen_image_fal_duel,Qwen-Image-duel
3,10,4,3,round003_pair010_i4_A.png,round003_pair010_j3_B.png,6.0,8.0,1,0.85,0.861967921257019,0.7224685549736023,0.13949936628341675,0,0,-2.0,-1.0,1.0,gpt_4_1_mini,qwen_image_fal_duel,Qwen-Image-duel
4,1,4,2,round004_pair001_i4_A.png,round004_pair001_j2_B.png,6.0,9.0,1,0.85,0.7876232862472534,0.8405349254608154,-0.05291163921356201,1,1,-3.0,-1.0,-1.0,gpt_4_1_mini,qwen_image_fal_duel,Qwen-Image-duel
4,2,3,0,round004_pair002_i3_A.png,round004_pair002_j0_B.png,6.0,9.0,1,0.85,0.6694996356964111,0.5629973411560059,0.10650229454040527,0,0,-3.0,-1.0,1.0,gpt_4_1_mini,qwen_image_fal_duel,Qwen-Image-duel
4,3,1,5,round004_pair003_i1_A.png,round004_pair003_j5_B.png,8.0,5.0,0,0.9,0.8057696223258972,0.8638269901275635,-0.05805736780166626,1,0,3.0,1.0,-1.0,gpt_4_1_mini,qwen_image_fal_duel,Qwen-Image-duel
4,4,4,1,round004_pair004_i4_A.png,round004_pair004_j1_B.png,6.0,9.0,1,0.9,0.6664365530014038,0.8485513925552368,-0.182114839553833,1,1,-3.0,-1.0,-1.0,gpt_4_1_mini,qwen_image_fal_duel,Qwen-Image-duel
4,5,4,0,round004_pair005_i4_A.png,round004_pair005_j0_B.png,8.4,6.2,0,0.85,0.5468084216117859,0.8492623567581177,-0.3024539351463318,1,0,2.2,1.0,-1.0,gpt_4_1_mini,qwen_image_fal_duel,Qwen-Image-duel
4,6,4,1,round004_pair006_i4_A.png,round004_pair006_j1_B.png,9.0,6.0,0,0.85,0.6513977646827698,0.860695481300354,-0.20929771661758423,1,0,3.0,1.0,-1.0,gpt_4_1_mini,qwen_image_fal_duel,Qwen-Image-duel
4,7,4,5,round004_pair007_i4_A.png,round004_pair007_j5_B.png,6.0,8.5,1,0.89,0.7450563907623291,0.8269954919815063,-0.08193910121917725,1,1,-2.5,-1.0,-1.0,gpt_4_1_mini,qwen_image_fal_duel,Qwen-Image-duel
4,8,4,3,round004_pair008_i4_A.png,round004_pair008_j3_B.png,8.0,6.0,0,0.8,0.6949751377105713,0.8051111698150635,-0.11013603210449219,1,0,2.0,1.0,-1.0,gpt_4_1_mini,qwen_image_fal_duel,Qwen-Image-duel
4,9,4,0,round004_pair009_i4_A.png,round004_pair009_j0_B.png,6.0,9.0,1,0.9,0.7244919538497925,0.8410671353340149,-0.11657518148422241,1,1,-3.0,-1.0,-1.0,gpt_4_1_mini,qwen_image_fal_duel,Qwen-Image-duel
4,10,4,1,round004_pair010_i4_A.png,round004_pair010_j1_B.png,7.0,9.0,1,0.85,0.8236347436904907,0.8582980036735535,-0.034663259983062744,1,1,-2.0,-1.0,-1.0,gpt_4_1_mini,qwen_image_fal_duel,Qwen-Image-duel
5,1,4,1,round005_pair001_i4_A.png,round005_pair001_j1_B.png,8.3,5.2,0,0.85,0.7504222393035889,0.7545496821403503,-0.004127442836761475,1,0,3.1000000000000005,1.0,-1.0,gpt_4_1_mini,qwen_image_fal_duel,Qwen-Image-duel
5,2,0,3,round005_pair002_i0_A.png,round005_pair002_j3_B.png,8.5,6.5,0,0.85,0.6789672374725342,0.7618837356567383,-0.0829164981842041,1,0,2.0,1.0,-1.0,gpt_4_1_mini,qwen_image_fal_duel,Qwen-Image-duel
5,3,2,5,round005_pair003_i2_A.png,round005_pair003_j5_B.png,5.0,9.0,1,0.9,0.8276618719100952,0.8951355218887329,-0.0674736499786377,1,1,-4.0,-1.0,-1.0,gpt_4_1_mini,qwen_image_fal_duel,Qwen-Image-duel
5,4,4,2,round005_pair004_i4_A.png,round005_pair004_j2_B.png,6.0,9.0,1,0.9,0.8398611545562744,0.6627237200737,0.17713743448257446,0,0,-3.0,-1.0,1.0,gpt_4_1_mini,qwen_image_fal_duel,Qwen-Image-duel
5,5,4,2,round005_pair005_i4_A.png,round005_pair005_j2_B.png,6.0,8.0,1,0.8,0.7116653919219971,0.730392575263977,-0.01872718334197998,1,1,-2.0,-1.0,-1.0,gpt_4_1_mini,qwen_image_fal_duel,Qwen-Image-duel
5,6,4,1,round005_pair006_i4_A.png,round005_pair006_j1_B.png,7.0,9.0,1,0.75,0.7428109645843506,0.7697076797485352,-0.02689671516418457,1,1,-2.0,-1.0,-1.0,gpt_4_1_mini,qwen_image_fal_duel,Qwen-Image-duel
5,7,4,1,round005_pair007_i4_A.png,round005_pair007_j1_B.png,8.0,5.0,0,0.8,0.6772482395172119,0.6592481136322021,0.018000125885009766,0,1,3.0,1.0,1.0,gpt_4_1_mini,qwen_image_fal_duel,Qwen-Image-duel
5,8,4,0,round005_pair008_i4_A.png,round005_pair008_j0_B.png,7.0,9.0,1,0.85,0.761590838432312,0.6177504658699036,0.14384037256240845,0,0,-2.0,-1.0,1.0,gpt_4_1_mini,qwen_image_fal_duel,Qwen-Image-duel
5,9,4,2,round005_pair009_i4_A.png,round005_pair009_j2_B.png,8.0,5.0,0,0.8,0.757110059261322,0.6478708982467651,0.10923916101455688,0,1,3.0,1.0,1.0,gpt_4_1_mini,qwen_image_fal_duel,Qwen-Image-duel
5,10,4,5,round005_pair010_i4_A.png,round005_pair010_j5_B.png,6.0,9.0,1,0.9,0.7227950096130371,0.6750707626342773,0.047724246978759766,0,0,-3.0,-1.0,1.0,gpt_4_1_mini,qwen_image_fal_duel,Qwen-Image-duel
1,1,3,1,round001_pair001_i3_A.png,round001_pair001_j1_B.png,80.0,60.0,0,0.85,0.6824882626533508,0.3218833804130554,0.3606048822402954,0,1,20.0,1.0,1.0,gpt_4_1_mini,qwen_image_fal_duel,Qwen-Image-duel
1,2,4,0,round001_pair002_i4_A.png,round001_pair002_j0_B.png,85.0,60.0,0,0.9,0.8459372520446777,0.6723785996437073,0.17355865240097046,0,1,25.0,1.0,1.0,gpt_4_1_mini,qwen_image_fal_duel,Qwen-Image-duel
1,3,2,5,round001_pair003_i2_A.png,round001_pair003_j5_B.png,65.0,85.0,1,0.8,0.781288743019104,0.7788106203079224,0.0024781227111816406,0,0,-20.0,-1.0,1.0,gpt_4_1_mini,qwen_image_fal_duel,Qwen-Image-duel
1,4,3,2,round001_pair004_i3_A.png,round001_pair004_j2_B.png,80.0,65.0,0,0.85,0.8176411986351013,0.7786699533462524,0.03897124528884888,0,1,15.0,1.0,1.0,gpt_4_1_mini,qwen_image_fal_duel,Qwen-Image-duel
1,5,3,0,round001_pair005_i3_A.png,round001_pair005_j0_B.png,90.0,70.0,0,0.85,0.8310613632202148,0.7024129033088684,0.12864845991134644,0,1,20.0,1.0,1.0,gpt_4_1_mini,qwen_image_fal_duel,Qwen-Image-duel
1,6,3,4,round001_pair006_i3_A.png,round001_pair006_j4_B.png,85.0,72.0,0,0.85,0.8627253174781799,0.7820674180984497,0.08065789937973022,0,1,13.0,1.0,1.0,gpt_4_1_mini,qwen_image_fal_duel,Qwen-Image-duel
1,7,3,1,round001_pair007_i3_A.png,round001_pair007_j1_B.png,85.0,60.0,0,0.8,0.8444335460662842,0.7116212248802185,0.13281232118606567,0,1,25.0,1.0,1.0,gpt_4_1_mini,qwen_image_fal_duel,Qwen-Image-duel
1,8,3,5,round001_pair008_i3_A.png,round001_pair008_j5_B.png,70.0,90.0,1,0.85,0.8465284705162048,0.8264728784561157,0.02005559206008911,0,0,-20.0,-1.0,1.0,gpt_4_1_mini,qwen_image_fal_duel,Qwen-Image-duel
1,9,3,2,round001_pair009_i3_A.png,round001_pair009_j2_B.png,85.0,45.0,0,0.9,0.8528954386711121,0.7813376784324646,0.07155776023864746,0,1,40.0,1.0,1.0,gpt_4_1_mini,qwen_image_fal_duel,Qwen-Image-duel
1,10,3,4,round001_pair010_i3_A.png,round001_pair010_j4_B.png,85.0,65.0,0,0.85,0.8253031969070435,0.8004550337791443,0.02484816312789917,0,1,20.0,1.0,1.0,gpt_4_1_mini,qwen_image_fal_duel,Qwen-Image-duel
2,1,4,0,round002_pair001_i4_A.png,round002_pair001_j0_B.png,70.0,85.0,1,0.85,0.6936479806900024,0.6973249912261963,-0.0036770105361938477,1,1,-15.0,-1.0,-1.0,gpt_4_1_mini,qwen_image_fal_duel,Qwen-Image-duel
2,2,3,1,round002_pair002_i3_A.png,round002_pair002_j1_B.png,85.0,65.0,0,0.85,0.6530746221542358,0.7265187501907349,-0.07344412803649902,1,0,20.0,1.0,-1.0,gpt_4_1_mini,qwen_image_fal_duel,Qwen-Image-duel
2,3,2,5,round002_pair003_i2_A.png,round002_pair003_j5_B.png,85.0,70.0,0,0.85,0.7212850451469421,0.6895284056663513,0.03175663948059082,0,1,15.0,1.0,1.0,gpt_4_1_mini,qwen_image_fal_duel,Qwen-Image-duel
2,4,4,0,round002_pair004_i4_A.png,round002_pair004_j0_B.png,70.0,90.0,1,0.85,0.6819400787353516,0.6055890321731567,0.07635104656219482,0,0,-20.0,-1.0,1.0,gpt_4_1_mini,qwen_image_fal_duel,Qwen-Image-duel
2,5,4,1,round002_pair005_i4_A.png,round002_pair005_j1_B.png,55.0,85.0,1,0.9,0.6401599645614624,0.7347217798233032,-0.09456181526184082,1,1,-30.0,-1.0,-1.0,gpt_4_1_mini,qwen_image_fal_duel,Qwen-Image-duel
2,6,4,2,round002_pair006_i4_A.png,round002_pair006_j2_B.png,60.0,90.0,1,0.85,0.660241961479187,0.7272733449935913,-0.0670313835144043,1,1,-30.0,-1.0,-1.0,gpt_4_1_mini,qwen_image_fal_duel,Qwen-Image-duel
2,7,4,3,round002_pair007_i4_A.png,round002_pair007_j3_B.png,65.0,90.0,1,0.85,0.8215227723121643,0.6494325399398804,0.17209023237228394,0,0,-25.0,-1.0,1.0,gpt_4_1_mini,qwen_image_fal_duel,Qwen-Image-duel
2,8,4,5,round002_pair008_i4_A.png,round002_pair008_j5_B.png,65.0,88.0,1,0.9,0.5991635918617249,0.8821290135383606,-0.28296542167663574,1,1,-23.0,-1.0,-1.0,gpt_4_1_mini,qwen_image_fal_duel,Qwen-Image-duel
2,9,4,3,round002_pair009_i4_A.png,round002_pair009_j3_B.png,65.0,90.0,1,0.9,0.6745127439498901,0.8055026531219482,-0.1309899091720581,1,1,-25.0,-1.0,-1.0,gpt_4_1_mini,qwen_image_fal_duel,Qwen-Image-duel
2,10,4,3,round002_pair010_i4_A.png,round002_pair010_j3_B.png,65.0,88.0,1,0.85,0.7628473043441772,0.6050868034362793,0.15776050090789795,0,0,-23.0,-1.0,1.0,gpt_4_1_mini,qwen_image_fal_duel,Qwen-Image-duel
3,1,4,0,round003_pair001_i4_A.png,round003_pair001_j0_B.png,88.0,74.0,0,0.85,0.8352160453796387,0.7588226795196533,0.07639336585998535,0,1,14.0,1.0,1.0,gpt_4_1_mini,qwen_image_fal_duel,Qwen-Image-duel
3,2,5,2,round003_pair002_i5_A.png,round003_pair002_j2_B.png,80.0,65.0,0,0.85,0.7296239733695984,0.7649232745170593,-0.03529930114746094,1,0,15.0,1.0,-1.0,gpt_4_1_mini,qwen_image_fal_duel,Qwen-Image-duel
3,3,3,1,round003_pair003_i3_A.png,round003_pair003_j1_B.png,88.0,72.0,0,0.85,0.6991627812385559,0.7772964835166931,-0.07813370227813721,1,0,16.0,1.0,-1.0,gpt_4_1_mini,qwen_image_fal_duel,Qwen-Image-duel
3,4,4,1,round003_pair004_i4_A.png,round003_pair004_j1_B.png,85.0,60.0,0,0.8,0.8328006863594055,0.7796297669410706,0.05317091941833496,0,1,25.0,1.0,1.0,gpt_4_1_mini,qwen_image_fal_duel,Qwen-Image-duel
3,5,4,0,round003_pair005_i4_A.png,round003_pair005_j0_B.png,90.0,65.0,0,0.8,0.8582454919815063,0.8330826759338379,0.025162816047668457,0,1,25.0,1.0,1.0,gpt_4_1_mini,qwen_image_fal_duel,Qwen-Image-duel
3,6,4,0,round003_pair006_i4_A.png,round003_pair006_j0_B.png,90.0,75.0,0,0.85,0.907160758972168,0.8193569183349609,0.08780384063720703,0,1,15.0,1.0,1.0,gpt_4_1_mini,qwen_image_fal_duel,Qwen-Image-duel
3,7,4,1,round003_pair007_i4_A.png,round003_pair007_j1_B.png,75.0,90.0,1,0.9,0.8806663751602173,0.9174871444702148,-0.03682076930999756,1,1,-15.0,-1.0,-1.0,gpt_4_1_mini,qwen_image_fal_duel,Qwen-Image-duel
3,8,4,5,round003_pair008_i4_A.png,round003_pair008_j5_B.png,70.0,88.0,1,0.85,0.8332842588424683,0.8535346984863281,-0.020250439643859863,1,1,-18.0,-1.0,-1.0,gpt_4_1_mini,qwen_image_fal_duel,Qwen-Image-duel
3,9,4,5,round003_pair009_i4_A.png,round003_pair009_j5_B.png,90.0,65.0,0,0.9,0.9320724010467529,0.6253536939620972,0.30671870708465576,0,1,25.0,1.0,1.0,gpt_4_1_mini,qwen_image_fal_duel,Qwen-Image-duel
3,10,4,3,round003_pair010_i4_A.png,round003_pair010_j3_B.png,88.0,70.0,0,0.9,0.861967921257019,0.7224685549736023,0.13949936628341675,0,1,18.0,1.0,1.0,gpt_4_1_mini,qwen_image_fal_duel,Qwen-Image-duel
4,1,4,2,round004_pair001_i4_A.png,round004_pair001_j2_B.png,88.0,70.0,0,0.85,0.7876232862472534,0.8405349254608154,-0.05291163921356201,1,0,18.0,1.0,-1.0,gpt_4_1_mini,qwen_image_fal_duel,Qwen-Image-duel
4,2,3,0,round004_pair002_i3_A.png,round004_pair002_j0_B.png,84.0,70.0,0,0.85,0.6694996356964111,0.5629973411560059,0.10650229454040527,0,1,14.0,1.0,1.0,gpt_4_1_mini,qwen_image_fal_duel,Qwen-Image-duel
4,3,1,5,round004_pair003_i1_A.png,round004_pair003_j5_B.png,75.0,90.0,1,0.85,0.8057696223258972,0.8638269901275635,-0.05805736780166626,1,1,-15.0,-1.0,-1.0,gpt_4_1_mini,qwen_image_fal_duel,Qwen-Image-duel
4,4,4,1,round004_pair004_i4_A.png,round004_pair004_j1_B.png,70.0,90.0,1,0.85,0.6664365530014038,0.8485513925552368,-0.182114839553833,1,1,-20.0,-1.0,-1.0,gpt_4_1_mini,qwen_image_fal_duel,Qwen-Image-duel
4,5,4,0,round004_pair005_i4_A.png,round004_pair005_j0_B.png,75.0,95.0,1,0.9,0.5468084216117859,0.8492623567581177,-0.3024539351463318,1,1,-20.0,-1.0,-1.0,gpt_4_1_mini,qwen_image_fal_duel,Qwen-Image-duel
4,6,4,1,round004_pair006_i4_A.png,round004_pair006_j1_B.png,55.0,92.0,1,0.9,0.6513977646827698,0.860695481300354,-0.20929771661758423,1,1,-37.0,-1.0,-1.0,gpt_4_1_mini,qwen_image_fal_duel,Qwen-Image-duel
4,7,4,5,round004_pair007_i4_A.png,round004_pair007_j5_B.png,65.0,90.0,1,0.85,0.7450563907623291,0.8269954919815063,-0.08193910121917725,1,1,-25.0,-1.0,-1.0,gpt_4_1_mini,qwen_image_fal_duel,Qwen-Image-duel
4,8,4,3,round004_pair008_i4_A.png,round004_pair008_j3_B.png,60.0,90.0,1,0.9,0.6949751377105713,0.8051111698150635,-0.11013603210449219,1,1,-30.0,-1.0,-1.0,gpt_4_1_mini,qwen_image_fal_duel,Qwen-Image-duel
4,9,4,0,round004_pair009_i4_A.png,round004_pair009_j0_B.png,70.0,90.0,1,0.85,0.7244919538497925,0.8410671353340149,-0.11657518148422241,1,1,-20.0,-1.0,-1.0,gpt_4_1_mini,qwen_image_fal_duel,Qwen-Image-duel
4,10,4,1,round004_pair010_i4_A.png,round004_pair010_j1_B.png,70.0,90.0,1,0.85,0.8236347436904907,0.8582980036735535,-0.034663259983062744,1,1,-20.0,-1.0,-1.0,gpt_4_1_mini,qwen_image_fal_duel,Qwen-Image-duel
5,1,4,1,round005_pair001_i4_A.png,round005_pair001_j1_B.png,85.0,60.0,0,0.8,0.7504222393035889,0.7545496821403503,-0.004127442836761475,1,0,25.0,1.0,-1.0,gpt_4_1_mini,qwen_image_fal_duel,Qwen-Image-duel
5,2,0,3,round005_pair002_i0_A.png,round005_pair002_j3_B.png,65.0,85.0,1,0.85,0.6789672374725342,0.7618837356567383,-0.0829164981842041,1,1,-20.0,-1.0,-1.0,gpt_4_1_mini,qwen_image_fal_duel,Qwen-Image-duel
5,3,2,5,round005_pair003_i2_A.png,round005_pair003_j5_B.png,60.0,90.0,1,0.95,0.8276618719100952,0.8951355218887329,-0.0674736499786377,1,1,-30.0,-1.0,-1.0,gpt_4_1_mini,qwen_image_fal_duel,Qwen-Image-duel
5,4,4,2,round005_pair004_i4_A.png,round005_pair004_j2_B.png,90.0,65.0,0,0.85,0.8398611545562744,0.6627237200737,0.17713743448257446,0,1,25.0,1.0,1.0,gpt_4_1_mini,qwen_image_fal_duel,Qwen-Image-duel
5,5,4,2,round005_pair005_i4_A.png,round005_pair005_j2_B.png,75.0,90.0,1,0.9,0.7116653919219971,0.730392575263977,-0.01872718334197998,1,1,-15.0,-1.0,-1.0,gpt_4_1_mini,qwen_image_fal_duel,Qwen-Image-duel
5,6,4,1,round005_pair006_i4_A.png,round005_pair006_j1_B.png,82.0,65.0,0,0.85,0.7428109645843506,0.7697076797485352,-0.02689671516418457,1,0,17.0,1.0,-1.0,gpt_4_1_mini,qwen_image_fal_duel,Qwen-Image-duel
5,7,4,1,round005_pair007_i4_A.png,round005_pair007_j1_B.png,65.0,85.0,1,0.9,0.6772482395172119,0.6592481136322021,0.018000125885009766,0,0,-20.0,-1.0,1.0,gpt_4_1_mini,qwen_image_fal_duel,Qwen-Image-duel
5,8,4,0,round005_pair008_i4_A.png,round005_pair008_j0_B.png,90.0,70.0,0,0.9,0.761590838432312,0.6177504658699036,0.14384037256240845,0,1,20.0,1.0,1.0,gpt_4_1_mini,qwen_image_fal_duel,Qwen-Image-duel
5,9,4,2,round005_pair009_i4_A.png,round005_pair009_j2_B.png,90.0,75.0,0,0.85,0.757110059261322,0.6478708982467651,0.10923916101455688,0,1,15.0,1.0,1.0,gpt_4_1_mini,qwen_image_fal_duel,Qwen-Image-duel
5,10,4,5,round005_pair010_i4_A.png,round005_pair010_j5_B.png,85.0,70.0,0,0.8,0.7227950096130371,0.6750707626342773,0.047724246978759766,0,1,15.0,1.0,1.0,gpt_4_1_mini,qwen_image_fal_duel,Qwen-Image-duel
1,1,3,1,round001_pair001_i3_A.png,round001_pair001_j1_B.png,4.0,8.5,1,0.85,0.602448582649231,0.36713114380836487,0.2353174388408661,0,0,-4.5,-1.0,1.0,gpt_4_1_mini,qwen_image_fal_duel,Qwen-Image-duel
1,2,4,0,round001_pair002_i4_A.png,round001_pair002_j0_B.png,7.0,9.0,1,0.85,0.7822969555854797,0.5893288850784302,0.19296807050704956,0,0,-2.0,-1.0,1.0,gpt_4_1_mini,qwen_image_fal_duel,Qwen-Image-duel
1,3,2,5,round001_pair003_i2_A.png,round001_pair003_j5_B.png,6.0,8.0,1,0.85,0.7210270166397095,0.7284567356109619,-0.007429718971252441,1,1,-2.0,-1.0,-1.0,gpt_4_1_mini,qwen_image_fal_duel,Qwen-Image-duel
1,4,3,2,round001_pair004_i3_A.png,round001_pair004_j2_B.png,5.0,8.0,1,0.8,0.8359960913658142,0.8270369172096252,0.008959174156188965,0,0,-3.0,-1.0,1.0,gpt_4_1_mini,qwen_image_fal_duel,Qwen-Image-duel
1,5,3,0,round001_pair005_i3_A.png,round001_pair005_j0_B.png,6.0,8.0,1,0.85,0.7717294692993164,0.7300723195075989,0.04165714979171753,0,0,-2.0,-1.0,1.0,gpt_4_1_mini,qwen_image_fal_duel,Qwen-Image-duel
1,6,3,4,round001_pair006_i3_A.png,round001_pair006_j4_B.png,6.0,8.0,1,0.75,0.8829861879348755,0.8161563873291016,0.06682980060577393,0,0,-2.0,-1.0,1.0,gpt_4_1_mini,qwen_image_fal_duel,Qwen-Image-duel
1,7,3,1,round001_pair007_i3_A.png,round001_pair007_j1_B.png,6.0,9.0,1,0.85,0.8541016578674316,0.6814007759094238,0.1727008819580078,0,0,-3.0,-1.0,1.0,gpt_4_1_mini,qwen_image_fal_duel,Qwen-Image-duel
1,8,3,5,round001_pair008_i3_A.png,round001_pair008_j5_B.png,5.0,8.0,1,0.9,0.8144221305847168,0.8097885847091675,0.004633545875549316,0,0,-3.0,-1.0,1.0,gpt_4_1_mini,qwen_image_fal_duel,Qwen-Image-duel
1,9,3,2,round001_pair009_i3_A.png,round001_pair009_j2_B.png,9.0,6.0,0,0.85,0.8206382989883423,0.7500682473182678,0.07057005167007446,0,1,3.0,1.0,1.0,gpt_4_1_mini,qwen_image_fal_duel,Qwen-Image-duel
1,10,3,4,round001_pair010_i3_A.png,round001_pair010_j4_B.png,8.0,5.0,0,0.85,0.8201080560684204,0.7893189191818237,0.03078913688659668,0,1,3.0,1.0,1.0,gpt_4_1_mini,qwen_image_fal_duel,Qwen-Image-duel
2,1,4,0,round002_pair001_i4_A.png,round002_pair001_j0_B.png,8.0,5.0,0,0.8,0.6340212821960449,0.6191072463989258,0.01491403579711914,0,1,3.0,1.0,1.0,gpt_4_1_mini,qwen_image_fal_duel,Qwen-Image-duel
2,2,3,1,round002_pair002_i3_A.png,round002_pair002_j1_B.png,8.5,6.5,0,0.8,0.6694867610931396,0.7337831258773804,-0.06429636478424072,1,0,2.0,1.0,-1.0,gpt_4_1_mini,qwen_image_fal_duel,Qwen-Image-duel
2,3,2,5,round002_pair003_i2_A.png,round002_pair003_j5_B.png,6.0,9.0,1,0.9,0.7185126543045044,0.6193654537200928,0.09914720058441162,0,0,-3.0,-1.0,1.0,gpt_4_1_mini,qwen_image_fal_duel,Qwen-Image-duel
2,4,4,0,round002_pair004_i4_A.png,round002_pair004_j0_B.png,8.0,6.0,0,0.8,0.6902697086334229,0.6092623472213745,0.08100736141204834,0,1,2.0,1.0,1.0,gpt_4_1_mini,qwen_image_fal_duel,Qwen-Image-duel
2,5,4,1,round002_pair005_i4_A.png,round002_pair005_j1_B.png,6.0,8.0,1,0.85,0.5843446254730225,0.7087703943252563,-0.12442576885223389,1,1,-2.0,-1.0,-1.0,gpt_4_1_mini,qwen_image_fal_duel,Qwen-Image-duel
2,6,4,2,round002_pair006_i4_A.png,round002_pair006_j2_B.png,6.0,9.0,1,0.9,0.695831835269928,0.7123092412948608,-0.01647740602493286,1,1,-3.0,-1.0,-1.0,gpt_4_1_mini,qwen_image_fal_duel,Qwen-Image-duel
2,7,4,3,round002_pair007_i4_A.png,round002_pair007_j3_B.png,8.0,6.0,0,0.85,0.7886857390403748,0.5933995842933655,0.19528615474700928,0,1,2.0,1.0,1.0,gpt_4_1_mini,qwen_image_fal_duel,Qwen-Image-duel
2,8,4,5,round002_pair008_i4_A.png,round002_pair008_j5_B.png,6.0,9.0,1,0.9,0.5873627662658691,0.883467435836792,-0.29610466957092285,1,1,-3.0,-1.0,-1.0,gpt_4_1_mini,qwen_image_fal_duel,Qwen-Image-duel
2,9,4,3,round002_pair009_i4_A.png,round002_pair009_j3_B.png,6.0,9.0,1,0.85,0.7217404246330261,0.8144134283065796,-0.09267300367355347,1,1,-3.0,-1.0,-1.0,gpt_4_1_mini,qwen_image_fal_duel,Qwen-Image-duel
2,10,4,3,round002_pair010_i4_A.png,round002_pair010_j3_B.png,6.0,8.0,1,0.85,0.8164897561073303,0.6528886556625366,0.1636011004447937,0,0,-2.0,-1.0,1.0,gpt_4_1_mini,qwen_image_fal_duel,Qwen-Image-duel
3,1,4,0,round003_pair001_i4_A.png,round003_pair001_j0_B.png,6.0,9.0,1,0.9,0.8914526104927063,0.7100361585617065,0.18141645193099976,0,0,-3.0,-1.0,1.0,gpt_4_1_mini,qwen_image_fal_duel,Qwen-Image-duel
3,2,5,2,round003_pair002_i5_A.png,round003_pair002_j2_B.png,8.5,4.0,0,0.9,0.6800863742828369,0.7430126667022705,-0.0629262924194336,1,0,4.5,1.0,-1.0,gpt_4_1_mini,qwen_image_fal_duel,Qwen-Image-duel
3,3,3,1,round003_pair003_i3_A.png,round003_pair003_j1_B.png,6.0,8.0,1,0.8,0.7601248621940613,0.6819591522216797,0.07816570997238159,0,0,-2.0,-1.0,1.0,gpt_4_1_mini,qwen_image_fal_duel,Qwen-Image-duel
3,4,4,1,round003_pair004_i4_A.png,round003_pair004_j1_B.png,9.0,5.0,0,0.9,0.7801230549812317,0.7471294403076172,0.0329936146736145,0,1,4.0,1.0,1.0,gpt_4_1_mini,qwen_image_fal_duel,Qwen-Image-duel
3,5,4,0,round003_pair005_i4_A.png,round003_pair005_j0_B.png,6.0,9.0,1,0.9,0.7745419144630432,0.8102224469184875,-0.035680532455444336,1,1,-3.0,-1.0,-1.0,gpt_4_1_mini,qwen_image_fal_duel,Qwen-Image-duel
3,6,4,0,round003_pair006_i4_A.png,round003_pair006_j0_B.png,6.0,9.0,1,0.9,0.8319628238677979,0.8333184123039246,-0.001355588436126709,1,1,-3.0,-1.0,-1.0,gpt_4_1_mini,qwen_image_fal_duel,Qwen-Image-duel
3,7,4,1,round003_pair007_i4_A.png,round003_pair007_j1_B.png,9.0,6.0,0,0.9,0.8813340067863464,0.8338955640792847,0.04743844270706177,0,1,3.0,1.0,1.0,gpt_4_1_mini,qwen_image_fal_duel,Qwen-Image-duel
3,8,4,5,round003_pair008_i4_A.png,round003_pair008_j5_B.png,8.0,6.0,0,0.85,0.8182365894317627,0.8839911818504333,-0.06575459241867065,1,0,2.0,1.0,-1.0,gpt_4_1_mini,qwen_image_fal_duel,Qwen-Image-duel
3,9,4,5,round003_pair009_i4_A.png,round003_pair009_j5_B.png,8.5,6.5,0,0.8,0.8663243055343628,0.5965147614479065,0.2698095440864563,0,1,2.0,1.0,1.0,gpt_4_1_mini,qwen_image_fal_duel,Qwen-Image-duel
3,10,4,3,round003_pair010_i4_A.png,round003_pair010_j3_B.png,5.0,9.0,1,0.9,0.8403105735778809,0.7401707768440247,0.1001397967338562,0,0,-4.0,-1.0,1.0,gpt_4_1_mini,qwen_image_fal_duel,Qwen-Image-duel
4,1,4,2,round004_pair001_i4_A.png,round004_pair001_j2_B.png,7.0,5.0,0,0.85,0.8204435110092163,0.8105518817901611,0.009891629219055176,0,1,2.0,1.0,1.0,gpt_4_1_mini,qwen_image_fal_duel,Qwen-Image-duel
4,2,3,0,round004_pair002_i3_A.png,round004_pair002_j0_B.png,6.0,9.0,1,0.9,0.7248446941375732,0.6079634428024292,0.11688125133514404,0,0,-3.0,-1.0,1.0,gpt_4_1_mini,qwen_image_fal_duel,Qwen-Image-duel
4,3,1,5,round004_pair003_i1_A.png,round004_pair003_j5_B.png,9.0,7.0,0,0.85,0.7835705280303955,0.8569605350494385,-0.07339000701904297,1,0,2.0,1.0,-1.0,gpt_4_1_mini,qwen_image_fal_duel,Qwen-Image-duel
4,4,4,1,round004_pair004_i4_A.png,round004_pair004_j1_B.png,7.0,9.0,1,0.85,0.7099087834358215,0.8128432035446167,-0.10293442010879517,1,1,-2.0,-1.0,-1.0,gpt_4_1_mini,qwen_image_fal_duel,Qwen-Image-duel
4,5,4,0,round004_pair005_i4_A.png,round004_pair005_j0_B.png,6.0,9.0,1,0.92,0.5632511377334595,0.8403626084327698,-0.2771114706993103,1,1,-3.0,-1.0,-1.0,gpt_4_1_mini,qwen_image_fal_duel,Qwen-Image-duel
4,6,4,1,round004_pair006_i4_A.png,round004_pair006_j1_B.png,8.5,6.0,0,0.9,0.6582478880882263,0.8438150882720947,-0.1855672001838684,1,0,2.5,1.0,-1.0,gpt_4_1_mini,qwen_image_fal_duel,Qwen-Image-duel
4,7,4,5,round004_pair007_i4_A.png,round004_pair007_j5_B.png,7.0,9.0,1,0.85,0.7809478640556335,0.8218262195587158,-0.040878355503082275,1,1,-2.0,-1.0,-1.0,gpt_4_1_mini,qwen_image_fal_duel,Qwen-Image-duel
4,8,4,3,round004_pair008_i4_A.png,round004_pair008_j3_B.png,8.0,5.0,0,0.9,0.6260055303573608,0.8400309085845947,-0.2140253782272339,1,0,3.0,1.0,-1.0,gpt_4_1_mini,qwen_image_fal_duel,Qwen-Image-duel
4,9,4,0,round004_pair009_i4_A.png,round004_pair009_j0_B.png,8.0,5.0,0,0.8,0.7067626714706421,0.864038348197937,-0.15727567672729492,1,0,3.0,1.0,-1.0,gpt_4_1_mini,qwen_image_fal_duel,Qwen-Image-duel
4,10,4,1,round004_pair010_i4_A.png,round004_pair010_j1_B.png,8.0,5.0,0,0.9,0.835263729095459,0.799801766872406,0.03546196222305298,0,1,3.0,1.0,1.0,gpt_4_1_mini,qwen_image_fal_duel,Qwen-Image-duel
5,1,4,1,round005_pair001_i4_A.png,round005_pair001_j1_B.png,8.0,5.0,0,0.85,0.7356131076812744,0.7734131813049316,-0.03780007362365723,1,0,3.0,1.0,-1.0,gpt_4_1_mini,qwen_image_fal_duel,Qwen-Image-duel
5,2,0,3,round005_pair002_i0_A.png,round005_pair002_j3_B.png,9.0,6.0,0,0.85,0.7228059768676758,0.8166534304618835,-0.09384745359420776,1,0,3.0,1.0,-1.0,gpt_4_1_mini,qwen_image_fal_duel,Qwen-Image-duel
5,3,2,5,round005_pair003_i2_A.png,round005_pair003_j5_B.png,8.7,6.0,0,0.85,0.8056238889694214,0.8860843181610107,-0.08046042919158936,1,0,2.6999999999999993,1.0,-1.0,gpt_4_1_mini,qwen_image_fal_duel,Qwen-Image-duel
5,4,4,2,round005_pair004_i4_A.png,round005_pair004_j2_B.png,8.5,6.5,0,0.9,0.8312239646911621,0.7264732718467712,0.10475069284439087,0,1,2.0,1.0,1.0,gpt_4_1_mini,qwen_image_fal_duel,Qwen-Image-duel
5,5,4,2,round005_pair005_i4_A.png,round005_pair005_j2_B.png,8.5,6.5,0,0.85,0.6429093480110168,0.7362973690032959,-0.09338802099227905,1,0,2.0,1.0,-1.0,gpt_4_1_mini,qwen_image_fal_duel,Qwen-Image-duel
5,6,4,1,round005_pair006_i4_A.png,round005_pair006_j1_B.png,9.0,6.0,0,0.9,0.7910116910934448,0.6971476078033447,0.0938640832901001,0,1,3.0,1.0,1.0,gpt_4_1_mini,qwen_image_fal_duel,Qwen-Image-duel
5,7,4,1,round005_pair007_i4_A.png,round005_pair007_j1_B.png,7.0,8.0,1,0.8,0.6841219663619995,0.7004533410072327,-0.016331374645233154,1,1,-1.0,-1.0,-1.0,gpt_4_1_mini,qwen_image_fal_duel,Qwen-Image-duel
5,8,4,0,round005_pair008_i4_A.png,round005_pair008_j0_B.png,9.0,7.0,0,0.85,0.7844048142433167,0.6179969310760498,0.16640788316726685,0,1,2.0,1.0,1.0,gpt_4_1_mini,qwen_image_fal_duel,Qwen-Image-duel
5,9,4,2,round005_pair009_i4_A.png,round005_pair009_j2_B.png,7.0,9.0,1,0.85,0.8191725611686707,0.6810729503631592,0.13809961080551147,0,0,-2.0,-1.0,1.0,gpt_4_1_mini,qwen_image_fal_duel,Qwen-Image-duel
5,10,4,5,round005_pair010_i4_A.png,round005_pair010_j5_B.png,8.5,7.5,0,0.8,0.753747284412384,0.6638548374176025,0.0898924469947815,0,1,1.0,1.0,1.0,gpt_4_1_mini,qwen_image_fal_duel,Qwen-Image-duel
1,1,3,1,round001_pair001_i3_A.png,round001_pair001_j1_B.png,9.0,6.5,0,0.82,0.8267987966537476,0.7103787660598755,0.11642003059387207,0,1,2.5,1.0,1.0,gpt_5_nano,flux1_fal_duel,Flux1-duel
1,2,4,0,round001_pair002_i4_A.png,round001_pair002_j0_B.png,8.7,6.9,0,0.78,0.7498753666877747,0.8021668195724487,-0.05229145288467407,1,0,1.799999999999999,1.0,-1.0,gpt_5_nano,flux1_fal_duel,Flux1-duel
1,3,2,5,round001_pair003_i2_A.png,round001_pair003_j5_B.png,8.5,5.0,0,0.72,0.7639263272285461,0.5453250408172607,0.2186012864112854,0,1,3.5,1.0,1.0,gpt_5_nano,flux1_fal_duel,Flux1-duel
1,4,3,2,round001_pair004_i3_A.png,round001_pair004_j2_B.png,8.5,6.0,0,0.72,0.7937612533569336,0.7789615988731384,0.014799654483795166,0,1,2.5,1.0,1.0,gpt_5_nano,flux1_fal_duel,Flux1-duel
2,1,4,0,round002_pair001_i4_A.png,round002_pair001_j0_B.png,8.9,6.1,0,0.74,0.8272192478179932,0.7450186014175415,0.08220064640045166,0,1,2.8000000000000007,1.0,1.0,gpt_5_nano,flux1_fal_duel,Flux1-duel
2,2,3,1,round002_pair002_i3_A.png,round002_pair002_j1_B.png,9.0,6.5,0,0.84,0.7732803821563721,0.7343409061431885,0.038939476013183594,0,1,2.5,1.0,1.0,gpt_5_nano,flux1_fal_duel,Flux1-duel
2,3,2,5,round002_pair003_i2_A.png,round002_pair003_j5_B.png,4.0,9.0,1,0.72,0.8368735313415527,0.7232930660247803,0.11358046531677246,0,0,-5.0,-1.0,1.0,gpt_5_nano,flux1_fal_duel,Flux1-duel
2,4,4,0,round002_pair004_i4_A.png,round002_pair004_j0_B.png,9.0,6.0,0,0.86,0.7702820301055908,0.8058236837387085,-0.035541653633117676,1,0,3.0,1.0,-1.0,gpt_5_nano,flux1_fal_duel,Flux1-duel
3,1,4,0,round003_pair001_i4_A.png,round003_pair001_j0_B.png,6.2,8.8,1,0.78,0.7445130944252014,0.7965024709701538,-0.05198937654495239,1,1,-2.6000000000000005,-1.0,-1.0,gpt_5_nano,flux1_fal_duel,Flux1-duel
3,2,5,2,round003_pair002_i5_A.png,round003_pair002_j2_B.png,5.5,8.5,1,0.78,0.7981075644493103,0.8268514275550842,-0.028743863105773926,1,1,-3.0,-1.0,-1.0,gpt_5_nano,flux1_fal_duel,Flux1-duel
3,3,3,1,round003_pair003_i3_A.png,round003_pair003_j1_B.png,9.0,6.0,0,0.72,0.7948853969573975,0.6378856301307678,0.15699976682662964,0,1,3.0,1.0,1.0,gpt_5_nano,flux1_fal_duel,Flux1-duel
3,4,4,1,round003_pair004_i4_A.png,round003_pair004_j1_B.png,9.0,3.2,0,0.86,0.6793129444122314,0.8656705617904663,-0.18635761737823486,1,0,5.8,1.0,-1.0,gpt_5_nano,flux1_fal_duel,Flux1-duel
4,1,4,2,round004_pair001_i4_A.png,round004_pair001_j2_B.png,9.0,6.0,0,0.78,0.793331503868103,0.849948525428772,-0.056617021560668945,1,0,3.0,1.0,-1.0,gpt_5_nano,flux1_fal_duel,Flux1-duel
4,2,3,0,round004_pair002_i3_A.png,round004_pair002_j0_B.png,8.0,6.0,0,0.75,0.81467205286026,0.8263760805130005,-0.011704027652740479,1,0,2.0,1.0,-1.0,gpt_5_nano,flux1_fal_duel,Flux1-duel
4,3,1,5,round004_pair003_i1_A.png,round004_pair003_j5_B.png,7.0,5.0,0,0.66,0.80669105052948,0.8280622959136963,-0.02137124538421631,1,0,2.0,1.0,-1.0,gpt_5_nano,flux1_fal_duel,Flux1-duel
4,4,4,1,round004_pair004_i4_A.png,round004_pair004_j1_B.png,6.0,9.0,1,0.8,0.797031044960022,0.7962217330932617,0.0008093118667602539,0,0,-3.0,-1.0,1.0,gpt_5_nano,flux1_fal_duel,Flux1-duel
5,1,4,1,round005_pair001_i4_A.png,round005_pair001_j1_B.png,6.0,9.0,1,0.75,0.7649520039558411,0.757857084274292,0.007094919681549072,0,0,-3.0,-1.0,1.0,gpt_5_nano,flux1_fal_duel,Flux1-duel
5,2,0,3,round005_pair002_i0_A.png,round005_pair002_j3_B.png,6.0,8.0,1,0.72,0.7838691473007202,0.7258350849151611,0.05803406238555908,0,0,-2.0,-1.0,1.0,gpt_5_nano,flux1_fal_duel,Flux1-duel
5,3,2,5,round005_pair003_i2_A.png,round005_pair003_j5_B.png,8.5,6.2,0,0.78,0.8221371173858643,0.7698373198509216,0.05229979753494263,0,1,2.3,1.0,1.0,gpt_5_nano,flux1_fal_duel,Flux1-duel
5,4,4,2,round005_pair004_i4_A.png,round005_pair004_j2_B.png,8.5,6.5,0,0.72,0.6864277124404907,0.7622983455657959,-0.07587063312530518,1,0,2.0,1.0,-1.0,gpt_5_nano,flux1_fal_duel,Flux1-duel
1,1,3,1,round001_pair001_i3_A.png,round001_pair001_j1_B.png,8.9,6.2,0,0.76,0.8267987966537476,0.7103787660598755,0.11642003059387207,0,1,2.7,1.0,1.0,gpt_5_nano,flux1_fal_duel,Flux1-duel
1,2,4,0,round001_pair002_i4_A.png,round001_pair002_j0_B.png,6.0,9.0,1,0.72,0.7498753666877747,0.8021668195724487,-0.05229145288467407,1,1,-3.0,-1.0,-1.0,gpt_5_nano,flux1_fal_duel,Flux1-duel
1,3,2,5,round001_pair003_i2_A.png,round001_pair003_j5_B.png,4.0,8.0,1,0.75,0.7639263272285461,0.5453250408172607,0.2186012864112854,0,0,-4.0,-1.0,1.0,gpt_5_nano,flux1_fal_duel,Flux1-duel
1,4,3,2,round001_pair004_i3_A.png,round001_pair004_j2_B.png,6.0,8.0,1,0.72,0.7937612533569336,0.7789615988731384,0.014799654483795166,0,0,-2.0,-1.0,1.0,gpt_5_nano,flux1_fal_duel,Flux1-duel
1,5,3,0,round001_pair005_i3_A.png,round001_pair005_j0_B.png,5.0,8.0,1,0.72,0.8157218098640442,0.7737171649932861,0.04200464487075806,0,0,-3.0,-1.0,1.0,gpt_5_nano,flux1_fal_duel,Flux1-duel
1,6,3,4,round001_pair006_i3_A.png,round001_pair006_j4_B.png,6.0,8.0,1,0.72,0.7807891368865967,0.8319250345230103,-0.051135897636413574,1,1,-2.0,-1.0,-1.0,gpt_5_nano,flux1_fal_duel,Flux1-duel
1,7,3,1,round001_pair007_i3_A.png,round001_pair007_j1_B.png,5.5,9.3,1,0.82,0.7967555522918701,0.7870385646820068,0.009716987609863281,0,0,-3.8000000000000007,-1.0,1.0,gpt_5_nano,flux1_fal_duel,Flux1-duel
1,8,3,5,round001_pair008_i3_A.png,round001_pair008_j5_B.png,4.0,9.0,1,0.86,0.851202130317688,0.5910297632217407,0.26017236709594727,0,0,-5.0,-1.0,1.0,gpt_5_nano,flux1_fal_duel,Flux1-duel
1,9,3,2,round001_pair009_i3_A.png,round001_pair009_j2_B.png,6.0,9.0,1,0.62,0.7780367136001587,0.818121612071991,-0.040084898471832275,1,1,-3.0,-1.0,-1.0,gpt_5_nano,flux1_fal_duel,Flux1-duel
1,10,3,4,round001_pair010_i3_A.png,round001_pair010_j4_B.png,8.5,6.3,0,0.74,0.8085083961486816,0.83934485912323,-0.03083646297454834,1,0,2.2,1.0,-1.0,gpt_5_nano,flux1_fal_duel,Flux1-duel
2,1,4,0,round002_pair001_i4_A.png,round002_pair001_j0_B.png,6.5,8.5,1,0.74,0.8272192478179932,0.7450186014175415,0.08220064640045166,0,0,-2.0,-1.0,1.0,gpt_5_nano,flux1_fal_duel,Flux1-duel
2,2,3,1,round002_pair002_i3_A.png,round002_pair002_j1_B.png,6.0,9.0,1,0.78,0.7732803821563721,0.7343409061431885,0.038939476013183594,0,0,-3.0,-1.0,1.0,gpt_5_nano,flux1_fal_duel,Flux1-duel
2,3,2,5,round002_pair003_i2_A.png,round002_pair003_j5_B.png,6.0,8.0,1,0.74,0.8368735313415527,0.7232930660247803,0.11358046531677246,0,0,-2.0,-1.0,1.0,gpt_5_nano,flux1_fal_duel,Flux1-duel
2,4,4,0,round002_pair004_i4_A.png,round002_pair004_j0_B.png,3.0,9.0,1,0.78,0.7702820301055908,0.8058236837387085,-0.035541653633117676,1,1,-6.0,-1.0,-1.0,gpt_5_nano,flux1_fal_duel,Flux1-duel
2,5,4,1,round002_pair005_i4_A.png,round002_pair005_j1_B.png,6.0,9.0,1,0.78,0.7810224890708923,0.7903780937194824,-0.009355604648590088,1,1,-3.0,-1.0,-1.0,gpt_5_nano,flux1_fal_duel,Flux1-duel
2,6,4,2,round002_pair006_i4_A.png,round002_pair006_j2_B.png,6.0,9.0,1,0.72,0.7232991456985474,0.7650095820426941,-0.04171043634414673,1,1,-3.0,-1.0,-1.0,gpt_5_nano,flux1_fal_duel,Flux1-duel
2,7,4,3,round002_pair007_i4_A.png,round002_pair007_j3_B.png,8.0,5.0,0,0.78,0.6765148639678955,0.812829852104187,-0.1363149881362915,1,0,3.0,1.0,-1.0,gpt_5_nano,flux1_fal_duel,Flux1-duel
2,8,4,5,round002_pair008_i4_A.png,round002_pair008_j5_B.png,8.5,7.0,0,0.62,0.7667584419250488,0.7259222269058228,0.040836215019226074,0,1,1.5,1.0,1.0,gpt_5_nano,flux1_fal_duel,Flux1-duel
2,9,4,3,round002_pair009_i4_A.png,round002_pair009_j3_B.png,6.5,8.0,1,0.72,0.804479718208313,0.7842696309089661,0.020210087299346924,0,0,-1.5,-1.0,1.0,gpt_5_nano,flux1_fal_duel,Flux1-duel
2,10,4,3,round002_pair010_i4_A.png,round002_pair010_j3_B.png,8.4,5.6,0,0.72,0.685795783996582,0.7687777876853943,-0.08298200368881226,1,0,2.8000000000000007,1.0,-1.0,gpt_5_nano,flux1_fal_duel,Flux1-duel
3,1,4,0,round003_pair001_i4_A.png,round003_pair001_j0_B.png,6.5,8.5,1,0.65,0.7445130944252014,0.7965024709701538,-0.05198937654495239,1,1,-2.0,-1.0,-1.0,gpt_5_nano,flux1_fal_duel,Flux1-duel
3,2,5,2,round003_pair002_i5_A.png,round003_pair002_j2_B.png,7.0,5.0,0,0.62,0.7981075644493103,0.8268514275550842,-0.028743863105773926,1,0,2.0,1.0,-1.0,gpt_5_nano,flux1_fal_duel,Flux1-duel
3,3,3,1,round003_pair003_i3_A.png,round003_pair003_j1_B.png,8.0,6.0,0,0.66,0.7948853969573975,0.6378856301307678,0.15699976682662964,0,1,2.0,1.0,1.0,gpt_5_nano,flux1_fal_duel,Flux1-duel
3,4,4,1,round003_pair004_i4_A.png,round003_pair004_j1_B.png,6.0,8.0,1,0.72,0.6793129444122314,0.8656705617904663,-0.18635761737823486,1,1,-2.0,-1.0,-1.0,gpt_5_nano,flux1_fal_duel,Flux1-duel
3,5,4,0,round003_pair005_i4_A.png,round003_pair005_j0_B.png,5.0,8.0,1,0.75,0.6281692981719971,0.774711012840271,-0.14654171466827393,1,1,-3.0,-1.0,-1.0,gpt_5_nano,flux1_fal_duel,Flux1-duel
3,6,4,0,round003_pair006_i4_A.png,round003_pair006_j0_B.png,6.0,8.0,1,0.7,0.7367315292358398,0.7905930280685425,-0.05386149883270264,1,1,-2.0,-1.0,-1.0,gpt_5_nano,flux1_fal_duel,Flux1-duel
3,7,4,1,round003_pair007_i4_A.png,round003_pair007_j1_B.png,6.5,8.2,1,0.72,0.7258192300796509,0.8024125099182129,-0.07659327983856201,1,1,-1.6999999999999993,-1.0,-1.0,gpt_5_nano,flux1_fal_duel,Flux1-duel
3,8,4,5,round003_pair008_i4_A.png,round003_pair008_j5_B.png,6.5,9.0,1,0.74,0.7142450213432312,0.763022780418396,-0.048777759075164795,1,1,-2.5,-1.0,-1.0,gpt_5_nano,flux1_fal_duel,Flux1-duel
3,9,4,5,round003_pair009_i4_A.png,round003_pair009_j5_B.png,6.5,8.2,1,0.76,0.7119056582450867,0.7942326068878174,-0.08232694864273071,1,1,-1.6999999999999993,-1.0,-1.0,gpt_5_nano,flux1_fal_duel,Flux1-duel
3,10,4,3,round003_pair010_i4_A.png,round003_pair010_j3_B.png,8.0,6.5,0,0.72,0.7781829833984375,0.768744945526123,0.009438037872314453,0,1,1.5,1.0,1.0,gpt_5_nano,flux1_fal_duel,Flux1-duel
4,1,4,2,round004_pair001_i4_A.png,round004_pair001_j2_B.png,4.0,9.0,1,0.74,0.793331503868103,0.849948525428772,-0.056617021560668945,1,1,-5.0,-1.0,-1.0,gpt_5_nano,flux1_fal_duel,Flux1-duel
4,2,3,0,round004_pair002_i3_A.png,round004_pair002_j0_B.png,7.5,6.5,0,0.65,0.81467205286026,0.8263760805130005,-0.011704027652740479,1,0,1.0,1.0,-1.0,gpt_5_nano,flux1_fal_duel,Flux1-duel
4,3,1,5,round004_pair003_i1_A.png,round004_pair003_j5_B.png,8.5,7.2,0,0.77,0.80669105052948,0.8280622959136963,-0.02137124538421631,1,0,1.2999999999999998,1.0,-1.0,gpt_5_nano,flux1_fal_duel,Flux1-duel
4,4,4,1,round004_pair004_i4_A.png,round004_pair004_j1_B.png,6.0,9.0,1,0.65,0.797031044960022,0.7962217330932617,0.0008093118667602539,0,0,-3.0,-1.0,1.0,gpt_5_nano,flux1_fal_duel,Flux1-duel
4,5,4,0,round004_pair005_i4_A.png,round004_pair005_j0_B.png,6.5,9.0,1,0.92,0.8203294277191162,0.8115118741989136,0.008817553520202637,0,0,-2.5,-1.0,1.0,gpt_5_nano,flux1_fal_duel,Flux1-duel
4,6,4,1,round004_pair006_i4_A.png,round004_pair006_j1_B.png,6.0,8.0,1,0.72,0.7763510942459106,0.8293976783752441,-0.053046584129333496,1,1,-2.0,-1.0,-1.0,gpt_5_nano,flux1_fal_duel,Flux1-duel
4,7,4,5,round004_pair007_i4_A.png,round004_pair007_j5_B.png,6.5,9.0,1,0.78,0.8006815910339355,0.663759708404541,0.13692188262939453,0,0,-2.5,-1.0,1.0,gpt_5_nano,flux1_fal_duel,Flux1-duel
4,8,4,3,round004_pair008_i4_A.png,round004_pair008_j3_B.png,6.0,8.0,1,0.72,0.7555239200592041,0.8520486354827881,-0.09652471542358398,1,1,-2.0,-1.0,-1.0,gpt_5_nano,flux1_fal_duel,Flux1-duel
4,9,4,0,round004_pair009_i4_A.png,round004_pair009_j0_B.png,8.2,6.7,0,0.68,0.7803432941436768,0.8293464779853821,-0.04900318384170532,1,0,1.4999999999999991,1.0,-1.0,gpt_5_nano,flux1_fal_duel,Flux1-duel
4,10,4,1,round004_pair010_i4_A.png,round004_pair010_j1_B.png,6.1,9.0,1,0.76,0.7851234078407288,0.8608899116516113,-0.07576650381088257,1,1,-2.9000000000000004,-1.0,-1.0,gpt_5_nano,flux1_fal_duel,Flux1-duel
5,1,4,1,round005_pair001_i4_A.png,round005_pair001_j1_B.png,6.0,8.5,1,0.78,0.7649520039558411,0.757857084274292,0.007094919681549072,0,0,-2.5,-1.0,1.0,gpt_5_nano,flux1_fal_duel,Flux1-duel
5,2,0,3,round005_pair002_i0_A.png,round005_pair002_j3_B.png,8.5,6.8,0,0.83,0.7838691473007202,0.7258350849151611,0.05803406238555908,0,1,1.7000000000000002,1.0,1.0,gpt_5_nano,flux1_fal_duel,Flux1-duel
5,3,2,5,round005_pair003_i2_A.png,round005_pair003_j5_B.png,9.0,6.5,0,0.78,0.8221371173858643,0.7698373198509216,0.05229979753494263,0,1,2.5,1.0,1.0,gpt_5_nano,flux1_fal_duel,Flux1-duel
5,4,4,2,round005_pair004_i4_A.png,round005_pair004_j2_B.png,6.5,8.5,1,0.69,0.6864277124404907,0.7622983455657959,-0.07587063312530518,1,1,-2.0,-1.0,-1.0,gpt_5_nano,flux1_fal_duel,Flux1-duel
5,5,4,2,round005_pair005_i4_A.png,round005_pair005_j2_B.png,6.0,8.0,1,0.78,0.6983277797698975,0.8183279037475586,-0.12000012397766113,1,1,-2.0,-1.0,-1.0,gpt_5_nano,flux1_fal_duel,Flux1-duel
5,6,4,1,round005_pair006_i4_A.png,round005_pair006_j1_B.png,6.0,9.0,1,0.84,0.6702674627304077,0.8117651343345642,-0.1414976716041565,1,1,-3.0,-1.0,-1.0,gpt_5_nano,flux1_fal_duel,Flux1-duel
5,7,4,1,round005_pair007_i4_A.png,round005_pair007_j1_B.png,6.0,8.0,1,0.72,0.6338801383972168,0.8348373174667358,-0.20095717906951904,1,1,-2.0,-1.0,-1.0,gpt_5_nano,flux1_fal_duel,Flux1-duel
5,8,4,0,round005_pair008_i4_A.png,round005_pair008_j0_B.png,8.5,6.5,0,0.79,0.7129983901977539,0.85355144739151,-0.1405530571937561,1,0,2.0,1.0,-1.0,gpt_5_nano,flux1_fal_duel,Flux1-duel
5,9,4,2,round005_pair009_i4_A.png,round005_pair009_j2_B.png,9.2,6.5,0,0.78,0.7005118727684021,0.7731878161430359,-0.07267594337463379,1,0,2.6999999999999993,1.0,-1.0,gpt_5_nano,flux1_fal_duel,Flux1-duel
5,10,4,5,round005_pair010_i4_A.png,round005_pair010_j5_B.png,6.0,8.0,1,0.72,0.7959518432617188,0.8348461389541626,-0.03889429569244385,1,1,-2.0,-1.0,-1.0,gpt_5_nano,flux1_fal_duel,Flux1-duel
1,1,3,1,round001_pair001_i3_A.png,round001_pair001_j1_B.png,6.0,8.0,1,0.68,0.8331505060195923,0.6826039552688599,0.15054655075073242,0,0,-2.0,-1.0,1.0,gpt_5_nano,flux1_fal_duel,Flux1-duel
1,2,4,0,round001_pair002_i4_A.png,round001_pair002_j0_B.png,7.0,9.0,1,0.78,0.7490956783294678,0.8537249565124512,-0.1046292781829834,1,1,-2.0,-1.0,-1.0,gpt_5_nano,flux1_fal_duel,Flux1-duel
1,3,2,5,round001_pair003_i2_A.png,round001_pair003_j5_B.png,6.0,9.0,1,0.75,0.7655138373374939,0.5757302045822144,0.18978363275527954,0,0,-3.0,-1.0,1.0,gpt_5_nano,flux1_fal_duel,Flux1-duel
1,4,3,2,round001_pair004_i3_A.png,round001_pair004_j2_B.png,6.0,8.0,1,0.66,0.8348875045776367,0.8165627717971802,0.018324732780456543,0,0,-2.0,-1.0,1.0,gpt_5_nano,flux1_fal_duel,Flux1-duel
2,1,4,0,round002_pair001_i4_A.png,round002_pair001_j0_B.png,9.0,6.0,0,0.72,0.8362125158309937,0.8356755971908569,0.0005369186401367188,0,1,3.0,1.0,1.0,gpt_5_nano,flux1_fal_duel,Flux1-duel
2,2,3,1,round002_pair002_i3_A.png,round002_pair002_j1_B.png,8.5,6.0,0,0.74,0.7623477578163147,0.750511884689331,0.011835873126983643,0,1,2.5,1.0,1.0,gpt_5_nano,flux1_fal_duel,Flux1-duel
2,3,2,5,round002_pair003_i2_A.png,round002_pair003_j5_B.png,6.0,9.0,1,0.75,0.8488980531692505,0.6893993616104126,0.1594986915588379,0,0,-3.0,-1.0,1.0,gpt_5_nano,flux1_fal_duel,Flux1-duel
2,4,4,0,round002_pair004_i4_A.png,round002_pair004_j0_B.png,8.0,7.0,0,0.63,0.6848715543746948,0.7524667382240295,-0.06759518384933472,1,0,1.0,1.0,-1.0,gpt_5_nano,flux1_fal_duel,Flux1-duel
1,1,3,1,round001_pair001_i3_A.png,round001_pair001_j1_B.png,9.0,6.0,0,0.82,0.8331505060195923,0.6826039552688599,0.15054655075073242,0,1,3.0,1.0,1.0,gpt_5_nano,flux1_fal_duel,Flux1-duel
1,2,4,0,round001_pair002_i4_A.png,round001_pair002_j0_B.png,6.2,7.4,1,0.66,0.7490956783294678,0.8537249565124512,-0.1046292781829834,1,1,-1.2000000000000002,-1.0,-1.0,gpt_5_nano,flux1_fal_duel,Flux1-duel
1,3,2,5,round001_pair003_i2_A.png,round001_pair003_j5_B.png,8.5,6.8,0,0.76,0.7655138373374939,0.5757302045822144,0.18978363275527954,0,1,1.7000000000000002,1.0,1.0,gpt_5_nano,flux1_fal_duel,Flux1-duel
1,4,3,2,round001_pair004_i3_A.png,round001_pair004_j2_B.png,9.0,7.0,0,0.75,0.8348875045776367,0.8165627717971802,0.018324732780456543,0,1,2.0,1.0,1.0,gpt_5_nano,flux1_fal_duel,Flux1-duel
1,5,3,0,round001_pair005_i3_A.png,round001_pair005_j0_B.png,8.5,6.5,0,0.72,0.8267472386360168,0.8588723540306091,-0.032125115394592285,1,0,2.0,1.0,-1.0,gpt_5_nano,flux1_fal_duel,Flux1-duel
1,6,3,4,round001_pair006_i3_A.png,round001_pair006_j4_B.png,9.0,7.5,0,0.78,0.7890384793281555,0.8294146060943604,-0.040376126766204834,1,0,1.5,1.0,-1.0,gpt_5_nano,flux1_fal_duel,Flux1-duel
1,7,3,1,round001_pair007_i3_A.png,round001_pair007_j1_B.png,5.5,8.0,1,0.72,0.8897740840911865,0.8057039380073547,0.08407014608383179,0,0,-2.5,-1.0,1.0,gpt_5_nano,flux1_fal_duel,Flux1-duel
1,8,3,5,round001_pair008_i3_A.png,round001_pair008_j5_B.png,8.0,6.0,0,0.78,0.8213510513305664,0.5605153441429138,0.2608357071876526,0,1,2.0,1.0,1.0,gpt_5_nano,flux1_fal_duel,Flux1-duel
1,9,3,2,round001_pair009_i3_A.png,round001_pair009_j2_B.png,8.5,6.8,0,0.76,0.8008841276168823,0.8090106248855591,-0.008126497268676758,1,0,1.7000000000000002,1.0,-1.0,gpt_5_nano,flux1_fal_duel,Flux1-duel
1,10,3,4,round001_pair010_i3_A.png,round001_pair010_j4_B.png,9.0,6.0,0,0.66,0.7839862704277039,0.8007612228393555,-0.01677495241165161,1,0,3.0,1.0,-1.0,gpt_5_nano,flux1_fal_duel,Flux1-duel
1,1,3,1,round001_pair001_i3_A.png,round001_pair001_j1_B.png,90.0,60.0,0,0.72,0.6914052963256836,0.6001156568527222,0.09128963947296143,0,1,30.0,1.0,1.0,gpt_5_nano,gemini_duel,Gemini-duel
1,2,4,0,round001_pair002_i4_A.png,round001_pair002_j0_B.png,88.0,78.0,0,0.68,0.7634944915771484,0.5098556280136108,0.2536388635635376,0,1,10.0,1.0,1.0,gpt_5_nano,gemini_duel,Gemini-duel
1,3,2,5,round001_pair003_i2_A.png,round001_pair003_j5_B.png,66.0,92.0,1,0.85,0.6554991602897644,0.6815370917320251,-0.026037931442260742,1,1,-26.0,-1.0,-1.0,gpt_5_nano,gemini_duel,Gemini-duel
1,4,3,2,round001_pair004_i3_A.png,round001_pair004_j2_B.png,86.0,63.0,0,0.76,0.5967926979064941,0.6176545023918152,-0.020861804485321045,1,0,23.0,1.0,-1.0,gpt_5_nano,gemini_duel,Gemini-duel
2,1,4,0,round002_pair001_i4_A.png,round002_pair001_j0_B.png,92.0,70.0,0,0.78,0.7043115496635437,0.6942394971847534,0.010072052478790283,0,1,22.0,1.0,1.0,gpt_5_nano,gemini_duel,Gemini-duel
2,2,3,1,round002_pair002_i3_A.png,round002_pair002_j1_B.png,72.0,86.0,1,0.66,0.6978106498718262,0.6650968790054321,0.03271377086639404,0,0,-14.0,-1.0,1.0,gpt_5_nano,gemini_duel,Gemini-duel
2,3,2,5,round002_pair003_i2_A.png,round002_pair003_j5_B.png,92.0,58.0,0,0.84,0.6215314865112305,0.5802016258239746,0.04132986068725586,0,1,34.0,1.0,1.0,gpt_5_nano,gemini_duel,Gemini-duel
2,4,4,0,round002_pair004_i4_A.png,round002_pair004_j0_B.png,72.0,92.0,1,0.82,0.738488495349884,0.6832565069198608,0.05523198843002319,0,0,-20.0,-1.0,1.0,gpt_5_nano,gemini_duel,Gemini-duel
3,1,4,0,round003_pair001_i4_A.png,round003_pair001_j0_B.png,92.0,68.0,0,0.82,0.6675981283187866,0.6932570338249207,-0.025658905506134033,1,0,24.0,1.0,-1.0,gpt_5_nano,gemini_duel,Gemini-duel
3,2,5,2,round003_pair002_i5_A.png,round003_pair002_j2_B.png,60.0,92.0,1,0.78,0.583023190498352,0.7146031260490417,-0.1315799355506897,1,1,-32.0,-1.0,-1.0,gpt_5_nano,gemini_duel,Gemini-duel
3,3,3,1,round003_pair003_i3_A.png,round003_pair003_j1_B.png,72.0,90.0,1,0.82,0.5759109258651733,0.6527278423309326,-0.07681691646575928,1,1,-18.0,-1.0,-1.0,gpt_5_nano,gemini_duel,Gemini-duel
3,4,4,1,round003_pair004_i4_A.png,round003_pair004_j1_B.png,92.0,60.0,0,0.78,0.7025644779205322,0.6394819617271423,0.06308251619338989,0,1,32.0,1.0,1.0,gpt_5_nano,gemini_duel,Gemini-duel
4,1,4,2,round004_pair001_i4_A.png,round004_pair001_j2_B.png,92.0,60.0,0,0.86,0.5769960880279541,0.49828195571899414,0.07871413230895996,0,1,32.0,1.0,1.0,gpt_5_nano,gemini_duel,Gemini-duel
4,2,3,0,round004_pair002_i3_A.png,round004_pair002_j0_B.png,75.0,92.0,1,0.76,0.7200624346733093,0.6312757134437561,0.08878672122955322,0,0,-17.0,-1.0,1.0,gpt_5_nano,gemini_duel,Gemini-duel
4,3,1,5,round004_pair003_i1_A.png,round004_pair003_j5_B.png,72.0,90.0,1,0.82,0.4646834135055542,0.7660245895385742,-0.30134117603302,1,1,-18.0,-1.0,-1.0,gpt_5_nano,gemini_duel,Gemini-duel
4,4,4,1,round004_pair004_i4_A.png,round004_pair004_j1_B.png,88.0,62.0,0,0.78,0.6221277713775635,0.40745991468429565,0.21466785669326782,0,1,26.0,1.0,1.0,gpt_5_nano,gemini_duel,Gemini-duel
5,1,2,4,round005_pair001_i2_A.png,round005_pair001_j4_B.png,92.0,60.0,0,0.92,0.6306262016296387,0.5568195581436157,0.07380664348602295,0,1,32.0,1.0,1.0,gpt_5_nano,gemini_duel,Gemini-duel
5,2,5,1,round005_pair002_i5_A.png,round005_pair002_j1_B.png,88.0,72.0,0,0.66,0.44192248582839966,0.5494863986968994,-0.10756391286849976,1,0,16.0,1.0,-1.0,gpt_5_nano,gemini_duel,Gemini-duel
5,3,3,0,round005_pair003_i3_A.png,round005_pair003_j0_B.png,92.0,70.0,0,0.87,0.718752920627594,0.6150714159011841,0.10368150472640991,0,1,22.0,1.0,1.0,gpt_5_nano,gemini_duel,Gemini-duel
5,4,2,3,round005_pair004_i2_A.png,round005_pair004_j3_B.png,78.0,54.0,0,0.66,0.6057674884796143,0.7347652912139893,-0.128997802734375,1,0,24.0,1.0,-1.0,gpt_5_nano,gemini_duel,Gemini-duel
1,1,3,1,round001_pair001_i3_A.png,round001_pair001_j1_B.png,0.42,0.88,1,0.73,0.6914052963256836,0.6001156568527222,0.09128963947296143,0,0,-0.46,-1.0,1.0,gpt_5_nano,gemini_duel,Gemini-duel
1,2,4,0,round001_pair002_i4_A.png,round001_pair002_j0_B.png,6.0,9.0,1,0.72,0.7634944915771484,0.5098556280136108,0.2536388635635376,0,0,-3.0,-1.0,1.0,gpt_5_nano,gemini_duel,Gemini-duel
1,3,2,5,round001_pair003_i2_A.png,round001_pair003_j5_B.png,4.0,9.0,1,0.78,0.6554991602897644,0.6815370917320251,-0.026037931442260742,1,1,-5.0,-1.0,-1.0,gpt_5_nano,gemini_duel,Gemini-duel
1,4,3,2,round001_pair004_i3_A.png,round001_pair004_j2_B.png,8.5,6.8,0,0.79,0.5967926979064941,0.6176545023918152,-0.020861804485321045,1,0,1.7000000000000002,1.0,-1.0,gpt_5_nano,gemini_duel,Gemini-duel
1,5,3,0,round001_pair005_i3_A.png,round001_pair005_j0_B.png,9.0,6.0,0,0.82,0.5969895720481873,0.5075273513793945,0.08946222066879272,0,1,3.0,1.0,1.0,gpt_5_nano,gemini_duel,Gemini-duel
1,6,3,4,round001_pair006_i3_A.png,round001_pair006_j4_B.png,9.0,6.0,0,0.78,0.595343291759491,0.7456437945365906,-0.1503005027770996,1,0,3.0,1.0,-1.0,gpt_5_nano,gemini_duel,Gemini-duel
1,7,3,1,round001_pair007_i3_A.png,round001_pair007_j1_B.png,4.0,9.0,1,0.92,0.7553736567497253,0.43482840061187744,0.3205452561378479,0,0,-5.0,-1.0,1.0,gpt_5_nano,gemini_duel,Gemini-duel
1,8,3,5,round001_pair008_i3_A.png,round001_pair008_j5_B.png,9.0,4.0,0,0.77,0.45633989572525024,0.7900125980377197,-0.3336727023124695,1,0,5.0,1.0,-1.0,gpt_5_nano,gemini_duel,Gemini-duel
1,9,3,2,round001_pair009_i3_A.png,round001_pair009_j2_B.png,8.0,4.5,0,0.78,0.6442546248435974,0.6294320225715637,0.014822602272033691,0,1,3.5,1.0,1.0,gpt_5_nano,gemini_duel,Gemini-duel
1,10,3,4,round001_pair010_i3_A.png,round001_pair010_j4_B.png,8.0,6.0,0,0.62,0.7063374519348145,0.6109169721603394,0.0954204797744751,0,1,2.0,1.0,1.0,gpt_5_nano,gemini_duel,Gemini-duel
2,1,4,0,round002_pair001_i4_A.png,round002_pair001_j0_B.png,4.0,9.0,1,0.8,0.7043115496635437,0.6942394971847534,0.010072052478790283,0,0,-5.0,-1.0,1.0,gpt_5_nano,gemini_duel,Gemini-duel
2,2,3,1,round002_pair002_i3_A.png,round002_pair002_j1_B.png,6.0,9.0,1,0.88,0.6978106498718262,0.6650968790054321,0.03271377086639404,0,0,-3.0,-1.0,1.0,gpt_5_nano,gemini_duel,Gemini-duel
2,3,2,5,round002_pair003_i2_A.png,round002_pair003_j5_B.png,9.5,5.5,0,0.82,0.6215314865112305,0.5802016258239746,0.04132986068725586,0,1,4.0,1.0,1.0,gpt_5_nano,gemini_duel,Gemini-duel
2,4,4,0,round002_pair004_i4_A.png,round002_pair004_j0_B.png,7.0,9.0,1,0.82,0.738488495349884,0.6832565069198608,0.05523198843002319,0,0,-2.0,-1.0,1.0,gpt_5_nano,gemini_duel,Gemini-duel
2,5,4,1,round002_pair005_i4_A.png,round002_pair005_j1_B.png,9.0,4.0,0,0.78,0.6445220112800598,0.6982148289680481,-0.05369281768798828,1,0,5.0,1.0,-1.0,gpt_5_nano,gemini_duel,Gemini-duel
2,6,4,2,round002_pair006_i4_A.png,round002_pair006_j2_B.png,9.0,5.0,0,0.72,0.6389715075492859,0.6593093872070312,-0.02033787965774536,1,0,4.0,1.0,-1.0,gpt_5_nano,gemini_duel,Gemini-duel
2,7,4,3,round002_pair007_i4_A.png,round002_pair007_j3_B.png,9.0,6.0,0,0.78,0.7276976108551025,0.6625186800956726,0.06517893075942993,0,1,3.0,1.0,1.0,gpt_5_nano,gemini_duel,Gemini-duel
2,8,4,5,round002_pair008_i4_A.png,round002_pair008_j5_B.png,4.5,9.0,1,0.85,0.6318207383155823,0.5788500308990479,0.052970707416534424,0,0,-4.5,-1.0,1.0,gpt_5_nano,gemini_duel,Gemini-duel
2,9,4,3,round002_pair009_i4_A.png,round002_pair009_j3_B.png,3.0,9.0,1,0.85,0.5309727191925049,0.7287997007369995,-0.19782698154449463,1,1,-6.0,-1.0,-1.0,gpt_5_nano,gemini_duel,Gemini-duel
2,10,4,3,round002_pair010_i4_A.png,round002_pair010_j3_B.png,8.0,6.0,0,0.66,0.6963170170783997,0.7413548231124878,-0.045037806034088135,1,0,2.0,1.0,-1.0,gpt_5_nano,gemini_duel,Gemini-duel
3,1,4,0,round003_pair001_i4_A.png,round003_pair001_j0_B.png,9.0,5.0,0,0.82,0.6675981283187866,0.6932570338249207,-0.025658905506134033,1,0,4.0,1.0,-1.0,gpt_5_nano,gemini_duel,Gemini-duel
3,2,5,2,round003_pair002_i5_A.png,round003_pair002_j2_B.png,6.5,9.5,1,0.78,0.583023190498352,0.7146031260490417,-0.1315799355506897,1,1,-3.0,-1.0,-1.0,gpt_5_nano,gemini_duel,Gemini-duel
3,3,3,1,round003_pair003_i3_A.png,round003_pair003_j1_B.png,9.0,6.0,0,0.88,0.5759109258651733,0.6527278423309326,-0.07681691646575928,1,0,3.0,1.0,-1.0,gpt_5_nano,gemini_duel,Gemini-duel
3,4,4,1,round003_pair004_i4_A.png,round003_pair004_j1_B.png,6.5,8.3,1,0.7,0.7025644779205322,0.6394819617271423,0.06308251619338989,0,0,-1.8000000000000007,-1.0,1.0,gpt_5_nano,gemini_duel,Gemini-duel
3,5,4,0,round003_pair005_i4_A.png,round003_pair005_j0_B.png,5.5,9.0,1,0.82,0.6697506308555603,0.788792073726654,-0.11904144287109375,1,1,-3.5,-1.0,-1.0,gpt_5_nano,gemini_duel,Gemini-duel
3,6,4,0,round003_pair006_i4_A.png,round003_pair006_j0_B.png,9.0,4.5,0,0.82,0.7139867544174194,0.700802743434906,0.013184010982513428,0,1,4.5,1.0,1.0,gpt_5_nano,gemini_duel,Gemini-duel
3,7,4,1,round003_pair007_i4_A.png,round003_pair007_j1_B.png,9.0,3.0,0,0.85,0.734591007232666,0.6906132698059082,0.04397773742675781,0,1,6.0,1.0,1.0,gpt_5_nano,gemini_duel,Gemini-duel
3,8,4,5,round003_pair008_i4_A.png,round003_pair008_j5_B.png,9.5,5.0,0,0.82,0.6587872505187988,0.7247284650802612,-0.0659412145614624,1,0,4.5,1.0,-1.0,gpt_5_nano,gemini_duel,Gemini-duel
3,9,4,5,round003_pair009_i4_A.png,round003_pair009_j5_B.png,6.5,8.2,1,0.72,0.6804373264312744,0.5754504203796387,0.10498690605163574,0,0,-1.6999999999999993,-1.0,1.0,gpt_5_nano,gemini_duel,Gemini-duel
3,10,4,3,round003_pair010_i4_A.png,round003_pair010_j3_B.png,6.0,9.0,1,0.66,0.5803604125976562,0.5402947664260864,0.040065646171569824,0,0,-3.0,-1.0,1.0,gpt_5_nano,gemini_duel,Gemini-duel
4,1,4,2,round004_pair001_i4_A.png,round004_pair001_j2_B.png,9.0,6.0,0,0.78,0.5769960880279541,0.49828195571899414,0.07871413230895996,0,1,3.0,1.0,1.0,gpt_5_nano,gemini_duel,Gemini-duel
4,2,3,0,round004_pair002_i3_A.png,round004_pair002_j0_B.png,9.0,6.0,0,0.88,0.7200624346733093,0.6312757134437561,0.08878672122955322,0,1,3.0,1.0,1.0,gpt_5_nano,gemini_duel,Gemini-duel
4,3,1,5,round004_pair003_i1_A.png,round004_pair003_j5_B.png,0.82,0.72,0,0.68,0.4646834135055542,0.7660245895385742,-0.30134117603302,1,0,0.09999999999999998,1.0,-1.0,gpt_5_nano,gemini_duel,Gemini-duel
4,4,4,1,round004_pair004_i4_A.png,round004_pair004_j1_B.png,9.0,5.0,0,0.78,0.6221277713775635,0.40745991468429565,0.21466785669326782,0,1,4.0,1.0,1.0,gpt_5_nano,gemini_duel,Gemini-duel
4,5,4,0,round004_pair005_i4_A.png,round004_pair005_j0_B.png,8.5,4.0,0,0.82,0.5870330333709717,0.551998496055603,0.03503453731536865,0,1,4.5,1.0,1.0,gpt_5_nano,gemini_duel,Gemini-duel
4,6,4,1,round004_pair006_i4_A.png,round004_pair006_j1_B.png,0.85,0.55,0,0.78,0.6009982824325562,0.41902628540992737,0.18197199702262878,0,1,0.29999999999999993,1.0,1.0,gpt_5_nano,gemini_duel,Gemini-duel
4,7,4,5,round004_pair007_i4_A.png,round004_pair007_j5_B.png,6.0,8.0,1,0.72,0.4979557394981384,0.7321867346763611,-0.23423099517822266,1,1,-2.0,-1.0,-1.0,gpt_5_nano,gemini_duel,Gemini-duel
4,8,4,3,round004_pair008_i4_A.png,round004_pair008_j3_B.png,7.0,9.0,1,0.78,0.4695042371749878,0.6136310696601868,-0.14412683248519897,1,1,-2.0,-1.0,-1.0,gpt_5_nano,gemini_duel,Gemini-duel
4,9,4,0,round004_pair009_i4_A.png,round004_pair009_j0_B.png,9.0,6.0,0,0.82,0.3932955861091614,0.5253393650054932,-0.1320437788963318,1,0,3.0,1.0,-1.0,gpt_5_nano,gemini_duel,Gemini-duel
4,10,4,1,round004_pair010_i4_A.png,round004_pair010_j1_B.png,0.88,0.4,0,0.83,0.5177983641624451,0.6200768351554871,-0.10227847099304199,1,0,0.48,1.0,-1.0,gpt_5_nano,gemini_duel,Gemini-duel
5,1,4,1,round005_pair001_i4_A.png,round005_pair001_j1_B.png,9.0,4.0,0,0.86,0.5797163844108582,0.5703226327896118,0.009393751621246338,0,1,5.0,1.0,1.0,gpt_5_nano,gemini_duel,Gemini-duel
5,2,0,3,round005_pair002_i0_A.png,round005_pair002_j3_B.png,9.0,6.0,0,0.75,0.6144558191299438,0.6052931547164917,0.009162664413452148,0,1,3.0,1.0,1.0,gpt_5_nano,gemini_duel,Gemini-duel
5,3,2,5,round005_pair003_i2_A.png,round005_pair003_j5_B.png,9.0,6.0,0,0.74,0.4293215870857239,0.5952551364898682,-0.1659335494041443,1,0,3.0,1.0,-1.0,gpt_5_nano,gemini_duel,Gemini-duel
5,4,4,2,round005_pair004_i4_A.png,round005_pair004_j2_B.png,9.0,6.0,0,0.72,0.6879175901412964,0.4655783772468567,0.2223392128944397,0,1,3.0,1.0,1.0,gpt_5_nano,gemini_duel,Gemini-duel
5,5,4,2,round005_pair005_i4_A.png,round005_pair005_j2_B.png,6.8,8.4,1,0.68,0.7588905096054077,0.531996488571167,0.22689402103424072,0,0,-1.6000000000000005,-1.0,1.0,gpt_5_nano,gemini_duel,Gemini-duel
5,6,4,1,round005_pair006_i4_A.png,round005_pair006_j1_B.png,9.0,5.0,0,0.82,0.7578468322753906,0.6184009909629822,0.13944584131240845,0,1,4.0,1.0,1.0,gpt_5_nano,gemini_duel,Gemini-duel
5,7,4,1,round005_pair007_i4_A.png,round005_pair007_j1_B.png,8.5,6.0,0,0.72,0.7144550085067749,0.5145394206047058,0.1999155879020691,0,1,2.5,1.0,1.0,gpt_5_nano,gemini_duel,Gemini-duel
5,8,4,0,round005_pair008_i4_A.png,round005_pair008_j0_B.png,8.0,6.0,0,0.72,0.5415526628494263,0.6200128793716431,-0.0784602165222168,1,0,2.0,1.0,-1.0,gpt_5_nano,gemini_duel,Gemini-duel
5,9,4,2,round005_pair009_i4_A.png,round005_pair009_j2_B.png,9.0,6.0,0,0.82,0.5190295577049255,0.3642507791519165,0.15477877855300903,0,1,3.0,1.0,1.0,gpt_5_nano,gemini_duel,Gemini-duel
5,10,4,5,round005_pair010_i4_A.png,round005_pair010_j5_B.png,6.5,8.5,1,0.72,0.6197898387908936,0.5260054469108582,0.0937843918800354,0,0,-2.0,-1.0,1.0,gpt_5_nano,gemini_duel,Gemini-duel
1,1,3,1,round001_pair001_i3_A.png,round001_pair001_j1_B.png,6.0,9.0,1,0.75,0.6914052963256836,0.6001156568527222,0.09128963947296143,0,0,-3.0,-1.0,1.0,gpt_5_nano,gemini_duel,Gemini-duel
1,2,4,0,round001_pair002_i4_A.png,round001_pair002_j0_B.png,9.0,6.0,0,0.82,0.7634944915771484,0.5098556280136108,0.2536388635635376,0,1,3.0,1.0,1.0,gpt_5_nano,gemini_duel,Gemini-duel
1,3,2,5,round001_pair003_i2_A.png,round001_pair003_j5_B.png,3.0,9.0,1,0.78,0.6554991602897644,0.6815370917320251,-0.026037931442260742,1,1,-6.0,-1.0,-1.0,gpt_5_nano,gemini_duel,Gemini-duel
1,4,3,2,round001_pair004_i3_A.png,round001_pair004_j2_B.png,7.5,8.2,1,0.72,0.5967926979064941,0.6176545023918152,-0.020861804485321045,1,1,-0.6999999999999993,-1.0,-1.0,gpt_5_nano,gemini_duel,Gemini-duel
1,5,3,0,round001_pair005_i3_A.png,round001_pair005_j0_B.png,9.0,6.0,0,0.82,0.5969895720481873,0.5075273513793945,0.08946222066879272,0,1,3.0,1.0,1.0,gpt_5_nano,gemini_duel,Gemini-duel
1,6,3,4,round001_pair006_i3_A.png,round001_pair006_j4_B.png,8.5,4.5,0,0.82,0.595343291759491,0.7456437945365906,-0.1503005027770996,1,0,4.0,1.0,-1.0,gpt_5_nano,gemini_duel,Gemini-duel
1,7,3,1,round001_pair007_i3_A.png,round001_pair007_j1_B.png,9.0,6.0,0,0.85,0.7553736567497253,0.43482840061187744,0.3205452561378479,0,1,3.0,1.0,1.0,gpt_5_nano,gemini_duel,Gemini-duel
1,8,3,5,round001_pair008_i3_A.png,round001_pair008_j5_B.png,5.0,9.0,1,0.72,0.45633989572525024,0.7900125980377197,-0.3336727023124695,1,1,-4.0,-1.0,-1.0,gpt_5_nano,gemini_duel,Gemini-duel
1,9,3,2,round001_pair009_i3_A.png,round001_pair009_j2_B.png,0.58,0.92,1,0.86,0.6442546248435974,0.6294320225715637,0.014822602272033691,0,0,-0.3400000000000001,-1.0,1.0,gpt_5_nano,gemini_duel,Gemini-duel
1,10,3,4,round001_pair010_i3_A.png,round001_pair010_j4_B.png,0.84,0.58,0,0.77,0.7063374519348145,0.6109169721603394,0.0954204797744751,0,1,0.26,1.0,1.0,gpt_5_nano,gemini_duel,Gemini-duel
1,1,3,1,round001_pair001_i3_A.png,round001_pair001_j1_B.png,9.0,6.5,0,0.78,0.3300180435180664,0.23671741783618927,0.09330062568187714,0,1,2.5,1.0,1.0,gpt_5_nano,gemini_duel,Gemini-duel
1,2,4,0,round001_pair002_i4_A.png,round001_pair002_j0_B.png,7.0,9.0,1,0.82,0.4395488500595093,0.11770056933164597,0.3218482807278633,0,0,-2.0,-1.0,1.0,gpt_5_nano,gemini_duel,Gemini-duel
1,3,2,5,round001_pair003_i2_A.png,round001_pair003_j5_B.png,8.2,5.8,0,0.72,0.2324579805135727,0.44025909900665283,-0.20780111849308014,1,0,2.3999999999999995,1.0,-1.0,gpt_5_nano,gemini_duel,Gemini-duel
1,4,3,2,round001_pair004_i3_A.png,round001_pair004_j2_B.png,9.0,7.0,0,0.78,0.2921525239944458,0.26704052090644836,0.025112003087997437,0,1,2.0,1.0,1.0,gpt_5_nano,gemini_duel,Gemini-duel
2,1,4,0,round002_pair001_i4_A.png,round002_pair001_j0_B.png,9.0,6.5,0,0.86,0.3609347641468048,0.3550112843513489,0.005923479795455933,0,1,2.5,1.0,1.0,gpt_5_nano,gemini_duel,Gemini-duel
2,2,3,1,round002_pair002_i3_A.png,round002_pair002_j1_B.png,0.65,0.92,1,0.77,0.3767547309398651,0.24886642396450043,0.12788830697536469,0,0,-0.27,-1.0,1.0,gpt_5_nano,gemini_duel,Gemini-duel
2,3,2,5,round002_pair003_i2_A.png,round002_pair003_j5_B.png,8.5,6.8,0,0.75,0.3109954595565796,0.2008364498615265,0.1101590096950531,0,1,1.7000000000000002,1.0,1.0,gpt_5_nano,gemini_duel,Gemini-duel
2,4,4,0,round002_pair004_i4_A.png,round002_pair004_j0_B.png,9.0,7.0,0,0.8,0.3187445104122162,0.30030080676078796,0.018443703651428223,0,1,2.0,1.0,1.0,gpt_5_nano,gemini_duel,Gemini-duel
1,1,3,1,round001_pair001_i3_A.png,round001_pair001_j1_B.png,85.0,78.0,0,0.78,0.6747725605964661,0.5677925944328308,0.10697996616363525,0,1,7.0,1.0,1.0,gpt_5_nano,qwen_image_fal_duel,Qwen-Image-duel
1,2,4,0,round001_pair002_i4_A.png,round001_pair002_j0_B.png,82.0,88.0,1,0.75,0.5945391058921814,0.7234843969345093,-0.12894529104232788,1,1,-6.0,-1.0,-1.0,gpt_5_nano,qwen_image_fal_duel,Qwen-Image-duel
1,3,2,5,round001_pair003_i2_A.png,round001_pair003_j5_B.png,35.0,92.0,1,0.75,0.7196521759033203,0.6921306848526001,0.027521491050720215,0,0,-57.0,-1.0,1.0,gpt_5_nano,qwen_image_fal_duel,Qwen-Image-duel
1,4,3,2,round001_pair004_i3_A.png,round001_pair004_j2_B.png,72.0,88.0,1,0.72,0.493590772151947,0.7249970436096191,-0.23140627145767212,1,1,-16.0,-1.0,-1.0,gpt_5_nano,qwen_image_fal_duel,Qwen-Image-duel
1,1,3,1,round001_pair001_i3_A.png,round001_pair001_j1_B.png,85.0,60.0,0,0.75,0.6747725605964661,0.5677925944328308,0.10697996616363525,0,1,25.0,1.0,1.0,gpt_5_nano,qwen_image_fal_duel,Qwen-Image-duel
1,2,4,0,round001_pair002_i4_A.png,round001_pair002_j0_B.png,72.0,68.0,0,0.65,0.5945391058921814,0.7234843969345093,-0.12894529104232788,1,0,4.0,1.0,-1.0,gpt_5_nano,qwen_image_fal_duel,Qwen-Image-duel
1,3,2,5,round001_pair003_i2_A.png,round001_pair003_j5_B.png,86.0,62.0,0,0.77,0.7196521759033203,0.6921306848526001,0.027521491050720215,0,1,24.0,1.0,1.0,gpt_5_nano,qwen_image_fal_duel,Qwen-Image-duel
1,4,3,2,round001_pair004_i3_A.png,round001_pair004_j2_B.png,68.0,86.0,1,0.75,0.493590772151947,0.7249970436096191,-0.23140627145767212,1,1,-18.0,-1.0,-1.0,gpt_5_nano,qwen_image_fal_duel,Qwen-Image-duel
2,1,4,0,round002_pair001_i4_A.png,round002_pair001_j0_B.png,58.0,87.0,1,0.72,0.6719417572021484,0.6340358257293701,0.03790593147277832,0,0,-29.0,-1.0,1.0,gpt_5_nano,qwen_image_fal_duel,Qwen-Image-duel
2,2,3,1,round002_pair002_i3_A.png,round002_pair002_j1_B.png,82.0,68.0,0,0.72,0.6242536306381226,0.63295578956604,-0.00870215892791748,1,0,14.0,1.0,-1.0,gpt_5_nano,qwen_image_fal_duel,Qwen-Image-duel
2,3,2,5,round002_pair003_i2_A.png,round002_pair003_j5_B.png,86.0,68.0,0,0.77,0.6208857297897339,0.6502132415771484,-0.02932751178741455,1,0,18.0,1.0,-1.0,gpt_5_nano,qwen_image_fal_duel,Qwen-Image-duel
2,4,4,0,round002_pair004_i4_A.png,round002_pair004_j0_B.png,88.0,72.0,0,0.76,0.6220916509628296,0.7036519050598145,-0.08156025409698486,1,0,16.0,1.0,-1.0,gpt_5_nano,qwen_image_fal_duel,Qwen-Image-duel
2,1,4,0,round002_pair001_i4_A.png,round002_pair001_j0_B.png,62.0,88.0,1,0.78,0.6719417572021484,0.6340358257293701,0.03790593147277832,0,0,-26.0,-1.0,1.0,gpt_5_nano,qwen_image_fal_duel,Qwen-Image-duel
2,2,3,1,round002_pair002_i3_A.png,round002_pair002_j1_B.png,90.0,75.0,0,0.78,0.6242536306381226,0.63295578956604,-0.00870215892791748,1,0,15.0,1.0,-1.0,gpt_5_nano,qwen_image_fal_duel,Qwen-Image-duel
2,3,2,5,round002_pair003_i2_A.png,round002_pair003_j5_B.png,78.0,92.0,1,0.78,0.6208857297897339,0.6502132415771484,-0.02932751178741455,1,1,-14.0,-1.0,-1.0,gpt_5_nano,qwen_image_fal_duel,Qwen-Image-duel
2,4,4,0,round002_pair004_i4_A.png,round002_pair004_j0_B.png,86.0,78.0,0,0.69,0.6220916509628296,0.7036519050598145,-0.08156025409698486,1,0,8.0,1.0,-1.0,gpt_5_nano,qwen_image_fal_duel,Qwen-Image-duel
3,1,4,0,round003_pair001_i4_A.png,round003_pair001_j0_B.png,88.0,60.0,0,0.8,0.6947618126869202,0.6297488212585449,0.06501299142837524,0,1,28.0,1.0,1.0,gpt_5_nano,qwen_image_fal_duel,Qwen-Image-duel
3,2,5,2,round003_pair002_i5_A.png,round003_pair002_j2_B.png,62.0,84.0,1,0.58,0.7022433280944824,0.7438843250274658,-0.0416409969329834,1,1,-22.0,-1.0,-1.0,gpt_5_nano,qwen_image_fal_duel,Qwen-Image-duel
3,3,3,1,round003_pair003_i3_A.png,round003_pair003_j1_B.png,6.000001,6.0,0,0.55,0.7596176266670227,0.7552390694618225,0.004378557205200195,0,1,1.000000000139778e-06,1.0,1.0,gpt_5_nano,qwen_image_fal_duel,Qwen-Image-duel
3,4,4,1,round003_pair004_i4_A.png,round003_pair004_j1_B.png,82.0,68.0,0,0.72,0.6221451163291931,0.7666914463043213,-0.14454632997512817,1,0,14.0,1.0,-1.0,gpt_5_nano,qwen_image_fal_duel,Qwen-Image-duel
4,1,4,2,round004_pair001_i4_A.png,round004_pair001_j2_B.png,78.0,65.0,0,0.64,0.6578140258789062,0.6298246383666992,0.02798938751220703,0,1,13.0,1.0,1.0,gpt_5_nano,qwen_image_fal_duel,Qwen-Image-duel
4,2,3,0,round004_pair002_i3_A.png,round004_pair002_j0_B.png,82.0,66.0,0,0.68,0.6351137161254883,0.5702911615371704,0.06482255458831787,0,1,16.0,1.0,1.0,gpt_5_nano,qwen_image_fal_duel,Qwen-Image-duel
4,3,1,5,round004_pair003_i1_A.png,round004_pair003_j5_B.png,90.0,60.0,0,0.82,0.634987473487854,0.7889536619186401,-0.15396618843078613,1,0,30.0,1.0,-1.0,gpt_5_nano,qwen_image_fal_duel,Qwen-Image-duel
4,4,4,1,round004_pair004_i4_A.png,round004_pair004_j1_B.png,70.0,90.0,1,0.72,0.7759264707565308,0.49040645360946655,0.2855200171470642,0,0,-20.0,-1.0,1.0,gpt_5_nano,qwen_image_fal_duel,Qwen-Image-duel
5,1,4,1,round005_pair001_i4_A.png,round005_pair001_j1_B.png,68.0,88.0,1,0.74,0.6703426241874695,0.6436337828636169,0.02670884132385254,0,0,-20.0,-1.0,1.0,gpt_5_nano,qwen_image_fal_duel,Qwen-Image-duel
5,2,0,3,round005_pair002_i0_A.png,round005_pair002_j3_B.png,62.0,88.0,1,0.78,0.7418928146362305,0.6748431921005249,0.06704962253570557,0,0,-26.0,-1.0,1.0,gpt_5_nano,qwen_image_fal_duel,Qwen-Image-duel
5,3,2,5,round005_pair003_i2_A.png,round005_pair003_j5_B.png,72.0,86.0,1,0.7,0.7906252145767212,0.7036607265472412,0.08696448802947998,0,0,-14.0,-1.0,1.0,gpt_5_nano,qwen_image_fal_duel,Qwen-Image-duel
5,4,4,2,round005_pair004_i4_A.png,round005_pair004_j2_B.png,70.0,85.0,1,0.68,0.7876566648483276,0.7789949178695679,0.008661746978759766,0,0,-15.0,-1.0,1.0,gpt_5_nano,qwen_image_fal_duel,Qwen-Image-duel
1,1,3,1,round001_pair001_i3_A.png,round001_pair001_j1_B.png,6.0,9.0,1,0.72,0.6747725605964661,0.5677925944328308,0.10697996616363525,0,0,-3.0,-1.0,1.0,gpt_5_nano,qwen_image_fal_duel,Qwen-Image-duel
1,2,4,0,round001_pair002_i4_A.png,round001_pair002_j0_B.png,8.0,5.0,0,0.78,0.5945391058921814,0.7234843969345093,-0.12894529104232788,1,0,3.0,1.0,-1.0,gpt_5_nano,qwen_image_fal_duel,Qwen-Image-duel
1,3,2,5,round001_pair003_i2_A.png,round001_pair003_j5_B.png,0.65,0.92,1,0.82,0.7196521759033203,0.6921306848526001,0.027521491050720215,0,0,-0.27,-1.0,1.0,gpt_5_nano,qwen_image_fal_duel,Qwen-Image-duel
1,4,3,2,round001_pair004_i3_A.png,round001_pair004_j2_B.png,8.5,5.0,0,0.76,0.493590772151947,0.7249970436096191,-0.23140627145767212,1,0,3.5,1.0,-1.0,gpt_5_nano,qwen_image_fal_duel,Qwen-Image-duel
1,5,3,0,round001_pair005_i3_A.png,round001_pair005_j0_B.png,8.5,6.0,0,0.75,0.5903671979904175,0.7092595100402832,-0.11889231204986572,1,0,2.5,1.0,-1.0,gpt_5_nano,qwen_image_fal_duel,Qwen-Image-duel
1,6,3,4,round001_pair006_i3_A.png,round001_pair006_j4_B.png,6.0,9.0,1,0.8,0.3761894702911377,0.5704852342605591,-0.1942957639694214,1,1,-3.0,-1.0,-1.0,gpt_5_nano,qwen_image_fal_duel,Qwen-Image-duel
1,7,3,1,round001_pair007_i3_A.png,round001_pair007_j1_B.png,8.0,6.0,0,0.72,0.5311684608459473,0.6372721791267395,-0.10610371828079224,1,0,2.0,1.0,-1.0,gpt_5_nano,qwen_image_fal_duel,Qwen-Image-duel
1,8,3,5,round001_pair008_i3_A.png,round001_pair008_j5_B.png,8.0,6.0,0,0.72,0.5352920293807983,0.6715513467788696,-0.1362593173980713,1,0,2.0,1.0,-1.0,gpt_5_nano,qwen_image_fal_duel,Qwen-Image-duel
1,9,3,2,round001_pair009_i3_A.png,round001_pair009_j2_B.png,8.0,6.5,0,0.72,0.5408099293708801,0.7082751393318176,-0.1674652099609375,1,0,1.5,1.0,-1.0,gpt_5_nano,qwen_image_fal_duel,Qwen-Image-duel
1,10,3,4,round001_pair010_i3_A.png,round001_pair010_j4_B.png,8.0,6.0,0,0.72,0.594415545463562,0.553919792175293,0.04049575328826904,0,1,2.0,1.0,1.0,gpt_5_nano,qwen_image_fal_duel,Qwen-Image-duel
2,1,4,0,round002_pair001_i4_A.png,round002_pair001_j0_B.png,6.0,8.5,1,0.72,0.6719417572021484,0.6340358257293701,0.03790593147277832,0,0,-2.5,-1.0,1.0,gpt_5_nano,qwen_image_fal_duel,Qwen-Image-duel
2,2,3,1,round002_pair002_i3_A.png,round002_pair002_j1_B.png,9.0,5.5,0,0.85,0.6242536306381226,0.63295578956604,-0.00870215892791748,1,0,3.5,1.0,-1.0,gpt_5_nano,qwen_image_fal_duel,Qwen-Image-duel
2,3,2,5,round002_pair003_i2_A.png,round002_pair003_j5_B.png,6.0,8.5,1,0.72,0.6208857297897339,0.6502132415771484,-0.02932751178741455,1,1,-2.5,-1.0,-1.0,gpt_5_nano,qwen_image_fal_duel,Qwen-Image-duel
2,4,4,0,round002_pair004_i4_A.png,round002_pair004_j0_B.png,9.0,6.5,0,0.78,0.6220916509628296,0.7036519050598145,-0.08156025409698486,1,0,2.5,1.0,-1.0,gpt_5_nano,qwen_image_fal_duel,Qwen-Image-duel
2,5,4,1,round002_pair005_i4_A.png,round002_pair005_j1_B.png,6.0,9.0,1,0.76,0.6301174759864807,0.6454215049743652,-0.015304028987884521,1,1,-3.0,-1.0,-1.0,gpt_5_nano,qwen_image_fal_duel,Qwen-Image-duel
2,6,4,2,round002_pair006_i4_A.png,round002_pair006_j2_B.png,9.0,4.5,0,0.85,0.7160926461219788,0.671335756778717,0.04475688934326172,0,1,4.5,1.0,1.0,gpt_5_nano,qwen_image_fal_duel,Qwen-Image-duel
2,7,4,3,round002_pair007_i4_A.png,round002_pair007_j3_B.png,9.0,6.0,0,0.78,0.6306983232498169,0.4313708245754242,0.1993274986743927,0,1,3.0,1.0,1.0,gpt_5_nano,qwen_image_fal_duel,Qwen-Image-duel
2,8,4,5,round002_pair008_i4_A.png,round002_pair008_j5_B.png,6.0,8.0,1,0.73,0.7082805633544922,0.6032803058624268,0.10500025749206543,0,0,-2.0,-1.0,1.0,gpt_5_nano,qwen_image_fal_duel,Qwen-Image-duel
2,9,4,3,round002_pair009_i4_A.png,round002_pair009_j3_B.png,6.2,8.9,1,0.78,0.7303686141967773,0.6459344625473022,0.0844341516494751,0,0,-2.7,-1.0,1.0,gpt_5_nano,qwen_image_fal_duel,Qwen-Image-duel
2,10,4,3,round002_pair010_i4_A.png,round002_pair010_j3_B.png,7.0,8.0,1,0.62,0.6364274024963379,0.6113716959953308,0.02505570650100708,0,0,-1.0,-1.0,1.0,gpt_5_nano,qwen_image_fal_duel,Qwen-Image-duel
3,1,4,0,round003_pair001_i4_A.png,round003_pair001_j0_B.png,8.7,6.5,0,0.75,0.6947618126869202,0.6297488212585449,0.06501299142837524,0,1,2.1999999999999993,1.0,1.0,gpt_5_nano,qwen_image_fal_duel,Qwen-Image-duel
3,2,5,2,round003_pair002_i5_A.png,round003_pair002_j2_B.png,0.9,0.25,0,0.75,0.7022433280944824,0.7438843250274658,-0.0416409969329834,1,0,0.65,1.0,-1.0,gpt_5_nano,qwen_image_fal_duel,Qwen-Image-duel
3,3,3,1,round003_pair003_i3_A.png,round003_pair003_j1_B.png,7.5,8.5,1,0.66,0.7596176266670227,0.7552390694618225,0.004378557205200195,0,0,-1.0,-1.0,1.0,gpt_5_nano,qwen_image_fal_duel,Qwen-Image-duel
3,4,4,1,round003_pair004_i4_A.png,round003_pair004_j1_B.png,6.5,8.0,1,0.68,0.6221451163291931,0.7666914463043213,-0.14454632997512817,1,1,-1.5,-1.0,-1.0,gpt_5_nano,qwen_image_fal_duel,Qwen-Image-duel
3,5,4,0,round003_pair005_i4_A.png,round003_pair005_j0_B.png,8.5,7.0,0,0.72,0.6439735889434814,0.6322661638259888,0.011707425117492676,0,1,1.5,1.0,1.0,gpt_5_nano,qwen_image_fal_duel,Qwen-Image-duel
3,6,4,0,round003_pair006_i4_A.png,round003_pair006_j0_B.png,6.0,9.0,1,0.82,0.6008501052856445,0.5542944073677063,0.04655569791793823,0,0,-3.0,-1.0,1.0,gpt_5_nano,qwen_image_fal_duel,Qwen-Image-duel
3,7,4,1,round003_pair007_i4_A.png,round003_pair007_j1_B.png,6.0,9.0,1,0.72,0.6842386722564697,0.6417784690856934,0.04246020317077637,0,0,-3.0,-1.0,1.0,gpt_5_nano,qwen_image_fal_duel,Qwen-Image-duel
3,8,4,5,round003_pair008_i4_A.png,round003_pair008_j5_B.png,8.0,6.0,0,0.66,0.720849335193634,0.7513034343719482,-0.03045409917831421,1,0,2.0,1.0,-1.0,gpt_5_nano,qwen_image_fal_duel,Qwen-Image-duel
3,9,4,5,round003_pair009_i4_A.png,round003_pair009_j5_B.png,9.0,7.0,0,0.8,0.7770604491233826,0.6960172653198242,0.08104318380355835,0,1,2.0,1.0,1.0,gpt_5_nano,qwen_image_fal_duel,Qwen-Image-duel
3,10,4,3,round003_pair010_i4_A.png,round003_pair010_j3_B.png,8.0,6.0,0,0.72,0.6039639711380005,0.6300124526023865,-0.026048481464385986,1,0,2.0,1.0,-1.0,gpt_5_nano,qwen_image_fal_duel,Qwen-Image-duel
4,1,4,2,round004_pair001_i4_A.png,round004_pair001_j2_B.png,8.5,5.5,0,0.78,0.6578140258789062,0.6298246383666992,0.02798938751220703,0,1,3.0,1.0,1.0,gpt_5_nano,qwen_image_fal_duel,Qwen-Image-duel
4,2,3,0,round004_pair002_i3_A.png,round004_pair002_j0_B.png,9.0,6.5,0,0.75,0.6351137161254883,0.5702911615371704,0.06482255458831787,0,1,2.5,1.0,1.0,gpt_5_nano,qwen_image_fal_duel,Qwen-Image-duel
4,3,1,5,round004_pair003_i1_A.png,round004_pair003_j5_B.png,4.0,9.0,1,0.82,0.634987473487854,0.7889536619186401,-0.15396618843078613,1,1,-5.0,-1.0,-1.0,gpt_5_nano,qwen_image_fal_duel,Qwen-Image-duel
4,4,4,1,round004_pair004_i4_A.png,round004_pair004_j1_B.png,9.0,7.0,0,0.78,0.7759264707565308,0.49040645360946655,0.2855200171470642,0,1,2.0,1.0,1.0,gpt_5_nano,qwen_image_fal_duel,Qwen-Image-duel
4,5,4,0,round004_pair005_i4_A.png,round004_pair005_j0_B.png,9.0,6.0,0,0.76,0.6920839548110962,0.5076387524604797,0.18444520235061646,0,1,3.0,1.0,1.0,gpt_5_nano,qwen_image_fal_duel,Qwen-Image-duel
4,6,4,1,round004_pair006_i4_A.png,round004_pair006_j1_B.png,9.0,6.0,0,0.78,0.7482495307922363,0.7383744716644287,0.009875059127807617,0,1,3.0,1.0,1.0,gpt_5_nano,qwen_image_fal_duel,Qwen-Image-duel
4,7,4,5,round004_pair007_i4_A.png,round004_pair007_j5_B.png,9.0,5.5,0,0.78,0.7432091236114502,0.7187927961349487,0.024416327476501465,0,1,3.5,1.0,1.0,gpt_5_nano,qwen_image_fal_duel,Qwen-Image-duel
4,8,4,3,round004_pair008_i4_A.png,round004_pair008_j3_B.png,9.0,5.5,0,0.85,0.7526148557662964,0.6138981580734253,0.1387166976928711,0,1,3.5,1.0,1.0,gpt_5_nano,qwen_image_fal_duel,Qwen-Image-duel
4,9,4,0,round004_pair009_i4_A.png,round004_pair009_j0_B.png,9.0,6.0,0,0.72,0.6853107213973999,0.64113450050354,0.04417622089385986,0,1,3.0,1.0,1.0,gpt_5_nano,qwen_image_fal_duel,Qwen-Image-duel
4,10,4,1,round004_pair010_i4_A.png,round004_pair010_j1_B.png,0.45,0.9,1,0.78,0.8064579963684082,0.5648826360702515,0.24157536029815674,0,0,-0.45,-1.0,1.0,gpt_5_nano,qwen_image_fal_duel,Qwen-Image-duel
5,1,4,1,round005_pair001_i4_A.png,round005_pair001_j1_B.png,8.0,6.0,0,0.62,0.6703426241874695,0.6436337828636169,0.02670884132385254,0,1,2.0,1.0,1.0,gpt_5_nano,qwen_image_fal_duel,Qwen-Image-duel
5,2,0,3,round005_pair002_i0_A.png,round005_pair002_j3_B.png,6.0,9.0,1,0.78,0.7418928146362305,0.6748431921005249,0.06704962253570557,0,0,-3.0,-1.0,1.0,gpt_5_nano,qwen_image_fal_duel,Qwen-Image-duel
5,3,2,5,round005_pair003_i2_A.png,round005_pair003_j5_B.png,5.0,9.0,1,0.68,0.7906252145767212,0.7036607265472412,0.08696448802947998,0,0,-4.0,-1.0,1.0,gpt_5_nano,qwen_image_fal_duel,Qwen-Image-duel
5,4,4,2,round005_pair004_i4_A.png,round005_pair004_j2_B.png,8.5,6.2,0,0.82,0.7876566648483276,0.7789949178695679,0.008661746978759766,0,1,2.3,1.0,1.0,gpt_5_nano,qwen_image_fal_duel,Qwen-Image-duel
5,5,4,2,round005_pair005_i4_A.png,round005_pair005_j2_B.png,9.0,6.0,0,0.75,0.6700749397277832,0.6044557690620422,0.06561917066574097,0,1,3.0,1.0,1.0,gpt_5_nano,qwen_image_fal_duel,Qwen-Image-duel
5,6,4,1,round005_pair006_i4_A.png,round005_pair006_j1_B.png,6.5,8.5,1,0.72,0.6122642159461975,0.6519502401351929,-0.03968602418899536,1,1,-2.0,-1.0,-1.0,gpt_5_nano,qwen_image_fal_duel,Qwen-Image-duel
5,7,4,1,round005_pair007_i4_A.png,round005_pair007_j1_B.png,6.5,9.0,1,0.72,0.6683256030082703,0.5899404287338257,0.07838517427444458,0,0,-2.5,-1.0,1.0,gpt_5_nano,qwen_image_fal_duel,Qwen-Image-duel
5,8,4,0,round005_pair008_i4_A.png,round005_pair008_j0_B.png,9.0,6.0,0,0.78,0.6434253454208374,0.6903172731399536,-0.04689192771911621,1,0,3.0,1.0,-1.0,gpt_5_nano,qwen_image_fal_duel,Qwen-Image-duel
5,9,4,2,round005_pair009_i4_A.png,round005_pair009_j2_B.png,7.0,9.0,1,0.78,0.7295921444892883,0.7183161973953247,0.011275947093963623,0,0,-2.0,-1.0,1.0,gpt_5_nano,qwen_image_fal_duel,Qwen-Image-duel
5,10,4,5,round005_pair010_i4_A.png,round005_pair010_j5_B.png,8.7,5.6,0,0.8,0.619929313659668,0.6492791771888733,-0.029349863529205322,1,0,3.0999999999999996,1.0,-1.0,gpt_5_nano,qwen_image_fal_duel,Qwen-Image-duel
